economy,economycode,wpid_random,wgt,female,age,educ,inc_q,emp_in,urbanicity_f2f,account,account_fin,account_mob,fin1_1a,fin1_1b,fin2,fin4,fin4a,fin5,fin6,fin7,fin8,fin8a,fin8b,fin9,fin9a,fin10,fin10a,fin10b,fin11_1,fin11a,fin11b,fin11c,fin11d,fin11e,fin11f,fin11g,fin11h,fin13_1a,fin13_1b,fin13_1c,fin13_1d,fin13_1e,fin13_1f,fin13a,fin13b,fin13c,fin13d,fin14_1,fin14_2,fin14_2_China,fin14a,fin14a1,fin14b,fin14c,fin14c_2,fin14c_2_China,fin16,fin17a,fin17a1,fin17b,fin20,fin22a,fin22b,fin22c,fin24,fin24a,fin24b,fin26,fin27_1,fin27c1,fin27c2,fin28,fin29_1,fin29c1,fin29c2,fin30,fin31a,fin31b,fin31b1,fin31b1_China,fin31c,fin32,fin33,fin34a,fin34b,fin34d,fin34e,fin35,fin37,fin38,fin39a,fin39b,fin39d,fin39e,fin42,fin42a,fin43a,fin43b,fin43d,fin43e,fin44a,fin44b,fin44c,fin44d,fin45,fin45_1,fin45_1_China,saved,borrowed,receive_wages,receive_transfers,receive_pension,receive_agriculture,pay_utilities,remittances,mobileowner,internetaccess,anydigpayment,merchantpay_dig
Ghana,GHA,191902703,0.307415978,2,34,3,5,1,2,1,1,1,2,2,1,2,,1,1,1,2,,4,1,1,1,1,1,,,,,,,,,,,,,,,,1,1,2,1,2,,,2,1,2,,,,1,1,2,2,2,2,2,,1,3,3,1,1,,,1,1,,,1,2,2,,,1,1,1,1,2,,,2,2,2,,,,,2,,,,,,3,3,3,3,,1,,1,0,1,4,4,4,2,1,1,1,1,0
Ghana,GHA,143682454,0.91811577,2,52,2,3,1,1,1,1,1,1,2,2,,,2,2,2,,,,1,2,2,,1,,,,,,,,,,,,,,,,1,1,2,1,2,,,2,1,2,,,,2,2,2,2,2,2,1,,2,1,1,2,,,,1,1,,,1,2,2,,,1,1,2,1,2,,,2,2,2,,,,,1,1,2,2,1,,1,1,1,1,4,1,,0,1,1,4,4,2,2,1,1,2,1,0
Ghana,GHA,140671614,1.610794869,1,15,2,3,1,1,1,1,0,2,2,2,,,2,2,2,,,,1,1,2,,1,,,,,,,,,,,,,,,,,,,,2,,,2,1,2,,,,2,2,2,1,2,1,2,2,2,2,1,1,1,,,2,,,,1,2,2,,,1,2,,,,,,,2,2,,,,,2,,,,,,1,1,1,1,1,1,,1,1,4,4,4,4,2,1,1,2,1,0
Ghana,GHA,191621240,1.146848532,1,19,2,4,1,1,1,1,0,,,2,,,,,,,,,,,,,,,1,2,2,2,2,2,1,2,1,2,2,2,1,2,,,,,2,,,2,2,2,,,,1,2,,1,2,2,2,2,1,3,2,1,2,1,2,1,2,1,2,2,,,,,,2,,,,,,,2,2,,,,,1,1,1,2,,,1,1,1,1,2,1,,1,0,4,4,4,1,4,3,1,1,1,0
Ghana,GHA,141873417,0.537499274,1,29,2,3,2,2,1,1,0,2,2,2,,,2,2,2,,,,2,,2,,2,,,,,,,,,,2,2,2,2,2,2,,,,,1,1,,2,1,2,,,,1,2,,1,2,2,2,2,4,1,1,2,,,,2,,,,1,2,2,,,1,2,,,,,,,2,2,,,,,2,,,,,,1,1,1,1,4,1,,1,1,4,4,4,4,2,5,1,1,1,1
Ghana,GHA,114633359,0.411026697,2,33,2,4,1,1,0,0,0,,,2,,,,,,,,,,,,,,2,2,3,2,2,2,1,2,2,2,3,2,1,2,1,,,,,2,,,2,2,2,,,,2,2,,2,2,2,1,,7,,,2,,,,2,,,,2,,,,,,2,,,,,,,2,2,,,,,1,1,2,2,1,,2,1,2,4,2,1,,0,1,4,4,4,2,4,5,2,2,0,0
Ghana,GHA,197208835,0.747042533,2,28,2,4,1,2,1,1,1,1,2,1,2,,2,2,2,,,,1,2,1,1,1,,,,,,,,,,,,,,,,1,1,2,1,1,2,,2,1,1,1,2,,2,1,1,2,2,2,2,,1,3,2,1,1,,,1,1,,,2,,,,,,2,,,,,,,2,2,,,,,2,,,,,,1,2,2,3,2,1,,1,1,4,4,4,4,4,1,1,1,1,1
Ghana,GHA,146875274,2.271752288,2,67,2,2,2,1,0,0,0,,,2,,,,,,,,,,,,,,2,2,2,2,2,2,1,2,2,2,2,2,1,1,2,,,,,2,,,2,2,2,,,,2,2,,2,2,2,1,,5,1,1,2,,,,2,,,,1,2,2,,,1,2,,,,,,,2,2,,,,,1,1,2,2,1,,1,1,1,1,4,1,,0,1,4,4,4,2,2,5,1,2,0,0
Ghana,GHA,120588024,0.540030251,2,36,1,1,1,1,0,0,0,,,2,,,,,,,,,,,,,,1,2,3,2,2,2,1,2,1,2,2,1,2,2,2,,,,,2,,,2,2,2,,,,2,2,,2,2,1,2,,3,1,1,1,1,,,1,1,,,1,2,2,,,1,1,2,2,2,1,,,2,2,,,,,1,1,2,2,1,,1,1,2,1,1,1,,0,1,2,4,4,2,2,1,1,2,0,0
Ghana,GHA,208075448,0.390113131,1,29,2,5,1,2,0,0,0,,,2,,,,,,,,,,,,,,1,2,2,2,1,1,1,2,2,2,2,2,1,1,2,,,,,2,,,2,2,2,,,,2,2,,2,2,2,2,,4,1,2,2,,,,2,,,,2,,,,,,2,,,,,,,2,2,,,,,2,,,,,,1,1,1,1,1,1,,0,0,4,4,4,4,4,5,1,2,0,0
Ghana,GHA,128349755,2.198387435,1,65,1,1,1,2,0,0,0,,,2,,,,,,,,,,,,,,1,2,2,2,2,2,1,2,2,2,2,2,2,1,2,,,,,2,,,2,2,2,,,,2,2,,2,2,2,2,,7,,,2,,,,2,,,,1,2,2,,,1,2,,,,,,,2,2,,,,,2,,,,,,1,1,1,3,3,1,,0,0,4,4,4,4,2,5,1,2,0,0
Ghana,GHA,145440885,0.928762304,1,22,2,2,2,2,1,1,1,1,2,2,,,2,1,2,,,,1,2,2,,1,,,,,,,,,,,,,,,,1,1,2,1,1,2,,2,1,2,,,,2,1,1,2,2,2,2,,2,2,1,1,1,,,1,1,,,1,2,2,,,1,1,2,1,1,,,2,2,2,,,,,2,,,,,,3,1,1,1,3,1,,1,0,1,4,4,4,2,1,1,1,1,1
Ghana,GHA,122073285,0.761473112,1,30,1,3,1,1,0,0,0,,,2,,,,,,,,,,,,,,2,1,2,2,1,2,1,2,2,1,2,2,1,2,2,,,,,2,,,2,2,2,,,,1,2,,1,2,2,2,2,3,2,1,2,,,,2,,,,2,,,,,,2,,,,,,,2,2,,,,,1,3,2,2,1,,1,1,2,1,2,2,,1,0,4,4,4,2,4,5,2,2,0,0
Ghana,GHA,185372939,0.403132033,2,33,2,5,1,2,1,1,1,2,2,2,,,2,2,2,,,,1,2,1,2,2,,,,,,,,,,,,,,,,1,1,2,1,1,1,,2,1,2,,,,2,1,1,2,2,2,2,,3,2,2,1,1,,,1,1,,,1,2,2,,,1,2,,,,,,,2,2,,,,,2,,,,,,1,1,1,2,2,1,,1,0,4,4,4,4,2,1,1,1,1,1
Ghana,GHA,186815519,1.363838871,1,16,2,3,2,2,0,0,0,,,2,,,,,,,,,,,,,,2,2,2,1,2,2,1,2,2,2,2,1,2,2,2,,,,,2,,,2,2,2,,,,2,2,,2,2,2,1,,2,2,1,2,,,,1,2,1,1,2,,,,,,2,,,,,,,2,2,,,,,2,,,,,,2,4,4,4,,1,,1,1,4,4,4,4,4,2,1,1,0,0
Ghana,GHA,153857905,0.372439904,1,30,2,3,1,2,1,1,1,2,2,2,,,1,2,2,,,,1,1,1,2,1,,,,,,,,,,,,,,,,1,2,2,1,2,,,2,2,2,,,,2,2,2,1,2,2,1,2,4,3,3,2,,,,1,1,,,1,2,2,,,1,1,2,2,2,1,,,2,2,,,,,2,,,,,,1,1,1,3,2,1,,1,1,2,4,4,4,2,1,1,2,1,0
Ghana,GHA,137922844,0.43375522,2,36,2,3,1,2,1,0,1,,,2,,,,,,,,,,,,,,,2,2,2,2,2,1,2,2,,,,,,,1,1,2,1,2,,,2,1,2,,,,2,2,1,2,2,2,2,,3,1,4,1,1,,,1,1,,,2,,,,,,1,2,2,2,1,,,2,2,,,,,2,,,,,,3,2,3,3,,2,,1,0,2,4,4,4,4,1,1,1,1,0
Ghana,GHA,137233831,1.103330005,1,19,2,3,1,2,0,0,0,,,2,,,,,,,,,,,,,,1,2,2,2,2,2,2,2,2,2,2,2,1,2,2,,,,,2,,,2,2,2,,,,2,2,,2,2,2,1,,7,,,2,,,,1,2,1,2,2,,,,,,2,,,,,,,2,1,2,2,2,2,2,,,,,,1,2,2,1,2,1,,0,1,4,4,3,4,4,3,2,2,0,0
Ghana,GHA,143815115,0.925736402,2,43,3,5,1,2,1,1,1,1,1,1,2,,2,1,2,,,,1,1,1,1,1,,,,,,,,,,,,,,,,1,2,2,1,1,2,,2,1,1,2,1,,2,1,2,1,1,2,1,1,1,3,2,1,1,,,1,1,,,1,1,1,2,,,1,1,1,2,,,1,2,2,,,,,2,,,,,,1,1,3,2,1,1,,1,1,1,4,4,4,1,1,1,1,1,1
Ghana,GHA,183837298,0.382659638,1,29,1,3,2,2,1,0,1,,,2,,,,,,,,,,,,,,,2,2,2,2,2,1,2,2,,,,,,,1,1,2,1,2,,,2,2,2,,,,2,2,2,2,2,2,2,,7,,,1,2,1,1,1,2,1,1,1,2,2,,,1,2,,,,,,,2,2,,,,,2,,,,,,3,3,2,2,4,2,,0,0,4,4,4,4,2,2,1,2,1,0
Ghana,GHA,209586481,0.825162869,2,35,2,3,1,2,1,1,1,,,2,,,,,,,,,,,,,,,2,2,2,2,2,1,2,2,,,,,,,1,1,2,1,2,,,2,1,2,,,,2,2,1,1,2,2,2,2,2,1,1,1,1,,,1,1,,,1,2,1,1,,,2,,,,,,,1,2,2,2,2,1,2,,,,,,1,2,1,1,4,1,,1,0,4,1,4,4,1,1,1,1,1,0
Ghana,GHA,117922957,0.483539216,1,35,2,5,1,2,1,1,1,2,2,1,2,,1,1,2,,,,1,1,1,2,1,,,,,,,,,,,,,,,,1,1,2,1,2,,,2,1,1,2,1,,1,1,1,2,2,2,1,,1,3,3,1,1,,,1,1,,,1,2,2,,,1,2,,,,,,,2,2,,,,,2,,,,,,1,1,2,1,2,1,,1,1,4,4,4,4,2,1,1,1,1,0
Ghana,GHA,145390979,0.7823679,1,30,1,2,1,1,1,1,1,2,2,2,,,2,2,2,,,,1,1,1,1,1,,,,,,,,,,,,,,,,1,1,2,2,2,,,2,2,2,,,,2,1,1,1,2,1,2,2,1,3,2,2,,,,1,1,,,1,2,2,,,1,2,,,,,,,1,2,2,1,,,1,2,2,2,1,,1,1,1,1,4,1,,1,1,4,1,4,2,2,1,1,2,1,0
Ghana,GHA,129332512,0.306325514,1,30,2,5,1,2,1,1,1,,,1,1,1,1,1,2,,,,2,,1,1,1,,,,,,,,,,,,,,,,1,1,1,2,2,2,,1,1,2,,,,4,2,2,2,2,2,2,,2,2,2,1,1,,,1,1,,,1,1,1,2,,,2,,,,,,,2,4,,,,,4,,,,,,6,6,2,2,4,2,,0,1,4,4,5,5,1,1,1,1,1,1
Ghana,GHA,185915187,1.61491482,1,22,1,1,2,1,0,0,0,,,2,,,,,,,,,,,,,,2,1,1,1,2,2,2,2,2,1,2,2,2,3,2,,,,,2,,,2,2,2,,,,2,2,,2,2,2,1,,2,1,3,2,,,,2,,,,2,,,,,,2,,,,,,,2,2,,,,,1,1,2,2,1,,2,2,1,2,4,3,,0,1,4,4,4,2,4,5,2,2,0,0
Ghana,GHA,122408098,1.158000883,2,86,2,4,2,2,1,1,0,2,2,2,,,2,2,2,,,,2,,2,,1,,,,,,,,,,2,2,2,2,2,2,,,,,2,,,2,2,2,,,,1,1,,2,2,2,2,,4,2,2,2,,,,1,1,,,1,2,2,,,1,2,,,,,,,2,2,,,,,1,1,2,2,1,,3,3,3,4,,2,,1,0,4,4,4,2,2,1,1,2,1,0
Ghana,GHA,188558076,1.439635609,2,18,2,4,1,2,1,1,1,1,2,2,,,1,2,2,,,,1,2,1,1,1,,,,,,,,,,,,,,,,1,1,1,1,1,2,,2,1,1,3,2,,2,1,1,2,2,2,1,,1,2,1,1,1,,,1,1,,,1,2,2,,,1,1,2,2,1,,,2,2,2,,,,,2,,,,,,1,1,1,1,2,1,,1,1,1,4,4,4,2,1,1,1,1,1
Ghana,GHA,117018414,1.393143457,1,15,1,2,2,2,0,0,0,,,2,,,,,,,,,,,,,,1,2,2,1,2,2,1,1,1,2,2,1,1,2,1,,,,,2,,,2,2,2,,,,2,2,,2,2,2,2,,2,1,1,2,,,,2,,,,2,,,,,,2,,,,,,,1,2,2,2,2,2,2,,,,,,1,1,2,1,2,2,,1,0,4,3,4,4,4,5,2,1,0,0
Ghana,GHA,147436167,1.418089712,2,45,1,4,1,1,0,0,0,,,2,,,,,,,,,,,,,,2,2,2,2,2,2,1,2,2,2,2,2,2,2,2,,,,,2,,,2,2,2,,,,1,2,,2,2,2,2,,2,1,1,2,,,,2,,,,2,,,,,,2,,,,,,,2,2,,,,,1,1,2,2,1,,2,2,4,2,2,1,,1,0,4,4,4,2,4,5,1,2,0,0
Ghana,GHA,122801338,0.566167866,2,25,2,3,1,1,1,0,1,,,2,,,,,,,,,,,,,,,1,2,2,1,2,1,2,2,,,,,,,1,1,1,1,2,,,2,2,2,,,,2,2,2,2,2,2,2,,2,1,1,2,,,,2,,,,2,,,,,,1,2,2,2,1,,,2,2,,,,,2,,,,,,1,1,2,3,1,1,,0,1,2,4,4,4,4,5,1,2,1,0
Ghana,GHA,173598645,0.780226261,1,28,2,5,1,2,1,1,1,2,2,1,2,,1,1,2,,,,1,2,1,2,1,,,,,,,,,,,,,,,,1,2,2,1,2,,,2,1,2,,,,1,1,2,2,2,2,2,,1,3,2,1,1,,,1,1,,,2,,,,,,2,,,,,,,2,2,,,,,2,,,,,,2,1,1,4,2,1,,1,0,4,4,4,4,4,1,1,1,1,0
Ghana,GHA,160500984,1.68723121,1,18,2,3,2,2,1,0,1,,,2,,,,,,,,,,,,,,,2,2,2,2,2,1,1,2,,,,,,,1,1,2,1,2,,,2,2,2,,,,2,2,1,2,2,2,1,,2,2,2,1,1,,,1,1,,,2,,,,,,2,,,,,,,2,2,,,,,2,,,,,,1,1,1,1,4,1,,1,1,4,4,4,4,4,1,1,1,1,0
Ghana,GHA,137301597,0.975852641,1,18,2,3,2,2,0,0,0,,,2,,,,,,,,,,,,,,1,2,2,2,2,2,1,2,1,,,,,,,,,,,2,,,2,2,2,,,,2,2,2,2,2,2,2,,2,1,1,2,,,,1,1,,,2,,,,,,2,,,,,,,2,2,,,,,2,,,,,,3,3,3,3,,3,,0,0,4,4,4,4,4,1,1,1,0,0
Ghana,GHA,122090863,1.589711028,2,46,2,5,1,2,1,1,1,1,2,2,,,1,2,2,,,,1,1,2,,1,,,,,,,,,,,,,,,,1,1,1,1,2,,,2,1,2,,,,1,1,1,2,2,1,1,,1,3,3,1,1,,,1,1,,,1,2,2,,,1,2,,,,,,,2,2,,,,,2,,,,,,1,1,2,1,2,1,,1,1,4,4,4,4,2,1,1,1,1,0
Ghana,GHA,145523493,0.800577705,2,35,1,1,1,1,1,0,1,,,2,,,,,,,,,,,,,,,1,2,2,1,2,1,2,2,,,,,,,2,1,2,1,2,,,2,1,2,,,,2,2,1,2,2,2,2,,7,,,2,,,,2,,,,1,2,2,,,1,2,,,,,,,2,2,,,,,1,1,2,2,1,,1,1,1,1,1,1,,1,0,4,4,4,2,2,5,1,2,1,0
Ghana,GHA,164956376,2.521097565,2,30,1,2,1,1,0,0,0,,,2,,,,,,,,,,,,,,2,1,1,1,2,2,1,1,2,2,2,1,1,2,2,,,,,2,,,2,2,2,,,,1,2,,2,2,2,1,,2,1,1,1,2,1,2,1,2,1,2,2,,,,,,2,,,,,,,2,2,,,,,1,3,2,2,1,,1,1,2,1,2,1,,1,1,4,4,4,2,4,3,1,2,0,0
Ghana,GHA,133160397,0.43467683,2,24,2,1,2,2,1,1,1,2,2,1,2,,1,1,2,,,,1,2,1,2,1,,,,,,,,,,,,,,,,1,1,1,1,2,,,2,1,1,3,1,,2,2,2,2,2,2,2,,2,3,3,2,,,,1,1,,,2,,,,,,2,,,,,,,2,2,,,,,2,,,,,,1,1,1,1,4,1,,1,1,4,4,4,4,4,1,1,1,1,1
Ghana,GHA,135095310,0.795505682,1,32,2,3,1,1,0,0,0,,,2,,,,,,,,,,,,,,2,2,2,2,2,2,1,2,2,2,2,2,2,2,2,,,,,2,,,2,1,2,,,,1,2,,2,2,2,2,,2,3,3,1,1,,,1,2,1,2,1,2,2,,,1,1,2,2,2,1,,,2,2,,,,,1,1,2,2,1,,3,3,3,3,,3,,1,0,2,4,4,2,2,1,1,2,0,0
Ghana,GHA,152591546,2.985075059,1,48,1,4,1,1,1,0,1,,,2,,,,,,,,,,,,,,,1,2,2,2,2,2,2,2,,,,,,,1,1,1,1,2,,,1,2,2,,,,1,2,1,2,1,2,1,,3,2,2,1,2,1,1,2,,,,1,2,2,,,1,1,2,2,2,1,,,2,2,,,,,1,1,2,2,1,,2,2,2,2,1,2,,1,1,2,4,4,2,2,2,1,1,1,0
Ghana,GHA,120994846,0.531345335,2,19,2,4,2,2,1,1,1,2,2,2,,,2,2,2,,,,2,,2,,1,,,,,,,,,,,,,,,,1,1,2,2,2,,,2,2,2,,,,1,2,1,2,2,2,1,,2,1,1,2,,,,2,,,,2,,,,,,2,,,,,,,2,2,,,,,2,,,,,,2,2,3,1,4,2,,1,1,4,4,4,4,4,5,1,1,1,0
Ghana,GHA,193405401,0.839001231,1,36,2,3,1,2,1,0,1,,,2,,,,,,,,,,,,,,,2,2,2,2,2,2,2,2,,,,,,,1,2,1,1,2,,,2,1,2,,,,2,2,2,2,2,2,1,,2,1,1,1,1,,,1,1,,,1,2,2,,,1,2,,,,,,,2,2,,,,,2,,,,,,1,1,1,1,2,2,,1,1,4,4,4,4,2,1,1,2,1,0
Ghana,GHA,177162053,1.103330005,1,23,2,4,2,1,1,1,1,2,2,2,,,2,2,2,,,,2,,2,,1,,,,,,,,,,,,,,,,1,1,1,1,2,,,2,1,2,,,,1,1,2,2,2,2,2,,4,3,3,2,,,,1,1,,,1,2,2,,,1,1,2,2,2,1,,,2,2,,,,,2,,,,,,1,1,1,1,2,1,,1,1,2,4,4,4,2,1,1,1,1,0
Ghana,GHA,205994235,0.46307165,2,19,2,1,2,2,0,0,0,,,2,,,,,,,,,,,,,,2,2,2,2,2,2,1,2,2,2,2,2,2,2,1,,,,,2,,,2,2,2,,,,2,2,,2,1,2,1,,2,1,1,2,,,,2,,,,1,2,2,,,1,2,,,,,,,2,2,,,,,1,1,2,2,1,,2,1,2,1,4,1,,0,1,4,4,4,2,2,5,2,2,0,0
Ghana,GHA,173010153,1.439635609,2,17,2,1,1,2,1,1,1,,,2,,,,,,,,,,,,,,,2,2,2,2,2,1,2,2,,,,,,,1,1,2,1,1,2,,2,1,1,3,1,,2,2,1,2,2,2,1,,2,1,1,1,1,,,1,1,,,1,2,2,,,1,2,,,,,,,1,2,2,2,2,1,2,,,,,,2,1,1,2,4,1,,1,1,4,1,4,4,2,1,1,1,1,1
Ghana,GHA,171620673,0.665730638,2,27,2,3,1,2,1,1,1,1,1,1,2,,1,2,2,,,,1,2,1,2,1,,,,,,,,,,,,,,,,1,1,1,1,1,1,,2,1,2,,,,1,1,1,2,2,2,1,,1,3,3,1,1,,,1,1,,,2,,,,,,1,1,1,1,,,2,2,2,,,,,2,,,,,,1,1,1,1,1,1,,1,1,1,4,4,4,4,1,1,1,1,1
Ghana,GHA,115117286,0.307415978,2,30,2,5,1,2,1,1,1,2,2,1,2,,1,1,2,,,,1,1,1,1,1,,,,,,,,,,,,,,,,1,1,2,1,2,,,2,1,2,,,,1,1,1,2,2,2,2,,1,3,2,1,1,,,1,1,,,1,2,2,,,1,1,1,1,2,,,2,2,2,,,,,2,,,,,,3,3,3,3,,1,,1,0,1,4,4,4,2,1,1,1,1,0
Ghana,GHA,210653056,0.635174246,2,32,2,5,1,1,1,1,1,1,1,1,2,,1,2,2,,,,1,1,1,2,1,,,,,,,,,,,,,,,,1,1,2,2,2,,,2,1,2,,,,1,1,1,2,2,2,2,,1,3,3,1,1,,,1,1,,,2,,,,,,1,1,1,2,,,2,2,2,,,,,2,,,,,,1,1,1,1,3,1,,1,0,1,4,4,4,4,1,1,1,1,0
Ghana,GHA,179607518,0.411026697,2,28,2,5,1,2,1,1,1,2,2,1,2,,1,1,2,,,,1,1,1,1,1,,,,,,,,,,,,,,,,1,1,2,1,2,,,2,1,2,,,,1,1,1,2,2,2,2,,8,,,1,1,,,1,1,,,1,2,2,,,1,1,2,2,2,1,,,2,2,,,,,2,,,,,,3,3,3,3,,1,,1,0,2,4,4,4,2,1,1,1,1,0
Ghana,GHA,132597550,0.671194824,1,46,2,2,1,1,0,0,0,,,2,,,,,,,,,,,,,,2,2,2,2,1,2,1,2,2,,,,,,,,,,,2,,,2,1,2,,,,2,1,2,2,2,2,2,,7,,,2,,,,1,1,,,1,2,2,,,1,2,,,,,,,2,2,,,,,2,,,,,,1,1,1,1,4,1,,1,1,4,4,4,4,2,1,1,2,0,0
Ghana,GHA,177858322,1.157560193,2,30,1,3,1,1,1,1,0,2,2,2,,,2,2,2,,,,2,,2,,2,,,,,,,,,,2,1,2,1,1,2,,,,,2,,,2,2,2,,,,2,2,,2,2,1,2,,6,1,1,2,,,,2,,,,2,,,,,,2,,,,,,,2,2,,,,,2,,,,,,1,1,1,1,4,1,,1,1,4,4,4,4,4,5,1,2,0,0
Ghana,GHA,162196598,1.6371775,2,19,1,2,1,2,0,0,0,,,2,,,,,,,,,,,,,,2,2,2,2,1,2,1,2,2,2,2,2,1,1,2,,,,,2,,,2,2,2,,,,2,2,,2,2,2,2,,2,1,1,2,,,,2,,,,1,2,2,,,1,2,,,,,,,2,2,,,,,2,,,,,,1,1,1,1,1,2,,0,0,4,4,4,4,2,5,1,2,0,0
Ghana,GHA,166106733,1.977243081,1,42,1,3,1,2,0,0,0,,,2,,,,,,,,,,,,,,3,2,2,2,3,2,2,2,2,2,2,2,2,2,2,,,,,2,,,1,2,2,,,,2,2,,2,2,2,2,,8,,,2,,,,1,1,,,2,,,,,,2,,,,,,,2,2,,,,,2,,,,,,1,1,2,3,2,1,,0,0,4,4,4,4,4,1,2,2,0,0
Ghana,GHA,157178489,2.965864621,1,38,1,3,1,2,1,0,1,,,2,,,,,,,,,,,,,,,2,2,1,2,2,2,1,2,,,,,,,1,1,2,1,2,,,2,1,2,,,,2,2,1,2,2,2,1,,2,2,2,1,1,,,1,1,,,2,,,,,,2,,,,,,,2,2,,,,,2,,,,,,1,1,1,1,2,1,,1,1,4,4,4,4,4,1,1,2,1,0
Ghana,GHA,176987732,0.625036842,1,27,1,4,1,1,0,0,0,,,2,,,,,,,,,,,,,,2,1,1,2,2,2,2,2,1,2,2,2,1,2,2,,,,,2,,,2,2,2,,,,2,2,,2,2,2,2,,3,1,1,1,2,1,2,2,,,,2,,,,,,2,,,,,,,2,2,,,,,1,1,2,2,1,,1,1,1,1,1,1,,0,1,4,4,4,2,4,3,1,2,0,0
Ghana,GHA,161567320,0.558100385,1,25,1,4,1,2,1,0,1,,,2,,,,,,,,,,,,,,,2,2,1,2,2,1,2,2,,,,,,,1,1,2,1,2,,,2,2,2,,,,2,2,1,1,2,1,2,2,3,2,2,1,1,,,1,1,,,2,,,,,,2,,,,,,,2,2,,,,,2,,,,,,1,1,1,1,4,1,,1,1,4,4,4,4,4,1,1,1,1,0
Ghana,GHA,122913485,1.26640224,1,50,2,3,1,1,1,1,1,1,2,1,2,,1,1,2,,,,1,2,2,,1,,,,,,,,,,,,,,,,1,2,1,1,2,,,2,1,2,,,,2,2,2,2,1,1,1,,4,2,2,1,1,,,1,1,,,1,2,2,,,1,1,1,1,2,,,2,2,2,,,,,2,,,,,,2,2,3,2,2,2,,0,1,1,4,4,4,2,1,1,1,1,0
Ghana,GHA,151723306,0.980258295,2,37,2,2,1,2,1,0,1,,,2,,,,,,,,,,,,,,,2,2,2,2,2,1,2,2,,,,,,,2,1,2,1,2,,,2,1,2,,,,2,2,2,2,2,2,2,,7,,,1,1,,,1,1,,,1,2,2,,,1,2,,,,,,,2,2,,,,,2,,,,,,1,1,1,1,1,1,,0,0,4,4,4,4,2,1,1,2,1,0
Ghana,GHA,203811467,0.798514739,1,40,2,3,1,2,1,0,1,,,2,,,,,,,,,,,,,,,2,2,1,1,2,2,2,2,,,,,,,1,1,1,1,2,,,2,1,2,,,,2,2,1,2,2,2,2,,7,,,1,1,,,1,1,,,2,,,,,,2,,,,,,,2,2,,,,,2,,,,,,2,1,1,2,3,1,,1,1,4,4,4,4,4,1,1,1,1,0
Ghana,GHA,150472105,0.617157601,2,38,3,4,1,2,1,1,1,1,2,1,2,,1,1,2,,,,1,2,1,2,1,,,,,,,,,,,,,,,,1,1,2,1,2,,,2,1,2,,,,1,1,1,2,2,2,1,,1,3,3,1,1,,,1,1,,,1,2,2,,,1,1,1,1,2,,,2,1,2,2,2,2,1,2,,,,,,1,1,3,2,2,1,,1,1,1,1,4,4,2,1,1,1,1,0
Ghana,GHA,171142194,0.981361043,2,24,1,3,1,2,1,1,1,2,2,2,,,2,2,2,,,,2,,1,2,1,,,,,,,,,,,,,,,,1,1,1,1,2,,,2,1,2,,,,1,1,2,1,2,2,1,2,1,2,1,1,1,,,1,1,,,1,2,2,,,1,1,2,2,2,1,,,2,2,,,,,1,1,2,2,1,,2,1,2,4,2,1,,1,1,2,4,4,2,2,1,1,2,1,0
Ghana,GHA,206286634,1.237744304,2,35,2,2,1,2,1,1,1,1,2,1,2,,1,2,1,1,2,2,1,1,1,2,1,,,,,,,,,,,,,,,,1,1,2,1,2,,,1,1,2,,,,2,1,1,1,2,2,1,2,1,3,2,1,1,,,1,1,,,1,2,1,2,,,2,,,,,,,2,2,,,,,2,,,,,,1,2,1,2,1,2,,1,1,4,4,4,4,1,1,1,1,1,0
Ghana,GHA,148164580,0.562410403,1,20,2,1,2,2,0,0,0,,,2,,,,,,,,,,,,,,1,2,2,2,2,2,2,2,2,2,2,2,2,2,2,,,,,2,,,2,1,2,,,,2,2,,2,2,2,2,,2,2,2,2,,,,2,,,,2,,,,,,2,,,,,,,2,2,,,,,2,,,,,,1,1,1,1,4,1,,0,0,4,4,4,4,4,5,1,1,0,0
Ghana,GHA,154151163,3.474002649,2,67,2,4,1,2,1,1,1,2,2,1,2,,2,2,2,,,,1,1,1,1,1,,,,,,,,,,,,,,,,1,1,2,2,2,,,2,1,2,,,,1,1,2,2,2,2,2,,1,3,3,1,1,,,1,1,,,1,2,2,,,1,2,,,,,,,2,2,,,,,1,1,2,1,,,1,1,1,1,2,1,,1,1,4,4,4,1,2,1,1,1,1,0
Ghana,GHA,114461108,1.393143457,1,18,2,3,2,2,1,1,1,,,1,2,,1,2,2,,,,2,,2,,2,,,,,,,,,,,,,,,,1,1,2,1,1,2,,2,1,1,3,2,,2,2,1,2,2,2,1,,2,2,2,1,1,,,1,1,,,2,,,,,,2,,,,,,,2,2,,,,,2,,,,,,2,1,2,1,4,1,,1,1,4,4,4,4,4,1,1,1,1,1
Ghana,GHA,152405056,2.404723585,1,60,2,3,1,2,1,1,0,2,2,2,,,2,2,2,,,,1,1,1,2,2,,,,,,,,,,2,2,1,1,2,2,,,,,2,,,2,2,2,,,,2,2,,2,2,2,2,,3,3,3,2,,,,2,,,,1,2,2,,,1,2,,,,,,,2,2,,,,,2,,,,,,3,3,3,3,,3,,0,0,4,4,4,4,2,5,1,2,0,0
Ghana,GHA,188919782,0.570075234,2,21,2,5,1,1,1,0,1,,,2,,,,,,,,,,,,,,,2,2,1,2,2,2,2,2,,,,,,,1,1,2,1,1,2,,1,1,2,,,,2,2,1,2,2,2,1,,1,3,1,1,1,,,2,,,,1,2,2,,,1,1,2,2,1,,,1,2,2,,,,,2,,,,,,1,1,1,1,4,1,,1,1,1,4,4,4,2,1,1,1,1,1
Ghana,GHA,181901674,0.403132033,2,34,2,5,1,2,1,1,1,2,2,1,2,,2,1,2,,,,1,2,1,2,1,,,,,,,,,,,,,,,,1,2,1,1,1,1,,2,1,1,2,1,,1,1,2,2,2,2,2,,1,3,2,1,1,,,1,1,,,1,1,1,2,,,2,,,,,,,2,2,,,,,2,,,,,,1,1,2,3,2,1,,1,1,4,4,4,4,1,1,1,1,1,1
Ghana,GHA,184094636,0.560713012,2,23,2,2,1,1,1,0,1,,,2,,,,,,,,,,,,,,,1,2,1,2,2,1,2,2,,,,,,,1,1,1,1,2,,,2,1,2,,,,1,2,1,2,2,2,1,,4,3,1,1,1,,,1,1,,,2,,,,,,2,,,,,,,2,2,,,,,1,1,2,2,1,,1,1,4,4,2,1,,1,1,4,4,4,2,4,1,1,1,1,0
Ghana,GHA,177203251,0.464487152,1,24,1,1,2,2,0,0,0,,,2,,,,,,,,,,,,,,1,2,2,1,2,2,2,2,2,,,,,,,,,,,2,,,2,1,2,,,,2,1,2,2,1,2,1,,2,1,1,1,1,,,2,,,,2,,,,,,2,,,,,,,2,2,,,,,2,,,,,,1,1,1,4,3,1,,1,1,4,4,4,4,4,1,2,2,0,0
Ghana,GHA,202792012,1.157560193,2,25,1,1,2,1,0,0,0,,,2,,,,,,,,,,,,,,2,2,2,2,2,2,1,2,2,2,2,2,2,2,2,,,,,2,,,2,2,2,,,,2,2,,2,2,2,2,,2,3,3,2,,,,2,,,,2,,,,,,2,,,,,,,2,2,,,,,2,,,,,,1,1,2,1,2,1,,0,0,4,4,4,4,4,5,1,2,0,0
Ghana,GHA,188553266,0.306325514,2,28,3,3,2,2,1,1,1,2,2,1,2,,1,2,2,,,,1,1,1,1,1,,,,,,,,,,,,,,,,1,1,1,1,2,,,2,1,1,1,1,,2,2,1,2,1,2,1,,2,1,1,1,1,,,1,1,,,2,,,,,,2,,,,,,,2,2,,,,,2,,,,,,1,1,1,1,4,1,,1,1,4,4,4,4,4,1,1,1,1,1
Ghana,GHA,160031687,1.197772108,1,38,2,5,1,2,1,1,1,2,2,2,,,1,1,2,,,,1,1,1,1,1,,,,,,,,,,,,,,,,1,1,2,1,1,2,,2,1,1,3,2,,1,1,1,2,2,2,1,,1,3,2,1,1,,,1,1,,,1,2,2,,,1,2,,,,,,,2,2,,,,,2,,,,,,1,1,2,1,2,1,,1,1,4,4,4,4,2,1,1,1,1,1
Ghana,GHA,202908503,0.470819223,2,48,3,5,1,1,1,1,1,1,2,2,,,2,1,2,,,,1,2,1,2,2,,,,,,,,,,,,,,,,1,1,1,1,2,,,1,1,2,,,,1,2,1,2,2,1,2,,4,3,2,1,1,,,2,,,,1,2,2,,,1,1,2,1,2,,,1,2,2,,,,,1,2,2,2,1,,1,1,2,1,1,1,,1,1,1,4,4,2,2,1,1,2,1,0
Ghana,GHA,154810387,1.085210255,1,20,2,1,2,1,0,0,0,,,2,,,,,,,,,,,,,,1,2,2,2,2,2,1,2,2,2,2,1,1,2,2,,,,,2,,,2,2,2,,,,2,2,,2,2,2,1,,7,,,2,,,,2,,,,2,,,,,,2,,,,,,,2,2,,,,,2,,,,,,2,2,1,2,4,1,,0,1,4,4,4,4,4,5,1,2,0,0
Ghana,GHA,142553831,1.041962873,1,20,2,4,1,2,1,1,0,1,2,1,2,,2,2,2,,,,1,2,1,2,1,,,,,,,,,,2,2,2,2,1,2,,,,,2,,,2,2,2,,,,2,1,,1,2,2,2,2,2,3,3,1,1,,,1,1,,,1,2,2,,,1,1,2,1,2,,,2,2,2,,,,,2,,,,,,1,1,1,2,3,1,,1,0,1,4,4,4,2,1,1,1,1,0
Ghana,GHA,208293315,0.464381152,1,17,2,3,1,2,1,1,1,,,2,,,,,,,,,,,,,,,2,2,2,2,2,1,1,2,,,,,,,1,1,2,1,2,,,1,1,2,,,,2,2,1,2,2,2,1,,2,2,2,1,1,,,1,1,,,1,2,1,2,,,2,,,,,,,1,2,2,2,2,1,2,,,,,,3,1,2,1,4,1,,1,1,4,1,4,4,1,1,1,1,1,0
Ghana,GHA,192598909,1.197772108,1,41,2,3,1,2,1,1,1,1,2,1,2,,1,1,2,,,,1,1,1,1,1,,,,,,,,,,,,,,,,1,1,2,1,1,2,,1,1,1,3,1,,1,1,1,1,1,1,1,2,1,3,2,1,1,,,1,1,,,1,2,1,2,,,2,,,,,,,2,2,,,,,2,,,,,,1,1,1,2,3,1,,1,1,4,4,4,4,1,1,1,1,1,1
Ghana,GHA,172337868,0.338447624,1,28,2,1,1,2,1,0,1,,,2,,,,,,,,,,,,,,,2,1,2,1,2,2,2,2,,,,,,,1,1,2,1,2,,,2,1,2,,,,2,2,1,2,2,2,2,,2,3,3,2,,,,2,,,,2,,,,,,2,,,,,,,2,2,,,,,2,,,,,,1,1,3,2,2,3,,1,0,4,4,4,4,4,5,1,1,1,0
Ghana,GHA,142970418,2.121253246,2,45,1,3,1,2,1,0,1,,,2,,,,,,,,,,,,,,,2,2,2,2,2,1,2,2,,,,,,,2,2,2,2,2,,,2,2,2,,,,2,2,2,2,2,2,1,,4,1,1,1,1,,,1,1,,,1,2,2,,,1,1,2,2,1,,,2,2,2,,,,,1,1,2,1,,,1,1,2,2,2,1,,0,1,1,4,4,1,2,1,1,2,1,0
Ghana,GHA,166913633,0.614661682,1,31,3,4,1,1,1,1,1,1,1,1,2,,2,1,2,,,,1,2,1,1,1,,,,,,,,,,,,,,,,1,1,2,1,2,,,2,1,2,,,,1,1,2,2,2,2,2,,1,3,3,1,1,,,2,,,,1,2,2,,,1,1,1,1,2,,,2,2,2,,,,,2,,,,,,3,2,2,2,2,3,,1,0,1,4,4,4,2,1,1,1,1,0
Ghana,GHA,166756002,0.306325514,1,30,2,5,1,2,1,1,1,1,2,1,2,,2,2,2,,,,1,2,1,4,1,,,,,,,,,,,,,,,,1,1,2,1,1,2,,2,1,1,1,2,,1,1,1,2,2,2,2,,1,3,2,1,1,,,1,1,,,2,,,,,,1,2,1,2,,,2,2,2,,,,,2,,,,,,2,2,3,3,1,1,,1,0,1,4,4,4,4,1,1,1,1,1
Ghana,GHA,145744492,0.744879807,1,26,1,3,2,2,0,0,0,,,2,,,,,,,,,,,,,,2,2,2,2,2,2,2,2,2,2,2,2,2,2,2,,,,,2,,,2,2,2,,,,2,2,,1,2,2,2,2,1,2,1,2,,,,1,1,,,1,2,2,,,1,2,,,,,,,2,2,,,,,1,1,2,2,1,,2,1,3,3,2,1,,1,0,4,4,4,2,2,1,1,2,0,0
Ghana,GHA,171619335,0.514185862,1,23,2,4,1,2,1,1,1,2,2,2,,,2,2,2,,,,1,1,1,1,1,,,,,,,,,,,,,,,,1,1,2,1,2,,,1,1,2,,,,2,2,1,1,2,2,2,2,1,2,1,2,,,,1,1,,,1,2,2,,,1,2,,,,,,,2,2,,,,,2,,,,,,1,1,1,1,1,1,,1,1,4,4,4,4,2,1,1,1,1,0
Ghana,GHA,125243667,0.610470101,2,24,3,3,1,1,1,0,1,,,2,,,,,,,,,,,,,,,1,2,2,2,2,1,2,2,,,,,,,1,1,2,1,1,2,,2,1,2,,,,1,2,1,1,2,2,2,1,1,3,3,1,1,,,1,1,,,2,,,,,,2,,,,,,,2,2,,,,,1,1,2,2,1,,1,1,1,1,2,1,,1,1,4,4,4,2,4,1,1,1,1,1
Ghana,GHA,166250650,1.174698405,2,43,2,1,1,1,0,0,0,,,2,,,,,,,,,,,,,,2,2,1,1,2,2,1,2,2,2,2,2,1,2,2,,,,,2,,,2,2,2,,,,2,2,,2,1,2,1,,2,1,1,2,,,,1,2,1,2,2,,,,,,2,,,,,,,2,2,,,,,1,1,2,2,1,,1,1,1,4,3,1,,0,1,4,4,4,2,4,3,1,2,0,0
Ghana,GHA,131426103,1.439635609,2,20,2,4,1,2,1,1,1,1,2,2,,,1,1,2,,,,1,1,1,2,1,,,,,,,,,,,,,,,,1,1,2,1,2,,,1,1,1,3,1,,2,1,1,2,2,2,1,,1,2,2,1,1,,,1,1,,,1,2,2,,,1,1,2,2,2,1,,,2,2,,,,,2,,,,,,1,1,2,2,2,1,,1,1,2,4,4,4,2,1,1,1,1,1
Ghana,GHA,199907296,0.821825731,1,28,2,2,1,1,0,0,0,,,2,,,,,,,,,,,,,,1,1,1,2,1,2,1,1,1,,,,,,,,,,,2,,,2,2,2,,,,2,2,1,2,2,2,1,,7,,,1,2,2,1,1,1,,,1,2,2,,,1,2,,,,,,,2,2,,,,,1,1,2,2,1,,1,1,1,1,4,3,,1,1,4,4,4,2,2,1,1,2,0,0
Ghana,GHA,164600348,3.768735686,1,55,1,1,2,1,0,0,0,,,2,,,,,,,,,,,,,,1,2,2,2,2,2,1,2,2,2,2,2,1,2,2,,,,,2,,,2,2,2,,,,2,2,,2,2,2,2,,7,,,2,,,,2,,,,2,,,,,,2,,,,,,,2,2,,,,,2,,,,,,1,1,4,2,4,1,,0,0,4,4,4,4,4,5,1,2,0,0
Ghana,GHA,203487822,0.806264067,2,32,2,5,1,2,1,1,1,2,2,1,2,,2,1,2,,,,1,1,1,1,1,,,,,,,,,,,,,,,,1,1,2,1,2,,,1,1,2,,,,1,1,1,2,2,2,2,,3,2,1,1,1,,,1,1,,,1,2,2,,,1,1,2,1,1,,,2,2,2,,,,,2,,,,,,1,1,1,1,3,2,,1,1,1,4,4,4,2,1,1,1,1,0
Ghana,GHA,139819519,0.448117034,1,21,2,2,1,2,1,1,1,1,2,2,,,1,1,2,,,,1,1,1,1,1,,,,,,,,,,,,,,,,1,1,2,1,2,,,2,1,2,,,,2,2,1,2,2,2,2,,3,1,1,2,,,,2,,,,2,,,,,,2,,,,,,,2,2,,,,,2,,,,,,2,1,3,1,4,1,,1,0,4,4,4,4,4,5,1,1,1,0
Ghana,GHA,129142606,0.482079863,2,37,2,3,1,1,1,0,1,,,2,,,,,,,,,,,,,,,2,2,2,1,2,2,2,2,,,,,,,1,1,2,1,2,,,2,1,2,,,,1,2,1,2,2,2,1,,2,1,1,1,1,,,2,,,,2,,,,,,2,,,,,,,2,2,,,,,2,,,,,,1,1,1,1,3,2,,1,1,4,4,4,4,4,1,1,2,1,0
Ghana,GHA,194327294,0.395429802,2,29,2,5,1,2,1,1,1,2,2,1,2,,2,2,2,,,,1,2,2,,1,,,,,,,,,,,,,,,,1,1,2,1,2,,,1,1,2,,,,2,1,2,2,2,2,1,,3,3,3,1,1,,,2,,,,1,2,1,1,,,1,2,2,2,1,,,2,2,,,,,2,,,,,,3,2,3,3,,2,,1,1,2,4,4,4,1,1,1,1,1,0
Ghana,GHA,183407796,0.969732959,1,39,1,3,1,2,0,0,0,,,2,,,,,,,,,,,,,,2,2,2,2,2,2,2,2,2,2,2,2,1,2,2,,,,,2,,,2,2,2,,,,2,2,,2,2,2,2,,7,,,2,,,,1,2,1,2,1,2,2,,,1,2,,,,,,,2,2,,,,,2,,,,,,1,1,1,1,2,1,,0,0,4,4,4,4,2,3,1,2,0,0
Ghana,GHA,165874332,2.861421735,1,40,1,4,1,2,1,0,1,,,2,,,,,,,,,,,,,,,2,1,2,1,2,1,2,2,,,,,,,1,2,2,2,2,,,2,2,2,,,,2,2,1,1,2,2,1,1,2,2,1,1,2,1,2,1,1,,,1,2,2,,,1,2,,,,,,,2,2,,,,,1,2,2,2,1,,1,2,1,1,2,1,,1,1,4,4,4,2,2,1,1,2,1,0
Ghana,GHA,116539403,2.268841129,2,21,1,4,1,1,0,0,0,,,2,,,,,,,,,,,,,,2,2,2,2,2,2,2,1,2,2,2,2,1,2,1,,,,,2,,,2,2,2,,,,2,2,,2,2,2,2,,3,1,1,2,,,,2,,,,2,,,,,,2,,,,,,,2,2,,,,,2,,,,,,1,1,1,1,1,1,,1,0,4,4,4,4,4,5,2,2,0,0
Ghana,GHA,147435418,1.594036006,2,18,2,1,2,2,1,0,1,,,2,,,,,,,,,,,,,,,2,1,3,3,2,1,1,2,,,,,,,2,1,2,1,2,,,2,2,2,,,,2,2,2,2,2,2,2,,7,,,2,,,,2,,,,2,,,,,,2,,,,,,,2,2,,,,,2,,,,,,5,5,3,3,,3,,0,0,4,4,4,4,4,5,1,2,1,0
Ghana,GHA,150302384,1.188980117,2,49,3,2,1,2,1,1,1,1,2,2,,,1,2,2,,,,2,,2,,2,,,,,,,,,,,,,,,,2,1,2,1,1,1,,2,1,2,,,,2,2,1,2,2,2,2,,2,3,3,1,1,,,1,1,,,1,2,2,,,1,2,,,,,,,2,2,,,,,2,,,,,,1,1,1,1,4,1,,1,0,4,4,4,4,2,1,1,1,1,1
Ghana,GHA,156209784,1.82552853,1,75,1,2,1,2,1,1,1,2,2,2,,,2,1,2,,,,1,2,1,2,1,,,,,,,,,,,,,,,,1,1,2,2,2,,,2,2,2,,,,2,1,1,1,1,2,1,1,1,1,1,1,2,1,1,1,1,,,2,,,,,,2,,,,,,,2,2,,,,,2,,,,,,1,1,3,1,4,1,,1,1,4,4,4,4,4,1,1,1,1,0
Ghana,GHA,197805150,3.250990312,2,53,1,2,1,2,1,1,1,2,2,2,,,1,2,2,,,,1,2,3,,1,,,,,,,,,,,,,,,,1,1,2,2,2,,,2,2,2,,,,1,1,2,2,2,2,2,,1,3,3,1,1,,,2,,,,2,,,,,,2,,,,,,,2,2,,,,,2,,,,,,3,4,3,4,,1,,1,0,4,4,4,4,4,1,1,2,1,0
Ghana,GHA,138670639,1.166807231,2,26,2,2,1,2,1,0,1,,,2,,,,,,,,,,,,,,,2,2,2,2,2,2,2,1,,,,,,,2,1,2,1,2,,,2,1,2,,,,2,2,1,2,2,2,2,,2,1,4,1,1,,,1,1,,,2,,,,,,2,,,,,,,2,2,,,,,2,,,,,,2,1,1,2,3,1,,1,0,4,4,4,4,4,1,1,1,1,0
Ghana,GHA,151653501,1.743537694,2,21,2,4,1,2,1,0,1,,,2,,,,,,,,,,,,,,,2,2,2,2,2,2,2,2,,,,,,,1,1,2,1,2,,,2,1,2,,,,1,2,1,2,2,2,2,,1,3,1,1,1,,,1,1,,,2,,,,,,1,2,2,2,1,,,2,2,,,,,2,,,,,,3,3,3,3,,1,,1,0,2,4,4,4,4,1,1,1,1,0
Ghana,GHA,126520418,1.005229356,2,69,2,5,1,2,1,0,1,,,2,,,,,,,,,,,,,,,2,2,2,2,2,1,2,2,,,,,,,2,2,2,2,2,,,2,2,2,,,,2,2,2,2,2,2,2,,7,,,2,,,,1,1,,,2,,,,,,2,,,,,,,2,2,,,,,1,1,2,2,1,,1,1,1,4,2,1,,0,0,4,4,4,2,4,1,1,2,1,0
Ghana,GHA,193072944,1.862323531,2,15,1,1,2,1,0,0,0,,,2,,,,,,,,,,,,,,2,2,2,2,2,2,2,2,2,2,2,2,2,2,2,,,,,2,,,2,2,2,,,,2,2,,2,2,2,2,,7,,,2,,,,2,,,,2,,,,,,2,,,,,,,2,2,,,,,2,,,,,,3,3,3,3,,3,,0,0,4,4,4,4,4,5,1,1,0,0
Ghana,GHA,162398739,1.589711028,2,45,2,4,1,2,1,1,1,1,2,1,2,,1,1,2,,,,1,1,1,1,1,,,,,,,,,,,,,,,,1,1,1,1,1,2,,2,1,1,1,2,,1,1,2,2,2,2,1,,2,1,1,1,1,,,1,1,,,1,2,2,,,1,1,1,1,2,,,2,1,2,1,2,,,2,,,,,,1,1,1,1,2,1,,1,1,1,1,4,4,2,1,1,1,1,1
Ghana,GHA,119606216,0.583548516,1,27,3,4,1,2,1,1,1,1,2,1,2,,1,1,2,,,,1,2,1,1,1,,,,,,,,,,,,,,,,1,2,2,1,2,,,2,1,2,,,,2,1,2,2,2,2,1,,1,3,3,1,1,,,1,1,,,2,,,,,,1,1,1,2,,,3,2,2,,,,,2,,,,,,1,1,1,1,2,1,,1,1,1,4,4,4,4,1,1,1,1,0
Ghana,GHA,168104414,0.665730638,2,29,2,4,1,2,1,1,1,1,2,2,,,1,1,2,,,,1,2,1,1,1,,,,,,,,,,,,,,,,1,1,1,1,2,,,2,1,1,3,2,,2,1,1,2,2,2,1,,1,3,2,1,1,,,1,1,,,1,2,2,,,1,1,2,1,2,,,2,1,2,2,2,2,1,2,,,,,,1,1,1,1,2,1,,1,1,1,1,4,4,2,1,1,1,1,1
Ghana,GHA,133875626,0.397752841,1,30,1,4,2,2,0,0,0,,,2,,,,,,,,,,,,,,2,2,2,2,2,2,2,2,2,2,2,2,2,2,2,,,,,3,,,2,2,2,,,,2,2,,2,2,2,2,,6,2,1,2,,,,2,,,,1,2,2,,,1,2,,,,,,,2,2,,,,,2,,,,,,2,2,2,2,2,1,,0,0,4,4,4,4,2,5,1,2,0,0
Ghana,GHA,131436613,0.350878174,2,35,2,5,1,1,1,0,1,,,2,,,,,,,,,,,,,,,1,2,2,1,2,1,2,2,,,,,,,1,1,2,1,1,1,,1,1,2,,,,2,2,1,2,1,2,2,,5,1,1,1,2,1,1,1,1,,,1,2,1,1,,,1,2,2,1,,,2,2,2,,,,,1,1,2,1,,,1,1,1,1,1,1,,1,1,1,4,4,1,1,1,1,2,1,1
Ghana,GHA,165212039,1.120603952,1,61,2,1,1,2,0,0,0,,,2,,,,,,,,,,,,,,1,2,2,1,1,2,1,2,2,2,2,2,1,2,2,,,,,2,,,2,2,2,,,,2,2,,2,2,2,2,,3,1,1,1,2,2,2,2,,,,2,,,,,,2,,,,,,,2,2,,,,,2,,,,,,1,1,1,1,1,1,,0,0,4,4,4,4,4,4,1,2,0,0
Ghana,GHA,207672612,0.388935744,2,27,2,5,1,1,0,0,0,,,2,,,,,,,,,,,,,,1,2,2,2,1,2,2,2,2,2,2,1,2,2,2,,,,,2,,,2,2,2,,,,2,2,,2,2,2,2,,1,3,2,1,1,,,2,,,,2,,,,,,2,,,,,,,2,2,,,,,2,,,,,,2,1,1,1,4,1,,1,0,4,4,4,4,4,1,1,2,0,0
Ghana,GHA,193285769,0.349742339,2,29,2,3,1,2,1,1,1,1,1,2,,,1,2,2,,,,2,,2,,1,,,,,,,,,,,,,,,,1,2,2,1,1,1,,2,2,2,,,,2,2,2,2,1,1,1,,3,2,2,2,,,,1,1,,,2,,,,,,2,,,,,,,2,2,,,,,2,,,,,,2,1,2,1,2,1,,0,1,4,4,4,4,4,1,1,1,1,1
Ghana,GHA,181537056,0.872117837,2,40,2,3,1,2,1,1,1,2,2,1,2,,1,1,2,,,,2,,1,2,1,,,,,,,,,,,,,,,,1,1,1,1,2,,,1,1,2,,,,1,1,2,2,2,2,2,,2,2,1,1,1,,,1,1,,,2,,,,,,1,1,2,1,,,1,2,2,,,,,2,,,,,,1,1,2,3,2,1,,1,1,1,4,4,4,4,1,1,2,1,0
Ghana,GHA,163472242,0.746872051,2,31,3,5,1,2,1,1,1,1,2,1,1,1,1,1,1,2,,1,1,1,1,1,1,,,,,,,,,,,,,,,,1,1,2,1,1,2,,1,1,1,3,1,,1,1,2,2,1,1,1,,1,3,2,1,1,,,1,1,,,1,2,1,1,,,1,1,1,2,,,1,2,2,,,,,2,,,,,,1,1,1,2,1,2,,1,1,1,4,4,4,1,1,1,1,1,1
Ghana,GHA,207156545,0.315338226,1,27,3,5,2,2,1,1,1,1,1,1,2,,2,1,2,,,,1,2,1,1,1,,,,,,,,,,,,,,,,1,1,1,1,2,,,2,1,1,1,1,,1,1,2,1,2,2,2,2,3,3,3,2,,,,1,1,,,1,2,2,,,1,1,1,1,2,,,2,2,2,,,,,2,,,,,,3,2,3,3,,1,,1,1,1,4,4,4,2,1,1,1,1,1
Ghana,GHA,124840611,0.444232891,1,46,2,2,1,2,1,0,1,,,2,,,,,,,,,,,,,,,2,1,2,1,2,1,2,2,,,,,,,1,1,2,1,2,,,2,1,2,,,,2,2,1,2,2,2,1,,6,2,1,1,1,,,1,1,,,1,2,2,,,1,2,,,,,,,2,2,,,,,1,1,2,2,1,,1,1,2,2,1,1,,1,1,4,4,4,2,2,1,1,1,1,0
Ghana,GHA,147241086,0.792950147,2,21,2,3,1,1,1,0,1,,,2,,,,,,,,,,,,,,,1,2,2,1,2,1,2,2,,,,,,,1,1,2,1,2,,,2,1,2,,,,2,2,1,2,2,2,2,,3,2,1,1,1,,,1,1,,,1,2,2,,,1,1,2,2,1,,,2,2,2,,,,,2,,,,,,1,1,2,2,1,2,,1,0,1,4,4,4,2,1,1,1,1,0
Ghana,GHA,167582359,0.325863541,2,26,2,5,1,2,1,1,1,2,2,1,2,,2,2,2,,,,1,2,2,,2,,,,,,,,,,,,,,,,1,2,2,1,2,,,2,1,1,1,2,,2,2,2,2,2,2,1,,7,,,1,1,,,2,,,,1,2,2,,,1,1,2,1,2,,,1,2,2,,,,,2,,,,,,1,1,1,4,1,1,,0,1,1,4,4,4,2,1,1,2,1,1
Ghana,GHA,160327745,0.493008519,1,35,2,5,1,1,0,0,0,,,2,,,,,,,,,,,,,,2,2,2,2,2,2,2,2,1,2,1,2,2,2,2,,,,,2,,,2,2,2,,,,2,2,,2,2,2,1,,7,,,2,,,,2,,,,1,2,2,,,1,2,,,,,,,2,2,,,,,2,,,,,,1,2,1,2,4,1,,0,1,4,4,4,4,2,5,2,2,0,0
Ghana,GHA,142985363,1.434778027,2,38,1,2,1,1,1,1,1,2,2,2,,,2,2,2,,,,2,,2,,2,,,,,,,,,,,,,,,,1,2,2,1,1,2,,2,1,2,,,,2,2,2,2,2,2,2,,7,,,1,1,,,1,2,1,1,2,,,,,,2,,,,,,,2,2,,,,,1,2,2,1,,,1,1,1,1,4,1,,1,0,4,4,4,1,4,1,1,1,1,1
Ghana,GHA,160493085,2.404723585,1,64,1,1,2,2,0,0,0,,,2,,,,,,,,,,,,,,1,2,2,2,1,2,1,2,2,2,2,2,1,2,1,,,,,2,,,2,2,2,,,,2,2,,2,2,2,2,,2,2,1,2,,,,2,,,,2,,,,,,2,,,,,,,2,2,,,,,1,1,2,2,1,,1,1,1,3,2,1,,0,0,4,4,4,2,4,5,2,2,0,0
Ghana,GHA,119196079,1.271001341,1,46,2,2,1,1,1,0,1,,,2,,,,,,,,,,,,,,,2,2,2,1,2,1,2,2,,,,,,,1,1,2,2,2,,,2,1,2,,,,2,2,1,1,2,2,1,2,2,2,2,1,1,,,1,1,,,1,2,2,,,1,2,,,,,,,2,2,,,,,2,,,,,,1,1,1,1,2,1,,1,1,4,4,4,4,2,1,2,2,1,0
Ghana,GHA,147687149,0.849963374,2,22,1,1,2,1,0,0,0,,,2,,,,,,,,,,,,,,2,2,2,2,2,2,2,2,2,2,2,2,2,2,1,,,,,2,,,2,2,2,,,,2,2,,2,2,2,2,,7,,,2,,,,2,,,,2,,,,,,2,,,,,,,2,2,,,,,2,,,,,,1,1,1,1,3,1,,0,0,4,4,4,4,4,5,2,2,0,0
Ghana,GHA,191839380,0.368565003,2,27,2,5,1,2,1,1,1,2,2,2,,,2,2,2,,,,1,2,1,2,2,,,,,,,,,,,,,,,,1,2,2,1,2,,,1,1,2,,,,2,2,1,2,2,1,2,,4,2,1,1,1,,,2,,,,1,2,2,,,1,1,2,1,2,,,2,2,2,,,,,2,,,,,,1,1,2,2,3,1,,1,1,1,4,4,4,2,1,1,1,1,0
Ghana,GHA,148632048,1.542557587,1,18,2,4,2,2,0,0,0,,,2,,,,,,,,,,,,,,1,2,2,2,2,2,2,2,2,2,3,2,1,1,2,,,,,2,,,2,2,2,,,,2,2,,2,2,2,2,,8,,,2,,,,2,,,,2,,,,,,2,,,,,,,2,2,,,,,2,,,,,,2,2,5,2,4,1,,0,0,4,4,4,4,4,5,1,1,0,0
Ghana,GHA,112589299,2.241207904,1,67,2,4,1,2,0,0,0,,,2,,,,,,,,,,,,,,1,2,2,2,2,2,1,3,2,2,2,2,2,2,2,,,,,2,,,2,1,2,,,,2,2,,2,2,2,2,,2,4,5,1,1,,,1,2,1,1,2,,,,,,2,,,,,,,2,2,,,,,1,1,2,2,1,,3,3,2,3,,2,,0,0,4,4,4,2,4,1,1,2,0,0
Ghana,GHA,158015633,3.728229285,1,20,1,1,1,1,0,0,0,,,2,,,,,,,,,,,,,,2,2,2,2,2,2,1,2,2,2,2,2,2,2,1,,,,,2,,,2,2,2,,,,2,2,,2,2,2,2,,7,,,2,,,,1,2,2,2,2,,,,,,2,,,,,,,2,2,,,,,2,,,,,,3,3,3,1,,1,,0,0,4,4,4,4,4,4,2,2,0,0
Ghana,GHA,139013500,0.813226753,1,32,1,2,1,1,1,0,1,,,2,,,,,,,,,,,,,,,2,3,2,2,2,1,2,2,,,,,,,1,1,2,2,1,1,,1,1,2,,,,2,2,1,2,2,2,2,,4,2,1,1,1,,,1,2,2,2,2,,,,,,2,,,,,,,1,2,2,1,,,2,,,,,,1,1,1,2,2,2,,1,0,4,1,4,4,4,1,1,2,1,1
Ghana,GHA,154162637,0.978779389,2,45,2,5,1,2,1,1,1,2,2,1,2,,1,1,2,,,,1,1,1,1,1,,,,,,,,,,,,,,,,1,1,2,1,2,,,2,1,2,,,,1,1,1,2,2,2,2,,1,3,2,1,1,,,1,1,,,1,2,2,,,1,1,2,2,2,1,,,2,2,,,,,2,,,,,,3,3,3,3,,1,,1,0,2,4,4,4,2,1,1,1,1,0
Ghana,GHA,202402610,0.644231273,1,26,2,4,1,2,1,1,1,2,2,2,,,1,2,2,,,,1,2,1,2,1,,,,,,,,,,,,,,,,1,1,2,1,2,,,2,1,2,,,,2,1,1,1,2,2,1,2,1,2,1,1,1,,,1,1,,,1,2,2,,,1,2,,,,,,,2,2,,,,,2,,,,,,1,1,1,2,3,1,,1,1,4,4,4,4,2,1,1,1,1,0
Ghana,GHA,195716935,0.630679955,1,25,2,4,1,2,1,1,1,1,2,1,2,,1,1,2,,,,1,2,1,1,2,,,,,,,,,,,,,,,,1,1,2,1,2,,,2,1,2,,,,2,2,1,2,2,2,1,,2,2,2,1,1,,,1,1,,,1,2,2,,,1,1,2,1,1,,,2,2,2,,,,,2,,,,,,3,2,2,3,2,1,,1,1,1,4,4,4,2,1,1,1,1,0
Ghana,GHA,176063332,0.843238079,1,32,2,4,1,2,1,1,1,2,2,2,,,2,2,2,,,,2,,2,,2,,,,,,,,,,,,,,,,1,1,2,1,2,,,2,1,2,,,,2,2,2,2,1,2,1,,2,2,1,1,1,,,1,1,,,2,,,,,,2,,,,,,,2,2,,,,,2,,,,,,1,1,1,1,2,1,,0,1,4,4,4,4,4,1,1,1,1,0
Ghana,GHA,169003031,1.439635609,2,22,2,4,1,2,1,0,1,,,2,,,,,,,,,,,,,,,2,2,2,1,2,2,2,2,,,,,,,1,1,2,1,2,,,2,1,2,,,,1,2,1,2,2,2,1,,1,2,1,1,1,,,1,2,1,1,1,2,2,,,1,2,,,,,,,2,2,,,,,1,1,2,1,,,1,1,2,1,1,1,,1,1,4,4,4,1,2,1,1,2,1,0
Ghana,GHA,199016351,2.764160309,2,45,1,2,1,1,1,1,0,,,2,,,,,,,,,,,,,,,1,1,2,2,2,1,2,1,2,1,2,1,2,2,,,,,2,,,2,2,2,,,,2,2,,2,1,2,1,,2,1,1,2,,,,1,2,1,1,1,2,2,,,1,2,,,,,,,1,2,2,2,2,1,1,1,2,2,1,,1,1,1,1,1,1,,1,1,4,1,4,2,2,2,1,2,1,0
Ghana,GHA,191072680,0.872680993,2,32,2,1,1,2,1,1,1,1,2,1,2,,2,1,2,,,,1,2,1,1,1,,,,,,,,,,,,,,,,1,2,1,1,1,2,,1,1,2,,,,1,1,1,2,2,2,2,,2,2,2,2,,,,1,1,,,2,,,,,,2,,,,,,,2,2,,,,,2,,,,,,1,1,1,1,1,2,,1,1,4,4,4,4,4,1,1,2,1,1
Ghana,GHA,175759228,0.713324844,1,28,2,4,1,2,1,1,1,2,2,1,2,,2,2,2,,,,1,1,2,,1,,,,,,,,,,,,,,,,1,1,2,1,2,,,2,2,2,,,,2,2,1,2,2,2,2,,7,,,1,2,1,1,2,,,,1,2,2,,,1,2,,,,,,,2,2,,,,,2,,,,,,1,1,1,1,2,1,,1,0,4,4,4,4,2,2,1,1,1,0
Ghana,GHA,165311256,0.792950147,2,21,2,3,2,1,1,1,1,,,2,,,,,,,,,,,,,,,2,2,2,2,2,2,2,2,,,,,,,1,1,2,1,2,,,2,1,1,1,2,,2,2,1,1,2,2,2,2,2,3,2,1,1,,,1,1,,,1,2,2,,,1,2,,,,,,,1,2,2,2,2,1,2,,,,,,3,3,3,1,,2,,1,0,4,1,4,4,2,1,1,1,1,1
Ghana,GHA,171119681,1.68723121,1,18,2,1,1,2,0,0,0,,,2,,,,,,,,,,,,,,1,2,2,2,2,2,1,2,2,2,2,2,1,2,2,,,,,2,,,2,2,2,,,,2,2,,2,2,2,2,,7,,,2,,,,2,,,,2,,,,,,2,,,,,,,2,2,,,,,2,,,,,,3,3,3,1,,2,,0,0,4,4,4,4,4,5,1,1,0,0
Ghana,GHA,132110818,2.015964065,1,37,1,3,2,2,0,0,0,,,2,,,,,,,,,,,,,,2,2,2,2,2,2,2,2,2,2,2,2,1,2,1,,,,,2,,,2,2,2,,,,2,2,,2,1,2,1,,7,,,2,,,,2,,,,2,,,,,,2,,,,,,,2,2,,,,,1,1,2,2,1,,1,1,1,2,2,2,,0,1,4,4,4,2,4,5,2,2,0,0
Ghana,GHA,182726829,0.306325514,2,26,2,5,1,1,1,1,1,1,2,1,2,,1,1,2,,,,1,1,1,1,1,,,,,,,,,,,,,,,,1,1,2,1,2,,,1,1,2,,,,2,1,1,2,2,2,1,,1,2,2,1,1,,,1,1,,,1,2,1,1,,,1,2,1,1,,,1,2,2,,,,,2,,,,,,1,1,2,2,2,1,,1,1,1,4,4,4,1,1,1,1,1,0
Ghana,GHA,202013582,0.714842223,2,37,2,4,1,1,1,1,1,1,2,2,,,2,2,2,,,,1,2,1,1,1,,,,,,,,,,,,,,,,,,,1,2,,,2,2,2,,,,2,1,2,2,2,2,1,,7,,,2,,,,1,1,,,1,2,2,,,1,1,2,2,1,,,1,2,2,,,,,1,1,2,2,1,,1,1,1,1,2,1,,1,1,1,4,4,2,2,1,1,1,1,0
Ghana,GHA,154627895,1.098945739,1,26,1,5,1,1,1,0,1,,,2,,,,,,,,,,,,,,,2,2,1,1,2,2,2,2,,,,,,,1,1,2,1,2,,,2,2,2,,,,2,2,2,2,2,2,2,,3,1,1,1,1,,,1,1,,,2,,,,,,2,,,,,,,2,2,,,,,2,,,,,,1,1,1,1,2,1,,1,0,4,4,4,4,4,1,1,2,1,0
Ghana,GHA,198368986,0.752750603,1,30,1,1,1,1,0,0,0,,,2,,,,,,,,,,,,,,1,2,2,2,1,2,1,2,2,2,2,2,2,2,2,,,,,2,,,2,2,2,,,,1,2,,2,2,2,1,,1,1,1,1,2,1,2,2,,,,2,,,,,,2,,,,,,,2,2,,,,,1,1,2,2,1,,1,1,4,1,4,1,,1,1,4,4,4,2,4,3,1,2,0,0
Ghana,GHA,205805187,1.393143457,1,15,1,5,2,2,0,0,0,,,2,,,,,,,,,,,,,,1,2,2,1,2,2,2,2,2,2,2,2,2,2,1,,,,,2,,,2,2,2,,,,2,2,,2,2,2,2,,2,1,4,2,,,,1,2,1,2,2,,,,,,2,,,,,,,2,2,,,,,2,,,,,,3,2,3,2,4,4,,1,0,4,4,4,4,4,3,2,1,0,0
Ghana,GHA,112369441,0.628115821,2,24,2,3,1,1,1,0,1,,,2,,,,,,,,,,,,,,,2,2,2,2,2,2,1,2,,,,,,,1,1,2,1,2,,,2,1,2,,,,1,2,1,1,2,2,2,2,1,1,1,1,1,,,2,,,,1,2,2,,,1,1,2,2,2,1,,,2,2,,,,,1,1,2,2,1,,1,1,1,1,4,1,,1,0,2,4,4,2,2,1,1,1,1,0
Ghana,GHA,144750680,3.768735686,2,56,1,2,1,1,0,0,0,,,2,,,,,,,,,,,,,,2,2,2,1,2,2,1,2,2,2,2,2,2,2,1,,,,,2,,,2,1,2,,,,2,2,,2,2,2,2,,2,1,1,1,1,,,1,1,,,2,,,,,,1,2,2,2,1,,,2,2,,,,,1,3,2,2,2,2,1,1,3,3,2,3,,0,0,2,4,4,3,4,1,2,2,0,0
Ghana,GHA,193650233,0.529903676,2,53,2,5,1,2,1,1,1,1,1,1,2,,2,2,2,,,,1,2,1,2,1,,,,,,,,,,,,,,,,1,1,2,1,2,,,2,1,2,,,,1,1,1,2,2,2,2,,1,2,1,1,1,,,2,,,,1,2,1,2,,,1,1,1,2,,,2,2,2,,,,,1,1,2,1,,,1,1,1,1,1,1,,1,0,1,4,4,1,1,1,1,1,1,0
Ghana,GHA,154605630,0.821825731,1,30,1,5,1,1,1,0,1,,,2,,,,,,,,,,,,,,,2,2,1,2,2,1,2,2,,,,,,,1,1,2,1,2,,,2,2,2,,,,1,2,1,2,2,2,2,,1,2,2,1,1,,,1,1,,,2,,,,,,2,,,,,,,2,2,,,,,2,,,,,,1,1,2,1,4,3,,1,0,4,4,4,4,4,1,1,2,1,0
Ghana,GHA,165729856,0.581179231,2,23,1,5,1,2,1,1,1,2,2,1,2,,2,1,2,,,,1,1,1,1,1,,,,,,,,,,,,,,,,1,1,2,1,2,,,2,1,2,,,,2,2,1,2,2,2,2,,1,1,1,1,1,,,1,1,,,1,2,2,,,1,1,2,2,2,1,,,2,2,,,,,2,,,,,,3,3,3,4,,1,,1,0,2,4,4,4,2,1,1,1,1,0
Ghana,GHA,113862567,0.707166741,1,39,1,5,2,1,0,0,0,,,2,,,,,,,,,,,,,,2,2,2,2,2,2,2,2,2,2,2,2,2,2,2,,,,,2,,,2,2,2,,,,2,2,,2,2,2,2,,8,,,2,,,,2,,,,2,,,,,,2,,,,,,,2,2,,,,,2,,,,,,1,1,1,6,1,1,,0,0,4,4,4,4,4,5,2,2,0,0
Ghana,GHA,193813346,0.804590869,1,16,1,3,2,2,0,0,0,,,2,,,,,,,,,,,,,,2,2,1,1,2,2,1,2,2,2,2,2,1,2,1,,,,,2,,,2,2,2,,,,2,2,,2,2,2,2,,4,1,1,2,,,,2,,,,2,,,,,,2,,,,,,,2,2,,,,,1,1,2,2,1,,1,1,2,1,4,1,,0,0,4,4,4,2,4,5,2,2,0,0
Ghana,GHA,154812267,0.368565003,2,30,2,4,1,2,1,0,1,,,2,,,,,,,,,,,,,,,2,2,1,1,1,2,2,2,,,,,,,2,1,2,1,2,,,2,2,2,,,,2,2,1,2,2,2,2,,5,2,1,2,,,,1,1,,,1,2,2,,,2,2,,,,,,,2,2,,,,,2,,,,,,2,2,2,2,2,1,,1,0,4,4,4,4,3,1,1,2,1,0
Ghana,GHA,114207793,1.680266241,1,30,1,1,2,1,0,0,0,,,2,,,,,,,,,,,,,,3,1,2,2,2,2,1,2,2,2,2,2,2,2,1,,,,,2,,,2,2,2,,,,2,2,,2,2,2,2,,2,1,1,2,,,,2,,,,2,,,,,,2,,,,,,,1,2,2,2,2,2,1,1,2,2,1,,1,1,1,1,2,2,,0,0,4,3,4,2,4,5,2,2,0,0
Ghana,GHA,113945631,0.980258295,2,42,2,3,1,1,1,1,1,2,1,2,,,2,2,2,,,,2,,2,,2,,,,,,,,,,,,,,,,1,1,2,1,2,,,2,1,2,,,,2,2,1,2,2,2,2,,2,2,1,1,1,,,1,1,,,1,2,2,,,1,1,2,2,1,,,1,2,2,,,,,2,,,,,,1,1,2,1,4,1,,1,0,1,4,4,4,2,1,1,1,1,0
Ghana,GHA,164487208,0.454612957,1,17,2,1,2,2,0,0,0,,,2,,,,,,,,,,,,,,1,2,2,1,2,2,2,2,2,2,2,1,2,2,1,,,,,2,,,2,2,2,,,,2,2,,2,2,2,2,,2,2,2,2,,,,2,,,,2,,,,,,1,2,2,2,1,,,2,2,,,,,2,,,,,,2,4,3,6,,2,,0,0,2,4,4,4,4,5,1,1,0,0
Ghana,GHA,118635672,1.238329551,2,45,2,2,1,2,1,1,1,2,2,2,,,1,1,2,,,,2,,2,,2,,,,,,,,,,,,,,,,1,1,1,1,1,2,,1,1,1,2,2,,2,2,1,2,2,1,2,,6,3,2,1,1,,,1,1,,,1,2,1,2,,,2,,,,,,,1,2,2,1,,,2,,,,,,1,1,2,2,1,1,,1,1,4,1,4,4,1,1,1,2,1,1
Ghana,GHA,158537425,0.504209457,2,,2,4,2,2,1,0,1,,,2,,,,,,,,,,,,,,,2,2,2,2,2,1,2,1,,,,,,,2,1,1,1,2,,,2,2,2,,,,2,2,1,2,2,2,2,,1,1,1,2,,,,1,2,1,1,2,,,,,,2,,,,,,,2,2,,,,,2,,,,,,1,1,2,1,1,1,,1,1,4,4,4,4,4,2,1,1,1,0
Ghana,GHA,206375249,1.028371725,1,18,2,5,2,2,1,1,1,2,2,1,2,,2,2,2,,,,2,,2,,1,,,,,,,,,,,,,,,,2,1,2,1,2,,,2,2,2,,,,2,1,2,2,2,2,2,,2,1,1,1,2,1,2,1,1,,,2,,,,,,2,,,,,,,2,2,,,,,2,,,,,,1,1,1,1,1,1,,1,0,4,4,4,4,4,1,1,2,1,0
Ghana,GHA,194422907,1.499027835,2,43,2,4,1,2,1,1,0,2,2,2,,,2,2,2,,,,1,1,1,2,1,,,,,,,,,,,,,,,,,,,,2,,,2,2,2,,,,1,1,2,2,2,2,2,,3,3,2,1,2,1,2,1,2,1,2,1,2,2,,,1,2,,,,,,,2,2,,,,,2,,,,,,1,1,1,1,2,1,,1,0,4,4,4,4,2,3,1,2,0,0
Ghana,GHA,118084774,0.730766395,2,39,1,5,1,1,1,0,1,,,2,,,,,,,,,,,,,,,2,2,2,2,2,1,2,2,,,,,,,1,1,2,1,2,,,2,2,2,,,,2,2,2,2,2,2,2,,8,,,2,,,,2,,,,2,,,,,,2,,,,,,,2,2,,,,,2,,,,,,1,1,1,2,4,1,,0,0,4,4,4,4,4,5,1,2,1,0
Ghana,GHA,172232892,0.325863541,2,33,2,4,1,2,1,1,1,1,2,1,1,2,1,1,2,,,,1,2,1,1,1,,,,,,,,,,,,,,,,1,1,1,1,1,2,,1,1,1,3,2,,2,1,2,2,2,2,1,,3,1,4,1,1,,,1,1,,,1,2,2,,,1,1,1,1,1,,,2,2,2,,,,,2,,,,,,1,1,2,2,2,2,,1,1,1,4,4,4,2,1,1,1,1,1
Ghana,GHA,118049331,0.981361043,2,23,1,1,1,2,1,1,1,2,2,1,2,,2,2,2,,,,2,,2,,2,,,,,,,,,,,,,,,,2,2,2,2,2,,,2,2,2,,,,1,2,2,2,1,2,1,,7,,,1,2,1,1,2,,,,1,2,2,,,1,2,,,,,,,2,2,,,,,2,,,,,,2,2,1,4,3,1,,1,1,4,4,4,4,2,2,1,2,1,0
Ghana,GHA,136210745,2.367594147,2,57,1,4,1,2,0,0,0,,,2,,,,,,,,,,,,,,2,2,2,2,2,2,1,2,2,2,2,2,1,1,2,,,,,2,,,2,2,2,,,,2,2,,2,2,2,2,,3,3,2,1,2,2,1,2,,,,2,,,,,,2,,,,,,,2,2,,,,,1,1,2,2,1,,1,1,2,1,4,2,,0,0,4,4,4,2,4,2,1,2,0,0
Ghana,GHA,132003244,1.783262294,1,50,1,4,1,1,1,0,1,,,2,,,,,,,,,,,,,,,2,2,2,2,2,2,2,2,,,,,,,1,1,2,1,2,,,2,1,2,,,,2,2,1,1,1,2,1,1,2,1,1,1,2,1,1,1,2,1,1,2,,,,,,2,,,,,,,2,2,,,,,2,,,,,,1,1,1,1,1,1,,1,1,4,4,4,4,4,2,1,2,1,0
Ghana,GHA,112707784,0.99935189,2,38,2,2,1,2,1,1,1,2,2,1,2,,1,1,2,,,,1,1,1,1,1,,,,,,,,,,,,,,,,1,1,2,1,2,,,2,1,2,,,,1,1,1,2,2,2,2,,1,3,2,1,1,,,1,1,,,1,2,2,,,1,2,,,,,,,2,2,,,,,2,,,,,,3,3,3,3,,2,,1,0,4,4,4,4,2,1,1,1,1,0
Ghana,GHA,125741155,1.664550511,2,17,2,3,2,1,0,0,0,,,2,,,,,,,,,,,,,,1,1,2,1,2,2,2,2,1,2,2,1,2,2,1,,,,,2,,,2,1,2,,,,1,2,,2,2,2,2,,2,1,1,2,,,,2,,,,2,,,,,,2,,,,,,,2,2,,,,,2,,,,,,3,2,2,1,4,1,,1,0,4,4,4,4,4,5,2,1,0,0
Ghana,GHA,169938271,0.560057251,2,54,2,4,1,2,1,1,1,2,2,2,,,1,1,2,,,,1,1,1,1,1,,,,,,,,,,,,,,,,1,1,2,1,2,,,2,2,2,,,,2,1,1,2,2,2,2,,3,2,1,1,1,,,2,,,,2,,,,,,2,,,,,,,2,2,,,,,2,,,,,,2,2,2,1,4,1,,1,0,4,4,4,4,4,1,1,2,1,0
Ghana,GHA,143686424,0.607831204,1,21,1,5,1,2,1,0,1,,,2,,,,,,,,,,,,,,,2,2,2,2,2,1,2,2,,,,,,,2,2,2,1,2,,,2,1,2,,,,2,2,2,2,2,2,2,,2,3,1,1,1,,,1,1,,,1,2,2,,,1,2,,,,,,,2,2,,,,,2,,,,,,3,1,1,4,2,1,,0,0,4,4,4,4,2,1,1,1,1,0
Ghana,GHA,196424905,1.124820806,1,21,2,4,1,2,0,0,0,,,2,,,,,,,,,,,,,,1,2,2,2,1,2,1,2,2,2,2,2,2,2,2,,,,,2,,,2,2,2,,,,2,2,,2,2,2,2,,7,,,2,,,,2,,,,2,,,,,,1,2,2,2,1,,,2,2,,,,,2,,,,,,1,3,2,3,1,1,,0,0,2,4,4,4,4,5,1,1,0,0
Ghana,GHA,205811643,0.651727083,2,30,2,4,1,2,1,1,1,2,2,2,,,1,1,2,,,,1,2,2,,1,,,,,,,,,,,,,,,,1,1,2,1,2,,,2,1,2,,,,2,1,1,2,2,2,2,,1,3,3,1,1,,,1,1,,,1,2,2,,,1,1,2,2,1,,,2,2,2,,,,,2,,,,,,2,2,3,2,4,2,,1,0,1,4,4,4,2,1,1,1,1,0
Ghana,GHA,178645433,0.913661288,2,35,2,5,2,2,1,1,1,1,2,2,,,2,2,2,,,,2,,1,2,1,,,,,,,,,,,,,,,,2,2,2,1,2,,,2,2,2,,,,1,1,2,1,2,2,2,1,4,3,3,2,,,,1,2,2,1,1,2,2,,,1,1,2,2,2,2,2,,2,2,,,,,2,,,,,,3,1,1,1,2,3,,1,1,3,4,4,4,2,2,1,1,1,0
Ghana,GHA,129489052,0.322115637,1,30,2,5,1,2,1,1,1,1,2,1,2,,1,1,2,,,,1,1,1,1,1,,,,,,,,,,,,,,,,1,1,1,1,1,2,,1,1,1,3,2,,2,1,1,2,2,2,2,,1,3,3,1,1,,,1,1,,,1,2,1,2,,,1,1,1,1,,,2,2,2,,,,,2,,,,,,1,1,1,4,2,1,,1,1,1,4,4,4,1,1,1,1,1,1
Ghana,GHA,160272213,0.403132033,2,30,2,5,1,2,1,1,1,2,3,1,2,,1,1,2,,,,1,1,1,1,1,,,,,,,,,,,,,,,,1,1,2,1,2,,,2,1,2,,,,1,1,1,2,2,2,2,,1,3,2,2,,,,2,,,,1,2,2,,,1,1,2,1,2,,,2,2,2,,,,,2,,,,,,3,3,3,3,,3,,1,0,1,4,4,4,2,5,1,1,1,0
Ghana,GHA,122644137,0.347400237,1,24,3,4,1,2,1,1,1,2,2,2,,,1,2,2,,,,1,2,1,2,1,,,,,,,,,,,,,,,,1,1,2,1,2,,,2,1,2,,,,2,1,1,1,2,1,2,2,2,3,3,1,1,,,1,1,,,1,2,2,,,1,1,2,1,2,,,2,2,2,,,,,1,1,2,2,1,,3,3,3,1,,3,,1,1,1,4,4,2,2,1,1,1,1,0
Ghana,GHA,156415797,1.188980117,2,51,3,5,1,2,1,1,1,1,1,1,1,2,1,1,2,,,,1,1,1,1,2,,,,,,,,,,,,,,,,1,1,2,1,2,,,1,1,2,,,,1,1,2,2,1,1,1,,1,3,2,1,1,,,1,1,,,1,2,1,2,,,1,1,1,2,,,1,2,2,,,,,2,,,,,,1,1,1,1,2,1,,1,1,1,4,4,4,1,1,1,1,1,0
Ghana,GHA,150028333,1.626453506,1,26,1,5,1,2,1,1,1,2,2,1,2,,1,1,2,,,,1,1,1,1,1,,,,,,,,,,,,,,,,1,1,2,1,2,,,2,1,2,,,,1,2,1,2,2,2,2,,1,3,2,1,1,,,1,1,,,2,,,,,,2,,,,,,,2,2,,,,,2,,,,,,3,3,3,3,,1,,1,0,4,4,4,4,4,1,1,1,1,0
Ghana,GHA,115529457,1.008418914,2,20,2,4,2,2,1,1,1,1,2,2,,,1,1,2,,,,1,1,1,2,1,,,,,,,,,,,,,,,,1,1,2,1,2,,,2,1,2,,,,2,1,1,1,2,2,2,2,2,3,1,2,,,,1,1,,,2,,,,,,1,2,1,1,,,2,2,2,,,,,2,,,,,,2,3,3,2,4,3,,1,0,1,4,4,4,4,1,1,1,1,0
Ghana,GHA,154677585,0.403132033,2,34,2,5,1,2,1,1,0,1,2,1,2,,2,1,2,,,,1,2,1,2,1,,,,,,,,,,,,,,,,,,,,2,,,2,1,2,,,,1,1,2,2,2,2,2,,3,2,1,1,1,,,2,,,,1,2,2,,,1,1,2,1,2,,,3,2,2,,,,,2,,,,,,1,1,1,1,2,1,,1,0,1,4,4,4,2,1,1,1,1,0
Ghana,GHA,206374600,2.102560466,1,23,1,5,1,2,1,0,1,,,2,,,,,,,,,,,,,,,2,2,1,2,2,1,2,1,,,,,,,1,1,2,1,2,,,1,2,2,,,,2,2,2,2,2,2,2,,2,3,2,1,1,,,1,1,,,2,,,,,,2,,,,,,,2,2,,,,,2,,,,,,1,1,1,1,3,1,,0,0,4,4,4,4,4,1,1,1,1,0
Ghana,GHA,203484511,1.409353067,2,17,1,5,1,2,0,0,0,,,2,,,,,,,,,,,,,,1,2,2,1,2,2,2,2,2,2,2,1,2,1,2,,,,,2,,,2,2,2,,,,2,2,,2,1,2,1,,6,3,3,1,2,1,1,2,,,,2,,,,,,2,,,,,,,2,2,,,,,2,,,,,,1,1,4,1,4,1,,1,1,4,4,4,4,4,2,1,1,0,0
Ghana,GHA,199252570,0.676895247,1,26,2,3,1,1,0,0,0,,,2,,,,,,,,,,,,,,1,2,2,1,2,2,1,2,2,,,,,,,,,,,2,,,2,1,2,,,,2,2,2,2,2,2,1,,2,2,1,1,2,1,1,1,1,,,2,,,,,,2,,,,,,,1,2,2,2,2,2,1,1,2,2,1,,3,2,3,3,,2,,0,1,4,3,4,2,4,1,2,2,0,0
Ghana,GHA,112254005,1.258109072,2,19,2,1,1,2,1,0,1,,,2,,,,,,,,,,,,,,,2,2,1,1,2,1,3,2,,,,,,,1,1,2,1,2,,,2,1,1,1,2,,2,2,1,2,2,2,2,,2,2,1,2,,,,1,1,,,1,2,1,2,,,2,,,,,,,2,2,,,,,2,,,,,,3,2,3,2,5,1,,1,0,4,4,4,4,1,1,1,1,1,1
Ghana,GHA,117396944,0.7823679,1,29,1,2,1,1,1,0,1,,,2,,,,,,,,,,,,,,,2,2,2,2,2,1,2,2,,,,,,,2,2,2,1,2,,,2,2,2,,,,2,2,2,2,2,2,2,,7,,,2,,,,1,1,,,1,2,2,,,1,2,,,,,,,2,2,,,,,2,,,,,,1,1,1,1,2,1,,0,0,4,4,4,4,2,1,1,2,1,0
Ghana,GHA,207996990,1.627815383,1,19,1,1,1,1,1,0,1,,,2,,,,,,,,,,,,,,,2,2,2,2,2,1,2,2,,,,,,,1,1,2,1,2,,,2,1,2,,,,2,2,2,2,2,2,2,,4,1,1,1,1,,,1,2,2,2,2,,,,,,2,,,,,,,2,2,,,,,2,,,,,,1,3,3,3,,2,,0,0,4,4,4,4,4,1,1,2,1,0
Ghana,GHA,112830329,1.188980117,2,45,3,5,1,2,1,1,1,1,1,1,1,1,1,1,2,,,,1,1,1,1,1,,,,,,,,,,,,,,,,1,1,1,1,1,2,,1,1,1,1,2,,1,1,1,2,1,1,2,,4,2,2,1,1,,,2,,,,1,2,1,2,,,1,1,1,2,,,1,1,2,1,2,,,2,,,,,,1,1,1,1,4,1,,1,1,1,1,4,4,1,1,1,1,1,1
Ghana,GHA,125487556,0.713324844,1,27,2,4,1,2,1,0,1,,,2,,,,,,,,,,,,,,,2,1,1,1,2,2,2,2,,,,,,,1,1,2,1,2,,,2,1,2,,,,1,2,2,1,2,2,2,2,3,3,2,2,,,,1,1,,,1,2,2,,,1,2,,,,,,,2,2,,,,,1,2,2,1,,,2,1,2,1,4,1,,1,0,4,4,4,1,2,1,1,1,1,0
Ghana,GHA,181395976,0.723299396,1,37,3,5,1,2,1,1,1,2,2,1,2,,1,1,2,,,,1,1,1,2,1,,,,,,,,,,,,,,,,1,1,2,1,1,2,,2,1,1,3,1,,1,1,1,2,2,1,2,,1,3,3,1,1,,,1,1,,,1,2,2,,,1,2,,,,,,,2,2,,,,,2,,,,,,1,1,1,1,2,1,,1,1,4,4,4,4,2,1,1,1,1,1
Ghana,GHA,207333032,0.306325514,2,25,2,2,2,2,1,0,1,,,2,,,,,,,,,,,,,,,2,1,1,2,2,2,2,2,,,,,,,2,1,2,1,2,,,2,2,2,,,,2,2,2,2,2,2,2,,8,,,2,,,,2,,,,2,,,,,,2,,,,,,,2,2,,,,,2,,,,,,2,1,1,2,2,2,,0,0,4,4,4,4,4,5,1,2,1,0
Ghana,GHA,153898498,1.197772108,1,36,2,5,1,2,1,1,0,2,2,2,,,1,1,2,,,,1,2,1,1,1,,,,,,,,,,,,,,,,,,,,2,,,1,1,2,,,,2,1,1,1,2,1,1,1,1,2,2,1,1,,,1,1,,,1,2,2,,,1,2,,,,,,,2,2,,,,,2,,,,,,1,1,1,1,2,1,,1,1,4,4,4,4,2,1,1,1,1,0
Ghana,GHA,146124230,0.96634691,1,28,2,3,1,2,1,1,1,1,2,1,2,,1,2,2,,,,1,1,1,2,2,,,,,,,,,,,,,,,,1,1,1,1,2,,,2,1,1,2,2,,1,2,1,1,2,2,1,2,1,3,2,1,1,,,1,1,,,1,2,2,,,1,1,1,2,2,1,,,2,2,,,,,1,1,2,1,,,2,1,1,1,2,1,,1,1,2,4,4,1,2,1,1,1,1,0
Ghana,GHA,133863141,0.411026697,2,30,2,5,1,1,1,1,1,2,1,2,,,1,1,2,,,,1,1,1,1,1,,,,,,,,,,,,,,,,1,1,2,1,1,2,,2,1,2,,,,1,1,1,2,1,2,1,,3,3,3,1,1,,,1,1,,,1,2,2,,,1,1,2,1,2,,,2,2,2,,,,,2,,,,,,3,3,3,3,,3,,1,1,1,4,4,4,2,1,1,1,1,1
Ghana,GHA,145251393,1.393461457,1,22,2,1,2,2,1,1,1,2,2,1,1,2,1,1,2,,,,1,2,1,2,1,,,,,,,,,,,,,,,,1,1,2,1,2,,,2,1,2,,,,2,2,1,2,2,2,2,,1,1,1,1,1,,,1,1,,,1,2,1,1,,,2,,,,,,,2,2,,,,,2,,,,,,3,3,4,4,,3,,1,0,4,4,4,4,1,1,1,1,1,0
Ghana,GHA,166156422,0.79913202,1,40,1,1,2,2,0,0,0,,,2,,,,,,,,,,,,,,2,2,1,1,1,2,1,2,2,2,1,2,1,2,2,,,,,2,,,2,2,2,,,,2,2,,2,1,2,1,,2,1,1,2,,,,2,,,,2,,,,,,2,,,,,,,2,2,,,,,2,,,,,,1,1,1,1,2,1,,1,1,4,4,4,4,4,5,1,2,0,0
Ghana,GHA,205442550,0.821825731,1,31,2,1,2,1,1,0,1,,,2,,,,,,,,,,,,,,,2,1,2,2,2,1,2,2,,,,,,,1,1,2,2,2,,,2,2,2,,,,1,2,1,2,2,2,2,,7,,,1,2,2,1,1,2,2,1,2,,,,,,2,,,,,,,2,2,,,,,1,1,2,2,1,,1,1,1,1,1,1,,1,0,4,4,4,2,4,2,1,2,1,0
Ghana,GHA,167990929,1.300500723,2,35,2,3,1,2,1,1,1,2,2,2,,,2,2,2,,,,1,2,1,1,1,,,,,,,,,,,,,,,,1,2,2,1,2,,,2,1,2,,,,2,1,1,2,2,2,1,,1,2,2,1,1,,,2,,,,2,,,,,,2,,,,,,,2,2,,,,,1,1,2,2,1,,2,1,3,1,4,2,,1,1,4,4,4,2,4,1,1,2,1,0
Ghana,GHA,189171028,0.387990027,2,53,2,5,1,2,1,1,1,1,1,2,,,2,2,2,,,,1,2,1,2,1,,,,,,,,,,,,,,,,1,1,2,1,2,,,2,1,2,,,,2,2,2,2,2,2,1,,3,2,2,1,1,,,1,1,,,2,,,,,,1,2,1,2,,,2,2,2,,,,,2,,,,,,2,2,2,1,4,2,,0,1,1,4,4,4,4,1,1,1,1,0
Ghana,GHA,186698343,0.332865319,2,27,2,4,1,2,1,1,1,,,2,,,,,,,,,,,,,,,2,2,2,2,2,1,2,2,,,,,,,1,1,1,1,2,,,2,1,2,,,,2,2,1,2,2,2,1,,2,3,1,2,,,,1,1,,,2,,,,,,2,,,,,,,1,2,2,2,2,1,2,,,,,,1,1,1,4,1,1,,1,1,4,1,4,4,4,1,1,1,1,0
Ghana,GHA,209008809,3.415043309,2,50,1,2,1,1,1,1,1,2,2,2,,,2,2,2,,,,1,1,1,2,1,,,,,,,,,,,,,,,,1,2,2,2,2,,,2,1,2,,,,2,2,2,2,2,2,1,,2,1,1,1,1,,,1,1,,,1,2,2,,,1,2,,,,,,,2,2,,,,,1,1,2,1,,,1,1,1,1,1,1,,1,1,4,4,4,1,2,1,1,2,1,0
Ghana,GHA,146383413,1.680266241,1,25,1,1,1,1,1,0,1,,,2,,,,,,,,,,,,,,,1,1,1,2,2,1,2,2,2,2,2,1,2,2,,,,,2,,,2,1,2,,,,2,2,,2,1,2,1,,2,1,1,1,1,,,1,1,,,2,,,,,,1,2,2,1,,,1,2,2,,,,,1,1,2,2,1,,1,1,1,1,4,2,,0,1,1,4,4,2,4,1,1,2,1,0
Ghana,GHA,185056664,1.802180931,1,17,1,4,1,1,1,1,1,2,2,2,,,2,2,2,,,,2,,2,,2,,,,,,,,,,,,,,,,2,1,2,2,2,,,2,1,2,,,,2,2,2,2,2,2,2,,2,2,2,1,2,1,1,1,1,,,2,,,,,,2,,,,,,,2,2,,,,,1,1,2,2,1,,1,1,1,1,2,1,,1,0,4,4,4,2,4,1,1,2,1,0
Ghana,GHA,142940480,0.550025857,2,28,2,3,1,2,1,0,1,,,2,,,,,,,,,,,,,,,2,2,2,1,2,2,2,2,,,,,,,1,1,2,1,2,,,2,1,2,,,,2,2,1,2,2,2,2,,2,2,2,1,1,,,1,1,,,2,,,,,,2,,,,,,,2,2,,,,,2,,,,,,3,2,3,2,4,2,,1,0,4,4,4,4,4,1,1,1,1,0
Ghana,GHA,193890161,0.8924645,1,27,2,3,1,1,1,1,1,2,2,1,2,,1,1,2,,,,1,2,1,2,1,,,,,,,,,,,,,,,,2,1,2,2,2,,,2,1,2,,,,2,1,1,2,1,2,1,,2,2,1,1,1,,,1,1,,,2,,,,,,2,,,,,,,2,2,,,,,2,,,,,,1,1,1,1,2,1,,1,1,4,4,4,4,4,1,1,1,1,0
Ghana,GHA,177401805,0.396475073,2,19,1,4,1,1,1,0,1,,,2,,,,,,,,,,,,,,,2,2,2,2,2,1,2,2,,,,,,,1,1,2,1,2,,,2,2,2,,,,2,2,1,1,2,2,1,2,2,1,1,2,,,,1,1,,,1,2,2,,,1,1,2,2,2,1,,,2,2,,,,,2,,,,,,1,1,1,1,2,1,,1,1,2,4,4,4,2,1,1,1,1,0
Ghana,GHA,202475638,0.411026697,2,29,2,5,1,2,1,1,1,2,2,1,2,,1,1,2,,,,1,1,1,1,1,,,,,,,,,,,,,,,,1,1,2,1,2,,,2,1,2,,,,1,1,1,2,2,2,2,,1,3,1,1,1,,,1,1,,,1,2,2,,,1,1,2,2,2,1,,,2,2,,,,,2,,,,,,3,3,3,3,,1,,1,0,2,4,4,4,2,1,1,1,1,0
Ghana,GHA,145161170,0.388935744,2,28,2,2,1,2,1,0,1,,,2,,,,,,,,,,,,,,,2,2,2,2,2,1,2,2,,,,,,,1,2,2,1,2,,,2,1,2,,,,2,2,2,1,1,2,1,2,7,,,1,1,,,1,1,,,2,,,,,,2,,,,,,,2,2,,,,,2,,,,,,1,1,1,3,1,1,,1,1,4,4,4,4,4,1,1,2,1,0
Ghana,GHA,199093572,3.710683688,2,68,1,5,1,1,0,0,0,,,2,,,,,,,,,,,,,,2,2,3,3,1,2,3,2,1,1,3,3,1,3,2,,,,,2,,,2,2,2,,,,2,2,,2,2,2,2,,5,2,2,2,,,,2,,,,2,,,,,,2,,,,,,,2,2,,,,,1,1,2,2,1,,2,2,4,4,2,1,,0,0,4,4,4,2,4,5,1,2,0,0
Ghana,GHA,207524147,0.822111347,1,62,2,4,1,1,1,1,1,1,2,2,,,2,2,2,,,,2,,1,2,2,,,,,,,,,,,,,,,,1,2,2,2,2,,,2,1,2,,,,2,2,2,2,2,1,2,,7,,,1,1,,,1,1,,,1,2,2,,,1,2,,,,,,,2,1,1,2,,,2,,,,,,1,1,1,1,1,1,,0,1,4,4,1,4,2,1,1,2,1,0
Ghana,GHA,155432029,1.590073897,2,45,2,4,1,2,0,0,0,,,2,,,,,,,,,,,,,,2,2,2,2,2,2,2,2,2,,,,,,,,,,,2,,,2,1,2,,,,2,2,1,2,2,2,1,,7,,,1,1,,,1,1,,,2,,,,,,2,,,,,,,2,2,,,,,2,,,,,,1,1,2,2,1,1,,1,1,4,4,4,4,4,1,1,1,0,0
Ghana,GHA,143108832,0.402295434,1,24,2,2,1,1,1,1,1,,,1,2,,1,2,2,,,,2,,1,1,1,,,,,,,,,,,,,,,,1,1,1,1,1,1,,1,1,1,1,1,,1,1,1,1,1,2,2,2,4,2,2,1,1,,,1,1,,,1,1,1,1,,,1,1,1,1,,,1,1,1,1,1,,,1,1,1,1,,,2,2,2,2,1,2,,1,1,1,1,1,1,1,1,1,1,1,1
Ghana,GHA,183328157,0.479989899,2,48,2,5,1,2,1,1,1,2,2,1,2,,1,1,2,,,,1,1,1,1,1,,,,,,,,,,,,,,,,1,1,2,1,2,,,2,1,2,,,,1,1,1,2,2,2,2,,1,3,3,1,1,,,1,1,,,1,2,2,,,1,1,2,1,2,,,2,2,2,,,,,2,,,,,,3,3,3,3,,1,,1,0,1,4,4,4,2,1,1,1,1,0
Ghana,GHA,122960654,1.977243081,1,42,1,3,2,1,0,0,0,,,2,,,,,,,,,,,,,,2,2,2,2,2,2,2,2,2,2,2,2,2,2,2,,,,,2,,,2,2,2,,,,2,2,,2,2,2,2,,7,,,2,,,,2,,,,1,2,2,,,1,2,,,,,,,2,2,,,,,1,1,2,2,1,,3,3,3,3,,1,,0,0,4,4,4,2,2,5,1,2,0,0
Ghana,GHA,117389312,0.653508422,1,20,2,2,1,1,0,0,0,,,2,,,,,,,,,,,,,,2,2,2,2,2,3,1,2,2,2,2,2,1,1,2,,,,,2,,,2,2,2,,,,2,2,,2,1,2,1,,3,2,1,2,,,,2,,,,2,,,,,,2,,,,,,,2,2,,,,,1,1,2,2,1,,2,2,3,3,2,1,,0,1,4,4,4,2,4,5,1,2,0,0
Ghana,GHA,183178087,0.390113131,1,28,2,3,1,2,0,0,0,,,2,,,,,,,,,,,,,,1,2,2,2,1,2,2,2,2,2,2,1,2,2,2,,,,,2,,,2,2,2,,,,1,2,,1,2,2,1,1,2,2,2,1,2,1,2,1,2,1,2,1,2,2,,,1,1,2,2,2,1,,,2,2,,,,,1,3,2,2,1,,1,1,1,1,2,1,,1,1,2,4,4,2,2,3,1,2,0,0
Ghana,GHA,149883627,0.349948053,2,27,2,5,1,2,1,1,1,2,2,2,,,1,1,2,,,,1,1,1,2,1,,,,,,,,,,,,,,,,1,1,1,1,1,2,,2,1,2,,,,2,1,1,2,2,2,2,,1,2,1,1,1,,,2,,,,1,2,2,,,1,2,,,,,,,2,2,,,,,2,,,,,,1,2,2,1,3,1,,1,1,4,4,4,4,2,1,1,1,1,1
Ghana,GHA,126800563,0.325861731,2,30,2,3,1,1,1,1,1,2,2,2,,,1,2,2,,,,2,,2,,2,,,,,,,,,,,,,,,,1,1,2,1,2,,,2,1,2,,,,2,2,1,2,1,2,1,,2,1,1,1,1,,,1,1,,,1,2,1,1,,,1,2,2,1,,,2,2,2,,,,,1,1,2,2,1,,1,1,2,1,1,1,,1,1,1,4,4,2,1,1,1,1,1,0
Ghana,GHA,192225556,0.581179231,2,24,2,5,1,2,1,1,0,2,2,2,,,2,2,2,,,,1,1,1,1,1,,,,,,,,,,2,2,2,2,2,2,,,,,2,,,2,2,2,,,,1,1,,2,2,2,2,,1,2,1,2,,,,2,,,,1,2,2,,,1,1,2,2,2,1,,,2,2,,,,,2,,,,,,3,3,3,3,,1,,1,0,2,4,4,4,2,5,1,1,0,0
Ghana,GHA,155662071,0.390859044,1,36,2,5,1,2,1,1,1,2,2,2,,,1,1,2,,,,1,2,2,,1,,,,,,,,,,,,,,,,1,1,2,1,1,2,,2,1,2,,,,2,2,2,2,2,2,1,,3,1,1,2,,,,1,1,,,1,2,2,,,1,2,,,,,,,2,2,,,,,2,,,,,,2,2,2,4,2,2,,0,1,4,4,4,4,2,1,1,1,1,1
Ghana,GHA,121668993,2.121500224,1,42,1,5,1,1,1,1,1,2,2,2,,,2,2,2,,,,1,1,2,,1,,,,,,,,,,,,,,,,1,2,2,2,2,,,2,1,2,,,,2,1,2,2,2,2,2,,7,,,1,1,,,1,1,,,1,2,2,,,1,2,,,,,,,2,2,,,,,1,1,2,1,,,1,1,1,3,1,1,,1,0,4,4,4,1,2,1,1,2,1,0
Ghana,GHA,177965094,0.769519241,1,25,1,5,1,2,0,0,0,,,2,,,,,,,,,,,,,,2,2,2,2,2,2,1,2,2,2,2,2,2,1,1,,,,,2,,,2,2,2,,,,2,2,,2,1,2,1,,2,2,1,2,,,,2,,,,1,2,2,,,1,2,,,,,,,2,2,,,,,2,,,,,,1,1,1,1,1,1,,1,1,4,4,4,4,2,5,2,2,0,0
Ghana,GHA,134703958,0.780226261,1,27,2,5,1,2,1,1,1,1,2,1,2,,1,1,2,,,,1,2,1,2,2,,,,,,,,,,,,,,,,1,1,2,1,2,,,2,1,2,,,,2,2,2,1,2,2,2,2,6,2,2,1,1,,,1,1,,,1,2,2,,,1,1,2,1,2,,,3,2,2,,,,,2,,,,,,1,1,1,1,4,4,,1,0,1,4,4,4,2,1,1,1,1,0
Ghana,GHA,134649722,0.332865319,2,32,2,5,1,2,1,0,1,,,2,,,,,,,,,,,,,,,2,2,2,1,2,1,2,2,,,,,,,1,1,2,1,2,,,2,1,2,,,,2,2,1,2,2,2,1,,2,3,1,1,1,,,1,1,,,1,2,2,,,1,2,,,,,,,2,2,,,,,2,,,,,,1,1,1,1,4,1,,1,1,4,4,4,4,2,1,1,1,1,0
Ghana,GHA,112678294,0.306325514,2,25,3,5,1,2,1,1,1,2,2,1,2,,2,2,2,,,,2,,1,2,1,,,,,,,,,,,,,,,,1,1,1,1,1,1,,2,1,2,,,,2,2,2,2,2,2,2,,2,2,2,1,1,,,2,,,,1,2,2,,,1,2,,,,,,,2,2,,,,,2,,,,,,1,1,1,1,3,3,,0,1,4,4,4,4,2,1,1,1,1,1
Ghana,GHA,188469948,0.977585193,2,31,3,4,1,2,1,1,1,2,2,1,1,1,1,1,2,,,,1,1,1,1,2,,,,,,,,,,,,,,,,1,2,2,1,1,2,,2,1,1,3,2,,2,2,2,2,2,2,1,,2,1,4,1,1,,,1,1,,,1,2,2,,,1,2,,,,,,,2,2,,,,,2,,,,,,1,1,1,1,3,1,,0,1,4,4,4,4,2,1,1,1,1,1
Ghana,GHA,140234979,1.651601502,2,40,1,3,1,2,1,0,1,,,2,,,,,,,,,,,,,,,2,2,2,1,2,1,2,2,,,,,,,1,2,2,1,1,1,,2,1,2,,,,2,2,2,1,1,2,1,1,7,,,1,1,,,2,,,,1,2,2,,,1,2,,,,,,,2,2,,,,,1,1,2,1,,,1,1,1,1,1,1,,1,1,4,4,4,1,2,1,1,1,1,1
Ghana,GHA,179045319,1.211104997,1,60,2,2,2,1,1,0,1,,,2,,,,,,,,,,,,,,,2,2,2,2,2,1,2,2,,,,,,,2,2,2,2,2,,,2,2,2,,,,2,2,2,2,1,2,1,,2,1,1,2,,,,1,1,,,2,,,,,,2,,,,,,,2,2,,,,,1,1,2,2,1,,1,1,4,4,2,1,,0,1,4,4,4,2,4,1,1,2,1,0
Ghana,GHA,179838075,0.931161766,2,24,1,5,1,1,0,0,0,,,2,,,,,,,,,,,,,,1,1,2,2,2,2,1,2,2,1,2,2,1,1,2,,,,,2,,,2,2,2,,,,2,2,,2,1,2,1,,2,1,1,2,,,,2,,,,2,,,,,,1,2,2,2,1,,,2,2,,,,,1,1,2,2,1,,1,1,1,1,1,1,,0,1,2,4,4,2,4,5,1,2,0,0
Ghana,GHA,140406534,0.382659638,1,30,2,4,1,1,1,1,1,2,2,2,,,2,2,2,,,,1,1,2,,1,,,,,,,,,,,,,,,,1,2,2,1,2,,,2,2,2,,,,2,1,2,1,2,2,2,2,4,3,3,1,2,1,2,1,1,,,1,2,2,,,1,2,,,,,,,2,2,,,,,1,1,2,2,1,,3,3,2,1,4,1,,1,0,4,4,4,2,2,1,2,2,1,0
Ghana,GHA,195427874,1.041962873,1,24,3,3,1,2,1,1,1,1,2,1,2,,2,2,2,,,,2,,2,,2,,,,,,,,,,,,,,,,1,1,2,1,1,2,,2,1,1,2,1,,2,2,1,2,2,2,2,,2,3,3,1,1,,,1,1,,,2,,,,,,2,,,,,,,2,2,,,,,2,,,,,,1,2,2,2,1,2,,1,0,4,4,4,4,4,1,1,1,1,1
Ghana,GHA,187506672,0.454612957,1,23,2,3,1,2,1,0,1,,,2,,,,,,,,,,,,,,,2,1,1,2,2,2,1,2,,,,,,,2,2,2,1,2,,,2,1,1,1,1,,2,2,2,1,2,2,2,2,1,2,2,2,,,,2,,,,2,,,,,,2,,,,,,,2,2,,,,,1,2,2,1,,,2,2,3,1,1,2,,1,0,4,4,4,1,4,5,1,1,1,1
Ghana,GHA,165991808,2.965864621,1,39,1,4,1,2,0,0,0,,,2,,,,,,,,,,,,,,2,2,2,2,2,2,2,2,2,2,2,2,2,2,2,,,,,2,,,1,2,2,,,,2,2,,2,2,2,2,,6,1,1,2,,,,2,,,,2,,,,,,2,,,,,,,2,2,,,,,2,,,,,,2,2,2,3,6,1,,0,0,4,4,4,4,4,5,1,2,0,0
Ghana,GHA,150982777,0.583027136,2,41,2,3,1,2,1,1,1,2,2,2,,,2,2,2,,,,1,1,1,2,1,,,,,,,,,,,,,,,,1,1,2,1,2,,,2,2,2,,,,2,2,1,2,2,2,2,,3,2,1,1,1,,,1,1,,,2,,,,,,2,,,,,,,2,2,,,,,2,,,,,,2,2,3,4,2,1,,1,0,4,4,4,4,4,1,1,2,1,0
Ghana,GHA,162889117,0.522590304,1,39,2,3,1,1,1,1,0,2,2,2,,,2,2,2,,,,2,,2,,1,,,,,,,,,,2,2,2,2,2,2,,,,,2,,,2,2,2,,,,2,1,,1,2,2,2,2,2,2,2,2,,,,2,,,,2,,,,,,2,,,,,,,2,2,,,,,1,1,2,2,1,,1,1,1,1,4,1,,1,0,4,4,4,2,4,5,1,2,0,0
Ghana,GHA,123046235,0.713324844,1,27,2,4,1,2,1,1,1,2,1,2,,,1,1,2,,,,1,1,1,2,1,,,,,,,,,,,,,,,,1,1,2,1,2,,,2,2,2,,,,2,1,1,1,2,2,2,1,2,2,2,1,1,,,2,,,,1,2,2,,,1,1,2,2,1,,,2,2,2,,,,,2,,,,,,1,1,3,2,1,1,,1,1,1,4,4,4,2,1,1,2,1,0
Ghana,GHA,128292704,0.959976148,2,21,2,2,1,2,0,0,0,,,2,,,,,,,,,,,,,,1,2,2,2,1,2,2,2,2,2,2,2,2,2,1,,,,,2,,,2,2,2,,,,2,2,,2,1,2,1,,1,1,1,1,1,,,2,,,,2,,,,,,1,2,2,2,1,,,2,2,,,,,2,,,,,,1,3,4,4,,3,,0,1,2,4,4,4,4,1,1,2,0,0
Ghana,GHA,183950642,0.46307165,2,18,2,2,1,2,1,1,1,2,2,1,2,,1,1,2,,,,1,2,1,1,1,,,,,,,,,,,,,,,,1,1,2,1,1,1,,2,1,2,,,,1,1,1,2,2,2,2,,1,3,3,1,1,,,1,1,,,2,,,,,,1,2,2,2,1,,,1,2,2,2,2,2,2,,,,,,1,1,1,1,4,1,,1,0,2,3,4,4,4,1,1,1,1,1
Ghana,GHA,165459674,0.998595956,2,25,2,1,1,2,1,1,1,1,2,1,2,,1,2,2,,,,1,2,1,1,1,,,,,,,,,,,,,,,,1,1,2,1,1,2,,1,1,2,,,,2,2,1,2,2,2,1,,2,2,1,1,1,,,1,1,,,1,2,1,2,,,1,2,1,1,,,2,2,2,,,,,2,,,,,,1,1,1,1,2,1,,1,1,1,4,4,4,1,1,1,1,1,1
Ghana,GHA,113877864,0.536931623,1,22,1,4,1,1,1,0,1,,,2,,,,,,,,,,,,,,,1,2,1,2,2,1,2,2,,,,,,,1,2,2,1,2,,,2,1,2,,,,2,2,1,2,2,2,2,,3,1,1,1,1,,,1,2,2,1,2,,,,,,2,,,,,,,2,2,,,,,2,,,,,,1,1,2,1,2,3,,1,0,4,4,4,4,4,1,1,1,1,0
Ghana,GHA,152838654,0.479988074,2,20,2,5,1,2,1,1,1,2,2,2,,,1,1,2,,,,1,1,1,1,1,,,,,,,,,,,,,,,,1,1,1,1,1,2,,2,1,1,1,1,,1,1,1,1,2,2,2,2,1,3,3,1,1,,,2,,,,1,2,2,,,1,1,2,2,2,1,,,2,2,,,,,1,1,2,2,1,,3,3,3,3,,3,,1,1,2,4,4,2,2,1,1,1,1,1
Ghana,GHA,116156722,0.403132033,2,29,2,5,1,2,1,1,1,1,2,1,2,,1,1,2,,,,1,2,1,2,1,,,,,,,,,,,,,,,,1,2,1,1,2,,,2,1,2,,,,1,1,2,2,2,2,2,,1,3,5,2,,,,1,1,,,1,2,2,,,1,1,2,1,2,,,2,2,2,,,,,2,,,,,,3,1,1,3,2,2,,1,1,1,4,4,4,2,1,1,1,1,0
Ghana,GHA,186190061,0.411026697,2,26,1,5,1,2,1,1,1,2,2,2,,,1,1,2,,,,1,1,1,1,1,,,,,,,,,,,,,,,,1,1,2,1,3,,,2,1,2,,,,4,3,1,2,2,2,2,,9,,,1,1,,,1,1,,,1,2,2,,,1,2,,,,,,,2,2,,,,,2,,,,,,3,3,3,3,,2,,1,0,4,4,4,4,2,1,1,1,1,0
Ghana,GHA,184031457,1.393143457,1,20,2,5,1,2,1,0,1,,,2,,,,,,,,,,,,,,,2,2,2,2,2,2,2,1,,,,,,,1,1,2,1,1,2,,2,1,2,,,,2,2,1,1,2,2,2,2,2,1,1,1,1,,,1,1,,,2,,,,,,2,,,,,,,2,2,,,,,2,,,,,,3,1,2,3,2,1,,1,0,4,4,4,4,4,1,1,1,1,1
Ghana,GHA,183620088,0.306325514,2,25,2,5,1,1,1,1,1,1,1,1,2,,1,1,2,,,,1,1,1,2,1,,,,,,,,,,,,,,,,1,1,2,1,2,,,2,1,2,,,,1,1,1,2,2,2,2,,3,2,2,1,1,,,1,1,,,2,,,,,,2,,,,,,,1,2,1,1,,,2,,,,,,1,2,3,1,4,1,,1,0,4,1,4,4,4,1,1,1,1,0
Ghana,GHA,140090889,1.149877862,1,23,1,3,1,2,1,1,1,2,2,2,,,2,2,2,,,,1,2,2,,2,,,,,,,,,,,,,,,,1,1,2,1,2,,,1,1,2,,,,2,1,2,2,2,2,2,,1,3,3,2,,,,1,1,,,1,2,1,1,,,2,,,,,,,2,2,,,,,2,,,,,,1,2,1,3,1,1,,1,0,4,4,4,4,1,1,1,1,1,0
Ghana,GHA,140545002,3.084693346,2,48,1,4,1,1,1,1,1,2,2,2,,,2,2,2,,,,2,,2,,2,,,,,,,,,,,,,,,,1,1,1,1,1,1,,1,1,2,,,,2,2,1,2,2,2,2,,2,2,1,1,2,1,2,2,,,,1,2,1,1,,,1,2,2,2,1,,,2,2,,,,,1,1,2,2,1,,1,2,2,2,1,2,,1,1,2,4,4,2,1,3,1,2,1,1
Ghana,GHA,152719674,0.967078431,1,39,2,2,1,2,0,0,0,,,2,,,,,,,,,,,,,,1,2,2,2,2,2,1,2,2,2,2,2,1,1,1,,,,,2,,,2,2,2,,,,2,2,,2,2,2,2,,8,,,2,,,,2,,,,1,2,2,,,2,2,,,,,,,2,2,,,,,2,,,,,,1,1,2,1,2,2,,0,0,4,4,4,4,3,5,2,2,0,0
Ghana,GHA,164830027,0.403132033,2,30,2,5,1,2,1,1,1,2,2,1,2,,2,1,1,2,,1,1,1,1,1,1,,,,,,,,,,,,,,,,1,1,2,1,1,2,,2,1,1,3,2,,1,1,1,2,2,2,2,,1,3,3,1,1,,,1,1,,,1,2,2,,,1,1,2,1,2,,,2,2,2,,,,,2,,,,,,1,1,1,3,3,1,,1,0,1,4,4,4,2,1,1,1,1,1
Ghana,GHA,208272040,0.306325514,2,32,2,4,1,2,1,1,0,1,1,1,2,,2,2,2,,,,1,2,1,2,1,,,,,,,,,,,,,,,,,,,,2,,,2,1,2,,,,1,2,1,2,2,2,2,,2,2,1,1,1,,,1,1,,,2,,,,,,2,,,,,,,2,2,,,,,2,,,,,,3,2,2,2,2,1,,1,1,4,4,4,4,4,1,1,1,1,0
Ghana,GHA,190688191,0.306325514,2,25,2,5,1,1,1,0,1,,,2,,,,,,,,,,,,,,,2,2,1,2,2,1,2,1,,,,,,,1,1,2,1,2,,,2,2,2,,,,2,2,1,2,2,2,2,,5,2,2,1,1,,,1,1,,,2,,,,,,2,,,,,,,2,2,,,,,2,,,,,,2,1,2,2,2,1,,1,0,4,4,4,4,4,1,1,1,1,0
Ghana,GHA,135976762,0.349742339,2,30,2,5,1,2,1,0,1,,,2,,,,,,,,,,,,,,,2,2,2,2,2,1,2,1,,,,,,,1,2,2,1,2,,,2,1,2,,,,2,2,2,2,2,2,1,,2,3,1,1,2,1,1,1,1,,,1,2,2,,,1,2,,,,,,,2,2,,,,,1,3,2,2,1,,2,1,3,3,2,2,,1,1,4,4,4,2,2,1,1,1,1,0
Ghana,GHA,134909848,0.630679955,1,25,2,3,1,2,0,0,0,,,2,,,,,,,,,,,,,,1,2,1,2,1,2,1,2,2,2,1,2,2,1,2,,,,,2,,,2,2,2,,,,2,2,,1,2,2,1,1,2,1,2,2,,,,2,,,,2,,,,,,2,,,,,,,1,2,2,2,2,2,2,,,,,,1,1,1,1,3,1,,1,1,4,3,4,4,4,5,1,1,0,0
Ghana,GHA,165611061,0.59256065,2,23,2,5,1,2,1,1,1,1,2,2,,,1,1,2,,,,1,1,1,1,1,,,,,,,,,,,,,,,,1,1,2,1,2,,,2,1,2,,,,2,2,2,2,2,2,2,,7,,,1,1,,,1,1,,,1,2,2,,,1,1,2,1,2,,,1,2,2,,,,,2,,,,,,3,3,3,3,,1,,1,0,1,4,4,4,2,1,1,1,1,0
Ghana,GHA,152896573,0.504506027,2,22,2,5,1,2,1,0,1,,,2,,,,,,,,,,,,,,,2,2,2,2,2,1,2,2,,,,,,,1,1,2,1,2,,,2,2,2,,,,1,1,1,2,2,2,2,,1,1,1,2,,,,1,2,2,1,2,,,,,,1,2,2,2,2,2,,2,2,,,,,2,,,,,,2,1,1,1,3,1,,1,0,3,4,4,4,4,2,1,1,1,0
Ghana,GHA,123316687,2.010458712,2,76,2,1,2,2,1,1,0,2,2,2,,,2,2,2,,,,2,,2,,2,,,,,,,,,,2,2,2,1,2,1,,,,,2,,,2,2,2,,,,2,2,,2,2,2,2,,7,,,2,,,,1,1,,,2,,,,,,2,,,,,,,2,2,,,,,2,,,,,,1,1,1,4,2,1,,0,0,4,4,4,4,4,1,2,2,1,0
Ghana,GHA,130894288,0.338447624,1,25,2,4,2,2,1,0,1,,,2,,,,,,,,,,,,,,,2,2,2,2,2,2,2,2,,,,,,,2,1,1,1,2,,,2,2,2,,,,2,2,2,2,2,2,1,,2,2,1,2,,,,2,,,,2,,,,,,2,,,,,,,2,2,,,,,2,,,,,,3,1,3,3,,1,,0,1,4,4,4,4,4,5,2,1,1,0
Ghana,GHA,121380362,1.224332147,2,19,1,1,2,1,1,0,1,,,2,,,,,,,,,,,,,,,1,2,1,2,2,2,1,1,,,,,,,1,1,2,1,2,,,2,2,2,,,,2,2,1,2,2,2,2,,2,1,1,1,2,1,1,1,2,1,1,2,,,,,,2,,,,,,,2,2,,,,,2,,,,,,1,1,1,1,2,3,,1,0,4,4,4,4,4,2,2,2,1,0
Ghana,GHA,118187340,1.193258523,1,32,2,5,1,2,1,1,1,2,2,1,2,,1,1,2,,,,1,1,1,1,1,,,,,,,,,,,,,,,,1,1,2,1,3,,,2,1,2,,,,1,1,1,2,2,2,2,,1,3,3,1,1,,,1,1,,,2,,,,,,2,,,,,,,1,2,1,2,,,2,,,,,,3,3,3,3,,3,,1,0,4,1,4,4,4,1,1,1,1,0
Ghana,GHA,165244252,0.959757073,2,20,2,4,1,2,1,0,1,,,2,,,,,,,,,,,,,,,2,1,1,1,2,1,2,1,,,,,,,1,1,1,1,2,,,2,1,2,,,,2,2,1,1,1,2,1,1,1,1,1,1,1,,,1,1,,,1,2,2,,,1,1,2,2,2,1,,,1,2,2,2,1,,2,,,,,,1,1,1,1,2,1,,1,1,2,2,4,4,2,1,1,1,1,0
Ghana,GHA,125306864,0.394931029,1,17,1,3,1,1,0,0,0,,,2,,,,,,,,,,,,,,1,1,2,2,2,2,2,2,2,2,2,2,2,1,2,,,,,2,,,4,2,2,,,,2,2,,2,2,2,2,,2,1,1,2,,,,2,,,,2,,,,,,2,,,,,,,3,2,,,,,1,1,2,2,1,,2,2,1,3,2,1,,0,0,4,5,4,2,4,5,1,2,0,0
Ghana,GHA,125785000,0.975852641,1,20,2,2,1,1,1,0,1,,,2,,,,,,,,,,,,,,,2,2,2,2,2,1,2,2,,,,,,,1,2,2,1,2,,,2,1,2,,,,2,2,2,2,2,2,1,,2,2,1,1,1,,,1,1,,,2,,,,,,1,2,2,2,1,,,2,2,,,,,2,,,,,,2,1,3,1,2,1,,0,1,2,4,4,4,4,1,1,2,1,0
Ghana,GHA,125469957,0.340630218,2,18,2,4,1,1,1,0,1,,,2,,,,,,,,,,,,,,,2,2,2,2,2,1,2,2,,,,,,,1,1,2,1,1,2,,2,2,2,,,,2,2,1,2,1,2,1,,2,1,1,1,1,,,2,,,,2,,,,,,1,2,2,1,,,2,2,2,,,,,1,1,2,2,1,,1,1,1,2,4,1,,1,1,1,4,4,2,4,1,1,1,1,1
Ghana,GHA,118146758,0.665882598,2,28,2,2,1,2,1,0,1,,,2,,,,,,,,,,,,,,,2,2,2,2,2,2,2,1,,,,,,,1,1,2,1,2,,,2,1,2,,,,2,2,1,2,2,2,2,,7,,,2,,,,1,1,,,2,,,,,,2,,,,,,,2,2,,,,,2,,,,,,2,1,3,1,2,1,,1,0,4,4,4,4,4,1,1,1,1,0
Ghana,GHA,150312407,0.411026697,2,27,2,5,1,2,1,1,1,2,2,1,4,,2,1,2,,,,1,1,1,1,1,,,,,,,,,,,,,,,,1,1,2,1,2,,,2,1,2,,,,1,2,1,2,2,2,2,,8,,,1,1,,,1,1,,,1,2,2,,,1,1,2,2,2,1,,,2,2,,,,,2,,,,,,3,3,3,3,,1,,1,0,2,4,4,4,2,1,1,1,1,0
Ghana,GHA,161020374,0.780226261,1,30,2,2,2,2,0,0,0,,,2,,,,,,,,,,,,,,1,2,2,1,1,2,2,1,1,2,1,2,1,2,2,,,,,2,,,2,1,2,,,,1,1,,2,2,2,1,,8,,,2,,,,2,,,,2,,,,,,2,,,,,,,2,2,,,,,3,,,,,,1,2,1,1,1,1,,1,1,4,4,4,5,4,5,1,1,0,0
Ghana,GHA,144259149,1.648449594,2,25,1,5,1,2,1,1,1,2,2,1,2,,1,2,2,,,,1,1,1,1,1,,,,,,,,,,,,,,,,1,1,2,1,2,,,2,1,2,,,,1,2,1,2,2,2,2,,1,3,1,1,2,2,1,1,1,,,1,2,2,,,2,2,,,,,,,2,2,,,,,2,,,,,,3,3,3,3,,1,,1,0,4,4,4,4,3,1,1,1,1,0
Ghana,GHA,187417361,1.015342871,1,25,2,3,1,2,1,1,1,2,2,2,,,1,2,2,,,,1,1,1,2,1,,,,,,,,,,,,,,,,1,1,1,1,2,,,2,2,2,,,,2,2,2,2,2,2,1,,2,1,1,1,1,,,1,1,,,2,,,,,,2,,,,,,,2,2,,,,,2,,,,,,2,1,3,3,2,2,,0,1,4,4,4,4,4,1,1,2,1,0
Ghana,GHA,160459372,0.562410403,1,21,1,1,2,2,1,0,1,,,2,,,,,,,,,,,,,,,2,2,2,2,2,2,2,2,,,,,,,1,1,2,1,2,,,2,2,2,,,,2,2,1,2,2,2,2,,2,1,1,2,,,,1,1,,,2,,,,,,2,,,,,,,2,2,,,,,2,,,,,,1,1,1,1,1,1,,1,0,4,4,4,4,4,1,1,1,1,0
Ghana,GHA,198411965,0.813226753,1,32,1,5,1,2,1,0,1,,,2,,,,,,,,,,,,,,,2,2,2,2,2,2,2,2,,,,,,,1,3,2,1,3,,,2,1,2,,,,3,2,3,2,2,2,2,,8,,,1,1,,,1,1,,,1,2,2,,,1,2,,,,,,,2,2,,,,,2,,,,,,3,3,3,3,,1,,0,0,4,4,4,4,2,1,1,2,1,0
Ghana,GHA,124612693,1.097785146,1,22,1,2,1,2,0,0,0,,,2,,,,,,,,,,,,,,2,2,2,2,2,2,1,2,1,2,2,2,2,2,1,,,,,2,,,2,2,2,,,,2,2,,2,2,2,1,,2,2,1,2,,,,2,,,,1,2,2,,,1,2,,,,,,,2,1,2,2,2,2,1,1,2,2,1,,1,1,2,1,2,1,,0,1,4,4,3,2,2,5,2,2,0,0
Ghana,GHA,197409926,0.479878536,2,23,2,5,1,2,1,0,1,,,2,,,,,,,,,,,,,,,2,2,2,1,2,2,1,2,,,,,,,1,1,2,1,2,,,2,1,2,,,,2,2,1,2,2,2,2,,1,3,3,1,1,,,1,1,,,1,2,2,,,1,2,,,,,,,2,2,,,,,2,,,,,,3,3,2,2,4,2,,1,0,4,4,4,4,2,1,1,1,1,0
Ghana,GHA,161373094,0.721116431,2,42,2,4,1,2,1,0,1,,,2,,,,,,,,,,,,,,,2,2,2,2,2,2,2,2,,,,,,,1,1,2,1,2,,,2,2,2,,,,2,2,1,2,2,2,2,,3,2,2,1,1,,,1,1,,,2,,,,,,2,,,,,,,2,2,,,,,2,,,,,,1,1,3,3,2,1,,1,0,4,4,4,4,4,1,1,1,1,0
Ghana,GHA,203738017,0.477039213,2,40,2,2,1,1,1,0,1,,,2,,,,,,,,,,,,,,,2,2,2,2,2,1,2,2,,,,,,,1,2,1,1,2,,,2,1,2,,,,2,2,2,2,1,2,1,,2,1,1,2,,,,2,,,,1,2,2,,,1,2,,,,,,,2,2,,,,,2,,,,,,1,1,1,1,2,1,,0,1,4,4,4,4,2,5,1,1,1,0
Ghana,GHA,165122734,0.607831204,1,24,2,3,1,1,1,0,1,,,2,,,,,,,,,,,,,,,2,2,2,2,2,1,2,2,,,,,,,1,1,2,1,1,1,,1,1,2,,,,2,2,1,2,2,2,1,,4,2,1,1,1,,,1,1,,,2,,,,,,2,,,,,,,2,2,,,,,2,,,,,,1,1,2,3,2,2,,1,1,4,4,4,4,4,1,1,2,1,1
Ghana,GHA,196340701,0.980258295,2,38,2,4,1,1,1,0,1,,,2,,,,,,,,,,,,,,,2,2,1,1,2,1,2,2,,,,,,,1,1,2,1,1,2,,1,1,2,,,,2,2,1,1,2,2,1,2,4,3,3,1,1,,,1,1,,,1,2,2,,,1,1,2,2,1,,,2,2,2,,,,,1,2,2,2,1,,1,1,3,3,1,1,,1,1,1,4,4,2,2,1,1,2,1,1
Ghana,GHA,155762086,2.81570449,2,52,1,2,1,1,0,0,0,,,2,,,,,,,,,,,,,,2,1,1,2,1,2,1,2,2,2,2,2,2,1,1,,,,,2,,,2,2,2,,,,2,2,,2,1,2,1,,5,1,4,2,,,,1,2,1,1,2,,,,,,2,,,,,,,2,2,,,,,1,1,2,2,1,,1,1,1,1,2,1,,1,1,4,4,4,2,4,2,2,2,0,0
Ghana,GHA,194439731,0.479878536,2,20,2,5,1,2,1,1,1,1,2,1,1,2,1,2,2,,,,1,2,1,2,1,,,,,,,,,,,,,,,,1,1,2,1,2,,,2,1,2,,,,1,1,1,1,2,2,2,2,1,2,1,1,1,,,2,,,,2,,,,,,1,1,1,1,,,2,2,2,,,,,2,,,,,,1,1,2,1,1,1,,1,0,1,4,4,4,4,1,1,1,1,0
Ghana,GHA,179740415,0.332865319,2,29,2,5,1,2,1,0,1,,,2,,,,,,,,,,,,,,,2,3,2,1,2,1,2,1,,,,,,,1,1,2,1,2,,,2,1,2,,,,2,2,1,2,2,2,1,,6,1,1,1,1,,,1,1,,,2,,,,,,2,,,,,,,2,2,,,,,2,,,,,,1,1,2,1,3,1,,1,1,4,4,4,4,4,1,1,1,1,0
Ghana,GHA,111146058,0.332865319,2,30,2,4,1,2,1,1,1,1,2,2,,,1,1,2,,,,1,2,1,2,1,,,,,,,,,,,,,,,,1,1,1,1,1,2,,1,1,2,,,,2,2,1,2,2,2,2,,1,2,2,1,1,,,1,1,,,1,2,2,,,1,1,2,1,1,,,2,2,2,,,,,2,,,,,,3,3,1,1,3,1,,1,1,1,4,4,4,2,1,1,1,1,1
Ghana,GHA,123796803,0.306325514,1,23,2,5,1,2,1,1,1,2,2,1,2,,2,2,2,,,,1,2,1,2,2,,,,,,,,,,,,,,,,1,1,1,1,1,2,,2,1,2,,,,2,2,1,2,2,2,2,,1,3,2,1,1,,,1,1,,,1,2,2,,,1,2,,,,,,,1,2,1,2,,,2,,,,,,3,1,1,4,3,2,,1,1,4,1,4,4,2,1,1,1,1,1
Ghana,GHA,143417869,1.117319711,1,26,2,2,1,2,1,0,1,,,2,,,,,,,,,,,,,,,2,2,2,1,2,2,1,1,,,,,,,1,1,1,1,2,,,2,2,2,,,,2,2,2,2,2,2,2,,2,1,1,1,1,,,1,1,,,2,,,,,,2,,,,,,,2,2,,,,,2,,,,,,1,2,2,1,2,1,,0,1,4,4,4,4,4,1,1,1,1,0
Ghana,GHA,125147191,0.306325514,1,30,2,3,1,1,1,0,1,,,2,,,,,,,,,,,,,,,1,2,2,2,2,1,2,2,,,,,,,1,1,2,2,2,,,2,2,2,,,,2,1,2,2,2,2,2,,1,1,1,1,1,,,1,1,,,2,,,,,,2,,,,,,,2,2,,,,,2,,,,,,1,1,1,1,1,3,,1,0,4,4,4,4,4,1,1,1,1,0
Ghana,GHA,128991159,0.901090465,1,23,1,2,1,1,0,0,0,,,2,,,,,,,,,,,,,,2,1,2,2,2,3,1,2,2,2,2,2,1,1,2,,,,,2,,,2,2,2,,,,2,2,,1,2,2,2,2,3,2,1,2,,,,2,,,,2,,,,,,2,,,,,,,2,2,,,,,2,,,,,,1,2,4,1,2,1,,1,0,4,4,4,4,4,5,1,2,0,0
Ghana,GHA,206215623,0.390113131,1,25,2,5,1,2,1,1,1,1,2,2,,,1,2,2,,,,1,1,1,1,1,,,,,,,,,,,,,,,,1,1,2,1,2,,,1,1,2,,,,1,1,1,2,2,2,2,,1,2,1,2,,,,2,,,,1,2,1,1,,,1,2,1,2,,,2,2,2,,,,,2,,,,,,3,3,3,3,,2,,1,0,1,4,4,4,1,5,1,1,1,0
Ghana,GHA,166151626,0.522590304,1,35,2,1,1,2,1,1,1,2,2,2,,,2,2,2,,,,2,,2,,2,,,,,,,,,,,,,,,,2,2,2,1,2,,,2,1,2,,,,2,2,2,2,2,2,1,,2,1,1,2,,,,1,1,,,1,2,2,,,1,2,,,,,,,2,2,,,,,2,,,,,,1,1,1,1,3,1,,0,1,4,4,4,4,2,1,1,2,1,0
Ghana,GHA,133884355,0.325863541,2,34,2,1,1,2,1,1,0,,,1,2,,2,1,2,,,,2,,1,2,1,,,,,,,,,,2,2,2,1,2,2,,,,,2,,,2,1,2,,,,2,2,,2,2,2,2,,1,1,1,2,,,,2,,,,2,,,,,,2,,,,,,,2,1,1,2,,,2,,,,,,1,1,1,1,1,1,,0,0,4,4,1,4,4,5,1,1,1,0
Ghana,GHA,178552428,0.797606961,1,27,1,4,1,2,1,1,1,2,2,2,,,1,1,2,,,,1,1,2,,1,,,,,,,,,,,,,,,,1,1,2,1,2,,,2,1,2,,,,3,2,2,2,2,2,2,,8,,,1,1,,,1,1,,,1,2,2,,,1,1,2,2,2,1,,,2,2,,,,,2,,,,,,1,3,3,3,,1,,0,0,2,4,4,4,2,1,1,1,1,0
Ghana,GHA,171501303,0.928762304,1,19,2,4,2,2,1,1,1,,,2,,,,,,,,,,,,,,,2,2,2,2,2,1,1,2,,,,,,,1,1,2,1,2,,,2,1,2,,,,2,2,1,2,2,2,1,,2,3,2,1,1,,,1,1,,,2,,,,,,2,,,,,,,1,2,2,2,2,1,2,,,,,,3,1,2,1,2,2,,1,1,4,1,4,4,4,1,1,1,1,0
Ghana,GHA,208231596,0.306325514,2,30,2,5,1,1,1,0,1,,,2,,,,,,,,,,,,,,,2,1,2,2,2,1,2,2,,,,,,,1,1,2,1,1,1,,2,2,2,,,,2,1,1,2,2,2,2,,1,1,1,1,1,,,1,1,,,1,2,2,,,2,1,2,2,1,,,2,2,2,,,,,1,1,2,1,,,1,1,1,1,2,1,,1,0,1,4,4,1,3,1,1,2,1,1
Ghana,GHA,187031031,1.850983323,1,56,2,1,2,2,1,1,1,2,2,2,,,2,1,2,,,,2,,2,,2,,,,,,,,,,,,,,,,1,1,1,2,2,,,2,2,2,,,,2,1,2,2,2,2,2,,6,3,2,1,2,1,1,2,,,,2,,,,,,2,,,,,,,2,2,,,,,2,,,,,,1,2,1,3,3,1,,1,1,4,4,4,4,4,2,1,2,1,0
Ghana,GHA,206872842,0.306325514,2,27,2,4,1,1,1,0,1,,,2,,,,,,,,,,,,,,,2,2,2,2,2,1,2,2,,,,,,,1,1,1,1,1,1,,2,2,2,,,,2,2,1,2,2,2,2,,2,2,1,1,1,,,1,1,,,2,,,,,,2,,,,,,,2,2,,,,,1,1,2,1,,,1,2,1,2,2,1,,1,1,4,4,4,1,4,1,1,1,1,1
Ghana,GHA,194755964,0.928762304,1,24,2,4,2,2,0,0,0,,,2,,,,,,,,,,,,,,2,2,2,2,2,2,1,2,1,,,,,,,,,,,1,1,,2,1,2,,,,2,2,2,2,2,2,2,,2,1,1,1,2,1,1,1,2,1,1,2,,,,,,2,,,,,,,2,2,,,,,2,,,,,,1,1,1,1,4,1,,0,1,4,4,4,4,4,2,1,2,0,0
Ghana,GHA,211018978,0.792950147,2,20,2,3,1,1,1,0,1,,,2,,,,,,,,,,,,,,,2,2,2,2,2,1,2,2,,,,,,,1,1,2,1,1,2,,2,1,1,1,2,,2,2,1,2,2,2,2,,6,1,1,1,1,,,1,1,,,1,2,2,,,1,2,,,,,,,2,2,,,,,2,,,,,,1,1,1,1,1,2,,1,1,4,4,4,4,2,1,1,1,1,1
Ghana,GHA,157047688,0.780226261,1,25,2,5,2,1,1,1,1,2,2,1,2,,1,1,2,,,,1,1,1,1,1,,,,,,,,,,,,,,,,1,1,2,1,2,,,2,1,2,,,,1,1,1,2,2,2,2,,8,,,1,1,,,1,1,,,2,,,,,,2,,,,,,,2,2,,,,,2,,,,,,3,3,3,3,,1,,1,0,4,4,4,4,4,1,1,1,1,0
Ghana,GHA,174023342,1.777681951,2,21,2,2,1,1,1,0,1,,,2,,,,,,,,,,,,,,,1,2,2,2,2,1,2,2,,,,,,,2,1,2,1,2,,,2,1,2,,,,2,2,1,2,2,2,2,,2,2,1,1,1,,,1,1,,,2,,,,,,2,,,,,,,2,2,,,,,1,3,2,2,1,,1,1,4,1,4,1,,1,0,4,4,4,2,4,1,1,1,1,0
Ghana,GHA,140715908,1.103330005,1,20,2,3,2,2,1,0,1,,,2,,,,,,,,,,,,,,,2,2,1,2,2,1,2,2,,,,,,,1,1,1,1,1,1,,2,1,2,,,,2,2,2,2,2,2,2,,4,2,1,2,,,,1,1,,,2,,,,,,2,,,,,,,2,2,,,,,2,,,,,,1,1,2,3,2,1,,0,1,4,4,4,4,4,1,1,2,1,1
Ghana,GHA,208897984,0.913661288,2,38,2,3,1,2,1,1,0,2,2,2,,,2,2,2,,,,1,1,1,1,1,,,,,,,,,,2,2,2,2,2,2,,,,,2,,,2,2,2,,,,2,1,,2,2,2,1,,4,2,1,1,2,1,1,2,,,,1,2,2,,,1,2,,,,,,,2,2,,,,,2,,,,,,1,3,2,3,1,3,,1,1,4,4,4,4,2,2,1,1,0,0
Ghana,GHA,160003332,0.948601452,1,35,2,2,1,1,0,0,0,,,2,,,,,,,,,,,,,,2,2,2,2,2,2,1,2,2,2,2,2,2,1,1,,,,,2,,,2,2,2,,,,2,2,,2,2,2,2,,7,,,2,,,,2,,,,1,2,2,,,1,2,,,,,,,2,2,,,,,1,1,2,2,1,,1,1,1,1,2,1,,0,0,4,4,4,2,2,5,2,2,0,0
Ghana,GHA,137912223,2.013584471,1,48,2,2,1,1,1,0,1,,,2,,,,,,,,,,,,,,,2,2,2,2,2,1,2,2,,,,,,,1,2,2,2,2,,,2,1,2,,,,2,2,2,2,2,2,2,,7,,,2,,,,2,,,,1,2,2,,,1,2,,,,,,,2,2,,,,,2,,,,,,2,1,1,1,2,1,,0,0,4,4,4,4,2,5,1,2,1,0
Ghana,GHA,206260718,0.395429802,2,29,2,5,1,2,0,0,0,,,2,,,,,,,,,,,,,,2,2,2,2,2,2,2,2,2,2,2,2,2,2,2,,,,,2,,,2,2,2,,,,2,2,,2,2,2,2,,7,,,1,2,1,2,2,,,,1,2,2,,,1,2,,,,,,,2,2,,,,,2,,,,,,2,2,2,2,2,1,,0,0,4,4,4,4,2,3,2,2,0,0
Ghana,GHA,130933247,1.436596417,2,25,1,1,1,1,1,1,0,2,2,2,,,2,1,2,,,,2,,2,,2,,,,,,,,,,2,3,2,3,2,2,,,,,2,,,2,2,2,,,,2,2,,2,2,2,2,,8,,,2,,,,2,,,,2,,,,,,2,,,,,,,2,2,,,,,1,1,2,2,1,,1,1,1,1,2,1,,0,0,4,4,4,2,4,5,1,2,0,0
Ghana,GHA,147674519,0.306325514,2,34,2,3,1,1,1,1,0,2,1,1,2,,1,2,2,,,,1,2,1,1,2,,,,,,,,,,1,1,2,1,1,1,,,,,2,,,2,2,2,,,,2,1,,2,2,2,1,,1,2,2,1,2,1,2,2,,,,2,,,,,,2,,,,,,,2,2,,,,,2,,,,,,2,2,2,2,1,2,,1,1,4,4,4,4,4,3,1,1,1,0
Ghana,GHA,150856804,0.925736402,2,38,3,5,1,2,1,1,1,1,2,1,1,1,1,1,2,,,,1,2,1,1,1,,,,,,,,,,,,,,,,1,1,1,1,1,2,,1,1,1,3,2,,1,1,1,1,1,1,2,2,1,3,2,1,1,,,1,1,,,1,2,1,2,,,1,1,1,2,,,1,2,2,,,,,2,,,,,,1,1,2,1,2,1,,1,1,1,4,4,4,1,1,1,1,1,1
Ghana,GHA,132904853,0.746872051,2,33,2,2,1,2,1,1,1,1,1,1,1,2,1,1,2,,,,1,2,1,1,1,,,,,,,,,,,,,,,,1,2,2,1,1,2,,1,1,1,3,2,,1,2,2,1,2,1,1,1,1,2,2,1,1,,,1,1,,,1,1,1,2,,,1,1,1,2,,,1,2,2,,,,,2,,,,,,2,1,1,2,1,1,,1,1,1,4,4,4,1,1,1,1,1,1
Ghana,GHA,170540398,0.504506027,2,24,2,2,1,2,0,0,0,,,2,,,,,,,,,,,,,,1,1,2,2,2,2,1,2,2,1,2,2,1,1,2,,,,,1,2,,2,2,2,,,,2,2,,2,2,2,1,,5,2,1,1,1,,,2,,,,2,,,,,,2,,,,,,,2,2,,,,,1,1,2,2,1,,1,1,1,1,1,1,,1,1,4,4,4,2,4,1,1,2,0,0
Ghana,GHA,184666876,0.59256065,2,24,2,5,1,2,1,1,1,2,2,1,2,,1,1,2,,,,1,1,1,1,1,,,,,,,,,,,,,,,,1,1,2,1,3,,,2,1,2,,,,2,2,1,2,2,2,2,,7,,,1,1,,,1,1,,,1,2,2,,,1,1,2,2,2,1,,,2,2,,,,,1,1,2,2,1,,2,2,1,3,2,1,,1,0,2,4,4,2,2,1,1,1,1,0
Ghana,GHA,145287563,0.959976148,2,21,2,2,1,2,0,0,0,,,2,,,,,,,,,,,,,,1,2,2,2,2,2,1,1,2,,,,,,,,,,,2,,,2,1,2,,,,1,2,1,2,2,2,2,,2,2,1,1,1,,,1,1,,,2,,,,,,2,,,,,,,2,2,,,,,2,,,,,,2,2,4,1,4,1,,1,1,4,4,4,4,4,1,1,1,0,0
Ghana,GHA,202469830,1.662551739,2,57,1,1,1,1,0,0,0,,,2,,,,,,,,,,,,,,2,1,2,2,3,2,2,3,2,1,2,2,2,1,2,,,,,2,,,2,2,2,,,,2,2,,1,2,2,2,2,5,1,1,2,,,,2,,,,2,,,,,,2,,,,,,,2,2,,,,,1,3,2,2,1,,1,1,1,2,1,1,,1,1,4,4,4,2,4,5,1,2,0,0
Ghana,GHA,142341220,0.722752275,1,26,3,5,1,2,1,1,1,2,2,1,1,1,1,1,1,2,,1,1,1,1,1,1,,,,,,,,,,,,,,,,1,1,2,1,1,2,,1,1,1,3,2,,1,1,1,2,2,1,2,,1,3,3,1,1,,,1,1,,,1,1,1,2,,,1,1,1,2,,,1,1,2,1,2,,,2,,,,,,1,1,2,2,1,2,,1,1,1,1,4,4,1,1,1,1,1,1
Ghana,GHA,141432031,0.522590304,1,38,2,4,1,1,1,0,1,,,2,,,,,,,,,,,,,,,2,2,2,2,2,1,2,2,,,,,,,1,2,2,1,2,,,2,1,2,,,,2,2,2,2,2,2,1,,7,,,1,2,2,1,1,1,,,1,2,2,,,1,2,,,,,,,2,2,,,,,2,,,,,,1,1,1,1,4,1,,0,1,4,4,4,4,2,1,1,2,1,0
Ghana,GHA,154442489,0.625036842,1,26,1,5,1,1,1,1,1,,,3,,,,,,,,,,,,,,,1,2,2,1,2,2,2,2,,,,,,,1,1,2,1,2,,,2,1,2,,,,2,2,1,2,2,2,2,,5,2,2,1,2,1,1,2,,,,2,,,,,,2,,,,,,,2,2,,,,,1,1,1,1,,,2,1,3,3,2,1,,1,0,4,4,4,1,4,2,1,2,1,0
Ghana,GHA,123901696,1.26640224,1,50,2,2,2,1,1,0,1,,,2,,,,,,,,,,,,,,,2,2,2,2,2,1,2,1,,,,,,,1,1,2,1,2,,,2,1,2,,,,2,2,2,2,2,2,2,,2,1,1,1,1,,,1,1,,,2,,,,,,1,2,2,2,1,,,2,2,,,,,2,,,,,,1,1,2,1,4,3,,0,1,2,4,4,4,4,1,1,1,1,0
Ghana,GHA,139160818,0.504506027,2,18,2,4,1,2,1,0,1,,,2,,,,,,,,,,,,,,,1,2,2,2,2,1,2,2,,,,,,,1,2,2,1,2,,,2,1,2,,,,2,2,2,1,1,2,1,2,5,1,1,1,1,,,1,1,,,1,2,2,,,1,2,,,,,,,2,2,,,,,2,,,,,,1,1,1,1,4,1,,1,1,4,4,4,4,2,1,1,1,1,0
Ghana,GHA,168860226,1.18942522,2,21,2,3,1,2,1,0,1,,,2,,,,,,,,,,,,,,,1,2,1,1,2,2,2,2,,,,,,,1,1,1,1,1,2,,2,1,1,1,2,,2,2,1,2,2,2,1,,2,2,1,2,,,,1,1,,,2,,,,,,2,,,,,,,2,2,,,,,2,,,,,,3,1,3,2,4,1,,1,1,4,4,4,4,4,1,1,1,1,1
Ghana,GHA,144340914,0.839494721,1,35,2,4,1,2,1,1,1,1,1,1,2,,1,2,2,,,,1,1,1,1,1,,,,,,,,,,,,,,,,1,1,2,2,1,2,,1,1,2,,,,2,2,1,1,2,2,1,1,3,3,3,2,,,,1,1,,,1,1,1,1,,,2,,,,,,,2,2,,,,,1,1,2,1,,,1,1,1,1,4,1,,1,1,4,4,4,1,1,1,1,2,1,1
Ghana,GHA,191014548,0.464381152,1,21,2,4,1,2,1,0,1,,,2,,,,,,,,,,,,,,,2,2,2,2,2,1,2,2,,,,,,,1,1,2,1,1,2,,1,1,1,2,1,,2,2,1,2,2,2,1,,2,1,1,1,1,,,1,1,,,1,2,1,1,,,2,,,,,,,2,2,,,,,2,,,,,,1,1,2,3,1,1,,1,1,4,4,4,4,1,1,1,1,1,1
Ghana,GHA,146084399,0.306325514,1,25,2,3,1,1,1,0,1,,,2,,,,,,,,,,,,,,,2,2,2,2,2,1,2,2,,,,,,,1,1,2,1,2,,,2,2,2,,,,2,2,1,2,2,2,2,,2,1,1,2,,,,2,,,,2,,,,,,2,,,,,,,2,2,,,,,2,,,,,,1,1,1,1,3,3,,1,0,4,4,4,4,4,5,1,2,1,0
Ghana,GHA,184529757,1.185121301,2,17,1,5,2,2,0,0,0,,,2,,,,,,,,,,,,,,1,2,2,2,2,2,2,2,2,2,2,1,1,2,2,,,,,2,,,2,2,2,,,,2,2,,2,2,2,2,,7,,,2,,,,2,,,,2,,,,,,2,,,,,,,2,2,,,,,2,,,,,,2,3,3,3,,1,,0,0,4,4,4,4,4,5,1,1,0,0
Ghana,GHA,183823206,0.825800751,2,35,1,1,2,2,0,0,0,,,2,,,,,,,,,,,,,,2,2,2,2,4,2,1,2,1,2,2,2,1,2,2,,,,,2,,,2,2,2,,,,2,2,,2,2,2,1,,7,,,2,,,,1,2,1,1,2,,,,,,2,,,,,,,2,2,,,,,2,,,,,,1,1,1,4,3,1,,0,1,4,4,4,4,4,2,1,2,0,0
Ghana,GHA,156551914,0.376375302,1,25,2,1,2,1,1,0,1,,,2,,,,,,,,,,,,,,,2,2,2,1,2,1,2,1,,,,,,,1,1,2,1,2,,,2,1,2,,,,2,2,1,2,2,2,2,,7,,,1,1,,,1,1,,,2,,,,,,2,,,,,,,2,2,,,,,2,,,,,,1,2,3,3,2,2,,1,0,4,4,4,4,4,1,1,2,1,0
Ghana,GHA,138432822,0.343339568,2,47,2,1,1,1,1,0,1,,,2,,,,,,,,,,,,,,,1,1,2,1,2,1,2,2,,,,,,,1,2,1,1,1,1,,1,1,1,2,1,,2,2,2,2,1,2,2,,4,2,1,1,1,,,1,1,,,1,2,1,1,,,2,,,,,,,1,2,2,2,2,2,2,,,,,,1,1,1,1,2,1,,0,1,4,3,4,4,1,1,1,1,1,1
Ghana,GHA,171804920,0.925947711,2,41,3,2,1,2,1,1,1,1,1,2,,,1,2,2,,,,1,2,1,2,1,,,,,,,,,,,,,,,,1,1,2,1,2,,,2,1,2,,,,1,1,2,2,2,2,1,,1,2,2,1,1,,,1,2,1,2,1,2,2,,,1,1,1,1,2,,,2,1,2,1,2,,,1,1,2,2,1,,1,1,1,1,2,1,,1,1,1,1,4,2,2,1,1,1,1,0
Ghana,GHA,208445042,0.806264067,2,28,2,5,1,2,1,1,1,2,2,1,2,,1,1,2,,,,1,2,1,1,1,,,,,,,,,,,,,,,,1,1,2,1,2,,,2,1,2,,,,1,1,1,2,2,2,1,,1,3,2,1,1,,,1,1,,,1,2,1,1,,,1,2,2,2,1,,,2,2,,,,,2,,,,,,1,1,1,2,2,1,,1,1,2,4,4,4,1,1,1,1,1,0
Ghana,GHA,122111012,0.402295434,1,22,2,3,1,1,1,0,1,,,2,,,,,,,,,,,,,,,1,2,2,2,2,2,2,2,,,,,,,1,1,2,1,2,,,1,1,2,,,,2,2,2,2,2,2,1,,2,1,1,1,1,,,1,1,,,1,2,1,1,,,1,2,2,1,,,2,2,2,,,,,2,,,,,,1,1,1,1,1,1,,0,1,1,4,4,4,1,1,1,1,1,0
Ghana,GHA,182057809,1.363838871,1,16,2,5,2,2,0,0,0,,,2,,,,,,,,,,,,,,1,2,2,1,2,2,1,2,1,2,2,2,2,2,1,,,,,2,,,2,2,2,,,,2,2,,2,2,2,1,,2,3,5,2,,,,2,,,,2,,,,,,2,,,,,,,2,2,,,,,2,,,,,,3,2,3,2,2,3,,1,1,4,4,4,4,4,5,2,2,0,0
Ghana,GHA,203915733,0.959976148,2,22,2,2,1,2,1,0,1,,,2,,,,,,,,,,,,,,,2,2,2,2,2,1,2,2,,,,,,,1,1,2,1,1,2,,2,1,2,,,,2,2,1,2,2,2,2,,2,1,1,1,1,,,1,1,,,2,,,,,,2,,,,,,,2,2,,,,,1,1,2,2,1,,2,1,1,1,2,2,,1,0,4,4,4,2,4,1,1,2,1,1
Ghana,GHA,169385086,0.975331941,2,35,1,2,1,2,0,0,0,,,2,,,,,,,,,,,,,,2,2,2,2,2,2,1,2,1,2,2,2,2,2,2,,,,,2,,,2,2,2,,,,2,2,,2,2,2,2,,4,2,1,1,2,1,2,2,,,,1,2,2,,,1,2,,,,,,,2,2,,,,,1,3,2,2,1,,2,1,1,1,2,1,,0,1,4,4,4,2,2,3,1,2,0,0
Ghana,GHA,127018832,0.464381152,1,24,2,3,1,2,1,1,1,1,2,1,2,,1,1,2,,,,1,2,1,2,1,,,,,,,,,,,,,,,,1,1,1,1,1,2,,1,1,1,3,2,,2,1,1,2,2,2,2,,1,3,2,1,1,,,1,1,,,1,2,1,2,,,1,2,1,2,,,2,1,2,2,2,2,1,2,,,,,,1,1,2,1,2,2,,1,1,1,1,4,4,1,1,1,1,1,1
Ghana,GHA,205230519,0.665730638,2,32,2,3,1,2,1,1,1,1,2,2,,,1,2,2,,,,1,2,1,2,1,,,,,,,,,,,,,,,,1,1,2,1,1,2,,2,1,2,,,,2,1,1,2,2,2,2,,1,3,2,1,1,,,1,1,,,1,2,2,,,1,1,2,1,1,,,2,2,2,,,,,2,,,,,,1,1,1,1,3,1,,1,0,1,4,4,4,2,1,1,1,1,1
Ghana,GHA,187957630,0.397752841,1,27,1,5,1,2,1,1,1,2,2,2,,,1,1,2,,,,1,1,1,1,1,,,,,,,,,,,,,,,,1,1,1,1,2,,,2,1,2,,,,1,2,2,2,2,2,2,,1,3,3,1,1,,,1,1,,,2,,,,,,2,,,,,,,1,2,1,2,,,2,,,,,,3,3,3,3,,1,,1,1,4,1,4,4,4,1,1,1,1,0
Ghana,GHA,180120873,1.861312342,1,34,1,2,1,2,0,0,0,,,2,,,,,,,,,,,,,,1,2,2,2,2,2,2,2,2,2,2,2,2,2,2,,,,,2,,,2,2,2,,,,2,2,,1,1,2,1,1,2,2,1,2,,,,1,2,1,2,2,,,,,,2,,,,,,,2,2,,,,,2,,,,,,2,1,4,4,2,1,,1,1,4,4,4,4,4,3,1,2,0,0
Ghana,GHA,117610074,1.362126314,1,40,1,1,1,2,1,1,0,,,1,2,,2,2,2,,,,2,,2,,2,,,,,,,,,,2,2,2,2,2,2,,,,,2,,,1,2,2,,,,2,2,,2,2,2,1,,2,1,1,2,,,,2,,,,1,2,2,,,1,2,,,,,,,2,2,,,,,2,,,,,,1,1,1,1,2,1,,0,1,4,4,4,4,2,5,1,2,1,0
Ghana,GHA,160814886,1.590073897,2,49,2,3,1,2,0,0,0,,,2,,,,,,,,,,,,,,2,2,2,1,2,2,2,2,1,,,,,,,,,,,2,,,3,1,2,,,,2,2,1,2,2,2,1,,7,,,2,,,,1,1,,,2,,,,,,2,,,,,,,2,2,,,,,2,,,,,,1,1,2,3,1,2,,1,1,4,4,4,4,4,1,1,2,0,0
Ghana,GHA,159495308,0.384869013,2,30,2,4,2,2,1,0,1,,,2,,,,,,,,,,,,,,,2,2,2,2,2,2,2,2,,,,,,,1,1,1,1,2,,,2,2,2,,,,2,2,2,2,2,2,1,,1,2,1,1,1,,,2,,,,1,2,2,,,2,2,,,,,,,2,2,,,,,1,1,2,2,1,,1,1,3,3,2,3,,0,1,4,4,4,2,3,1,1,2,1,0
Ghana,GHA,116841286,0.390113131,1,30,2,5,1,2,1,1,1,2,2,1,2,,1,1,2,,,,1,1,1,1,1,,,,,,,,,,,,,,,,1,1,2,1,2,,,1,1,2,,,,2,2,1,2,2,2,2,,1,3,3,2,,,,2,,,,1,2,2,,,1,2,,,,,,,2,2,,,,,2,,,,,,3,3,3,3,,3,,1,0,4,4,4,4,2,5,1,1,1,0
Ghana,GHA,200683024,0.804590869,1,20,1,4,1,1,1,0,1,,,2,,,,,,,,,,,,,,,2,2,1,2,2,2,2,2,,,,,,,1,1,2,1,2,,,2,1,2,,,,2,2,2,2,2,2,2,,2,2,1,1,1,,,1,1,,,2,,,,,,2,,,,,,,2,2,,,,,2,,,,,,1,2,2,1,4,1,,0,0,4,4,4,4,4,1,1,2,1,0
Ghana,GHA,168498878,0.381037369,2,36,2,5,1,2,1,1,1,2,2,1,2,,1,1,2,,,,1,1,1,1,1,,,,,,,,,,,,,,,,1,1,2,1,2,,,2,1,2,,,,4,4,1,2,2,2,2,,6,3,2,1,1,,,1,1,,,1,2,2,,,1,1,4,1,2,,,2,2,2,,,,,2,,,,,,3,3,3,3,,2,,1,0,1,4,4,4,2,1,1,1,1,0
Ghana,GHA,128772305,0.403132033,2,32,2,5,1,1,1,1,1,2,2,1,1,2,1,1,2,,,,1,1,1,1,1,,,,,,,,,,,,,,,,1,1,2,1,2,,,2,1,2,,,,1,2,1,2,2,2,2,,1,3,3,1,1,,,1,1,,,1,2,2,,,1,2,,,,,,,2,3,,,,,2,,,,,,3,3,3,3,,1,,1,0,4,4,5,4,2,1,1,1,1,0
Ghana,GHA,115423551,0.825162869,2,36,2,3,1,2,1,1,1,2,2,1,1,1,1,1,2,,,,1,1,1,1,1,,,,,,,,,,,,,,,,1,1,1,1,1,2,,1,1,2,,,,1,1,2,2,2,2,2,,1,2,1,1,1,,,1,1,,,1,2,1,2,,,2,,,,,,,2,2,,,,,2,,,,,,1,1,2,1,1,1,,1,1,4,4,4,4,1,1,1,1,1,1
Ghana,GHA,125825670,0.744879807,1,31,2,3,1,1,0,0,0,,,2,,,,,,,,,,,,,,2,2,2,2,2,2,2,2,2,1,2,2,2,2,2,,,,,2,,,2,2,2,,,,2,2,,2,2,2,2,,3,1,1,2,,,,2,,,,2,,,,,,2,,,,,,,2,2,,,,,2,,,,,,1,1,2,2,2,1,,1,0,4,4,4,4,4,5,1,2,0,0
Ghana,GHA,182894316,0.435689361,2,26,2,2,1,1,1,0,1,,,2,,,,,,,,,,,,,,,1,2,2,2,2,1,2,2,,,,,,,1,1,2,1,2,,,2,2,2,,,,2,2,2,2,1,2,2,,5,1,1,1,1,,,1,1,,,1,2,2,,,1,2,,,,,,,2,2,,,,,1,1,2,2,1,,1,1,1,1,1,1,,0,1,4,4,4,2,2,1,1,1,1,0
Ghana,GHA,153833628,0.708829283,2,30,3,5,1,1,1,1,0,1,1,1,1,2,2,1,2,,,,1,2,2,,1,,,,,,,,,,1,2,2,2,2,2,,,,,2,,,2,2,2,,,,1,1,,2,2,2,2,,1,3,2,1,2,2,2,1,1,,,1,2,2,,,1,1,1,1,2,,,2,2,2,,,,,2,,,,,,3,3,3,3,,3,,1,0,1,4,4,4,2,1,1,1,1,0
Ghana,GHA,136634639,1.439635609,2,18,2,4,2,2,0,0,0,,,2,,,,,,,,,,,,,,1,2,2,2,2,2,1,2,2,2,2,2,2,2,1,,,,,2,,,2,2,2,,,,2,2,,2,2,2,1,,2,2,3,1,2,1,2,1,2,1,1,2,,,,,,2,,,,,,,2,2,,,,,2,,,,,,2,2,3,1,4,2,,0,1,4,4,4,4,4,2,2,1,0,0
Ghana,GHA,148078622,0.875322774,1,25,3,5,1,2,1,1,1,1,2,1,2,,1,1,2,,,,1,2,1,2,1,,,,,,,,,,,,,,,,2,2,2,1,2,,,2,1,2,,,,2,1,2,2,2,2,1,,1,2,2,1,1,,,1,1,,,2,,,,,,1,2,1,2,,,2,2,2,,,,,2,,,,,,1,1,1,1,4,1,,1,1,1,4,4,4,4,1,1,1,1,0
Ghana,GHA,111386768,1.109700341,2,22,2,4,1,2,1,1,0,2,2,2,,,2,2,2,,,,1,1,1,1,1,,,,,,,,,,,,,,,,,,,,2,,,2,1,2,,,,2,2,2,2,2,1,1,,1,2,1,1,1,,,1,1,,,2,,,,,,1,2,1,2,,,2,2,2,,,,,1,1,1,2,,,2,1,2,1,2,2,,0,1,1,4,4,1,4,1,1,1,1,0
Ghana,GHA,170607653,1.797507682,1,50,2,2,1,1,1,0,1,,,2,,,,,,,,,,,,,,,2,2,2,2,2,1,2,2,,,,,,,1,1,2,1,2,,,2,1,2,,,,1,2,1,1,1,2,1,1,5,1,1,1,2,1,2,1,2,1,2,2,,,,,,1,2,2,2,1,,,2,2,,,,,1,1,2,1,,,1,1,4,1,2,1,,1,1,2,4,4,1,4,3,1,2,1,0
Ghana,GHA,174980843,0.372439904,1,25,2,3,1,2,1,0,1,,,2,,,,,,,,,,,,,,,2,2,2,2,2,2,2,2,,,,,,,1,2,1,1,2,,,2,2,2,,,,2,2,2,2,2,2,2,,2,1,1,2,,,,2,,,,1,2,2,,,1,2,,,,,,,2,2,,,,,1,1,2,2,1,,2,1,1,2,2,2,,0,1,4,4,4,2,2,5,1,1,1,0
Ghana,GHA,137044072,1.032682971,2,42,2,1,1,2,0,0,0,,,2,,,,,,,,,,,,,,1,2,2,2,2,2,1,2,2,2,2,2,2,2,2,,,,,2,,,2,2,2,,,,2,2,,2,2,2,2,,2,2,1,2,,,,1,2,1,2,2,,,,,,1,2,2,2,1,,,2,2,,,,,2,,,,,,2,2,2,2,2,1,,1,0,2,4,4,4,4,3,1,1,0,0
Ghana,GHA,161591939,0.306325514,2,29,2,3,1,2,1,1,1,1,1,1,2,,1,1,2,,,,1,2,1,1,1,,,,,,,,,,,,,,,,1,1,2,1,2,,,2,1,2,,,,2,1,1,1,1,2,1,1,1,2,1,1,1,,,1,1,,,2,,,,,,2,,,,,,,2,2,,,,,2,,,,,,2,1,2,2,2,1,,1,1,4,4,4,4,4,1,1,1,1,0
Ghana,GHA,192011663,1.247162659,2,23,2,5,1,2,1,0,1,,,2,,,,,,,,,,,,,,,1,1,2,1,2,2,1,2,,,,,,,1,1,1,1,1,1,,2,1,1,3,2,,2,2,2,2,2,2,2,,2,3,2,1,1,,,1,1,,,1,2,2,,,1,1,2,2,2,1,,,2,2,,,,,2,,,,,,1,1,1,1,2,1,,1,1,2,4,4,4,2,1,1,1,1,1
Ghana,GHA,183010705,0.376375302,1,25,2,5,1,1,1,0,1,,,2,,,,,,,,,,,,,,,2,2,2,2,2,1,2,2,,,,,,,1,1,2,1,2,,,1,2,2,,,,2,2,2,2,2,2,2,,2,1,1,2,,,,1,1,,,1,2,1,1,,,2,,,,,,,2,2,,,,,2,,,,,,1,1,1,1,2,1,,0,0,4,4,4,4,1,1,1,1,1,0
Ghana,GHA,192339509,1.823493612,1,17,2,1,2,1,0,0,0,,,2,,,,,,,,,,,,,,2,1,2,2,2,2,1,2,2,2,2,2,2,2,1,,,,,2,,,2,2,2,,,,1,2,,2,1,2,1,,7,,,2,,,,2,,,,2,,,,,,2,,,,,,,2,2,,,,,2,,,,,,1,1,3,2,4,1,,1,1,4,4,4,4,4,5,2,2,0,0
Ghana,GHA,197546946,0.440727375,1,19,1,5,1,1,0,0,0,,,2,,,,,,,,,,,,,,1,1,3,2,2,4,1,2,2,1,3,2,1,2,2,,,,,2,,,2,2,2,,,,2,2,,1,2,2,2,2,2,2,1,2,,,,2,,,,2,,,,,,2,,,,,,,2,2,,,,,3,,,,,,2,2,2,4,2,1,,1,0,4,4,4,5,4,5,1,2,0,0
Ghana,GHA,153972088,0.628115821,2,18,1,1,1,1,0,0,0,,,2,,,,,,,,,,,,,,1,2,2,1,2,2,2,2,2,2,2,1,2,2,2,,,,,2,,,2,2,2,,,,2,2,,2,2,2,1,,2,1,1,2,,,,1,1,,,2,,,,,,2,,,,,,,2,2,,,,,2,,,,,,1,1,1,1,4,1,,0,1,4,4,4,4,4,1,1,2,0,0
Ghana,GHA,181379609,0.824224797,2,28,1,5,1,2,1,1,1,2,2,1,2,,1,1,2,,,,1,1,1,1,1,,,,,,,,,,,,,,,,1,1,3,1,2,,,2,1,2,,,,1,1,1,2,2,2,2,,1,3,2,1,1,,,1,1,,,1,2,2,,,1,1,2,2,2,1,,,2,2,,,,,2,,,,,,3,3,3,3,,1,,1,0,2,4,4,4,2,1,1,1,1,0
Ghana,GHA,190636162,0.435689361,2,30,2,3,1,1,1,1,1,,,2,,,,,,,,,,,,,,,1,2,2,2,2,1,2,2,,,,,,,1,1,1,1,1,2,,1,1,2,,,,1,2,1,2,1,2,2,,1,1,1,1,1,,,1,1,,,1,1,1,2,,,2,,,,,,,2,2,,,,,1,1,2,1,,,1,1,1,1,4,1,,1,1,4,4,4,1,1,1,1,2,1,1
Ghana,GHA,172815040,0.551665002,1,23,2,3,2,2,1,1,1,2,2,2,,,1,1,2,,,,1,1,1,1,1,,,,,,,,,,,,,,,,1,1,2,1,2,,,2,1,2,,,,1,1,1,1,2,2,2,2,1,3,3,1,1,,,1,1,,,1,1,2,1,,,1,2,2,2,1,,,2,2,,,,,2,,,,,,3,1,1,3,3,1,,1,0,2,4,4,4,1,1,1,1,1,0
Ghana,GHA,200523608,0.769738027,2,28,2,3,1,1,1,0,1,,,2,,,,,,,,,,,,,,,1,2,2,2,2,1,2,1,,,,,,,2,2,2,1,2,,,2,1,2,,,,2,2,2,2,1,2,1,,2,2,4,1,1,,,1,1,,,2,,,,,,2,,,,,,,2,2,,,,,1,1,2,2,1,,1,1,3,3,2,1,,1,1,4,4,4,2,4,1,1,2,1,0
Ghana,GHA,133992246,0.713324844,1,29,2,2,2,2,0,0,0,,,2,,,,,,,,,,,,,,1,2,2,1,1,2,1,2,2,,,,,,,,,,,2,,,2,2,2,,,,3,2,2,2,2,3,2,,8,,,3,,,,2,,,,2,,,,,,2,,,,,,,2,2,,,,,2,,,,,,4,1,2,2,2,2,,0,0,4,4,4,4,4,6,1,2,0,0
Ghana,GHA,147532300,2.439680259,1,29,1,2,1,1,1,0,1,,,2,,,,,,,,,,,,,,,1,1,2,2,2,2,2,2,,,,,,,1,1,2,1,2,,,2,1,2,,,,2,2,1,2,2,2,2,,1,1,1,1,1,,,1,1,,,2,,,,,,2,,,,,,,2,2,,,,,1,1,2,2,1,,1,1,1,1,2,1,,1,0,4,4,4,2,4,1,1,1,1,0
Ghana,GHA,179360278,0.621039112,1,49,2,5,1,2,1,1,1,2,2,1,2,,1,1,2,,,,1,1,1,1,1,,,,,,,,,,,,,,,,1,1,2,1,2,,,2,1,1,2,1,,1,1,1,2,2,2,2,,1,3,3,1,1,,,1,1,,,1,2,1,1,,,1,2,2,2,2,2,,2,2,,,,,2,,,,,,1,1,1,1,2,1,,1,0,3,4,4,4,1,1,1,1,1,0
Ghana,GHA,151965751,1.059807352,2,45,2,2,1,2,1,0,1,,,2,,,,,,,,,,,,,,,2,2,2,2,2,1,2,2,,,,,,,1,2,2,2,2,,,2,2,2,,,,2,2,2,2,2,2,2,,7,,,1,2,1,1,2,,,,1,2,2,,,1,2,,,,,,,2,2,,,,,2,,,,,,1,1,1,1,4,1,,0,0,4,4,4,4,2,2,1,2,1,0
Ghana,GHA,189172876,1.638861584,1,63,1,3,2,1,0,0,0,,,2,,,,,,,,,,,,,,2,2,2,1,2,2,1,2,2,2,2,2,2,2,2,,,,,2,,,2,2,2,,,,2,2,,2,2,2,2,,7,,,2,,,,1,2,1,2,2,,,,,,1,2,2,2,1,,,2,2,,,,,2,,,,,,1,1,1,3,1,1,,0,0,2,4,4,4,4,3,1,2,0,0
Ghana,GHA,174988267,1.603149057,1,66,2,5,1,2,1,1,1,2,1,2,,,2,2,2,,,,1,2,1,2,1,,,,,,,,,,,,,,,,1,1,2,1,2,,,2,2,2,,,,1,1,2,2,2,2,2,,1,3,2,1,1,,,1,1,,,1,2,2,,,1,2,,,,,,,2,1,1,2,,,2,,,,,,3,3,3,3,,2,,1,0,4,4,1,4,2,1,1,1,1,0
Ghana,GHA,195276908,2.166832272,2,52,1,4,1,2,1,1,1,,,2,,,,,,,,,,,,,,,2,2,2,1,2,1,1,2,,,,,,,1,1,2,2,2,,,2,2,2,,,,2,2,1,2,1,2,1,,3,3,2,2,,,,1,1,,,1,2,2,,,1,2,,,,,,,1,2,2,2,2,1,1,1,2,2,1,,1,1,2,3,2,3,,1,1,4,1,4,2,2,1,1,2,1,0
Ghana,GHA,122178759,0.322115637,1,25,1,2,1,2,1,0,1,,,2,,,,,,,,,,,,,,,2,2,2,2,2,1,2,2,,,,,,,1,1,2,1,1,1,,2,1,2,,,,2,2,1,1,2,2,2,2,1,2,2,1,1,,,1,1,,,1,2,2,,,1,1,2,2,1,,,2,2,2,,,,,2,,,,,,1,1,1,1,3,1,,1,0,1,4,4,4,2,1,1,1,1,1
Ghana,GHA,126148746,0.560088747,1,27,1,1,2,1,0,0,0,,,2,,,,,,,,,,,,,,2,2,1,2,2,2,1,2,2,2,2,2,1,2,1,,,,,2,,,2,2,2,,,,2,2,,2,2,2,1,,2,1,1,2,,,,2,,,,2,,,,,,2,,,,,,,2,2,,,,,2,,,,,,2,2,2,2,2,1,,0,1,4,4,4,4,4,5,2,2,0,0
Ghana,GHA,133571947,0.306325514,2,26,2,5,2,2,0,0,0,,,2,,,,,,,,,,,,,,1,2,2,1,2,2,2,2,2,,,,,,,,,,,2,,,2,2,4,,,,2,2,2,2,2,2,3,,7,,,3,,,,3,,,,2,,,,,,2,,,,,,,2,2,,,,,2,,,,,,3,3,1,2,4,2,,0,0,4,4,4,4,4,6,1,2,0,0
Ghana,GHA,192685443,0.925736402,2,38,3,5,1,2,1,1,1,1,1,1,1,2,1,1,2,,,,1,2,1,1,1,,,,,,,,,,,,,,,,1,1,1,1,1,2,,1,1,1,1,2,,1,1,1,2,1,1,1,,1,3,2,1,1,,,1,1,,,1,2,2,,,1,1,1,1,2,,,1,2,2,,,,,2,,,,,,1,1,1,2,2,1,,1,1,1,4,4,4,2,1,1,1,1,1
Ghana,GHA,126869277,0.411026697,2,30,2,5,1,2,0,0,0,,,2,,,,,,,,,,,,,,1,2,2,2,2,2,2,2,2,2,2,2,2,2,2,,,,,2,,,2,2,2,,,,2,2,,2,2,2,2,,7,,,2,,,,2,,,,1,2,2,,,1,1,2,2,2,1,,,2,2,,,,,2,,,,,,2,3,3,3,,1,,0,0,2,4,4,4,2,5,1,1,0,0
Ghana,GHA,154824080,0.936046351,2,67,2,5,1,2,1,1,0,2,2,2,,,2,2,2,,,,1,1,1,2,1,,,,,,,,,,2,2,1,2,2,2,,,,,2,,,2,2,2,,,,2,1,,1,2,2,2,2,1,3,3,1,1,,,1,1,,,1,2,2,,,1,2,,,,,,,2,2,,,,,2,,,,,,3,3,3,4,,1,,1,0,4,4,4,4,2,1,1,2,1,0
Ghana,GHA,138711373,0.487441132,2,29,3,5,1,2,1,1,1,1,2,1,2,,1,1,2,,,,1,1,1,1,1,,,,,,,,,,,,,,,,1,1,2,1,1,2,,1,1,1,1,2,,1,1,1,2,2,2,2,,1,3,3,1,1,,,1,1,,,1,2,2,,,1,1,1,1,1,,,1,2,2,,,,,2,,,,,,3,2,2,3,2,2,,1,0,1,4,4,4,2,1,1,1,1,1
Ghana,GHA,139860851,0.707166741,1,35,1,1,1,1,0,0,0,,,2,,,,,,,,,,,,,,2,2,2,2,2,2,2,2,2,2,2,2,1,2,2,,,,,2,,,2,2,2,,,,2,2,,2,2,2,2,,6,1,1,2,,,,2,,,,2,,,,,,2,,,,,,,2,2,,,,,2,,,,,,1,1,1,1,1,1,,0,0,4,4,4,4,4,5,2,2,0,0
Ghana,GHA,186250246,1.638861584,1,75,1,1,2,2,0,0,0,,,2,,,,,,,,,,,,,,2,2,2,1,1,2,1,2,2,2,2,2,1,1,2,,,,,2,,,2,2,2,,,,2,2,,2,2,2,1,,2,1,1,2,,,,1,2,1,2,1,2,2,,,1,2,,,,,,,2,2,,,,,1,1,2,2,1,,1,1,1,1,2,2,,0,1,4,4,4,2,2,3,1,2,0,0
Ghana,GHA,203871003,2.344792575,1,24,1,1,1,1,0,0,0,,,2,,,,,,,,,,,,,,2,1,2,1,2,2,1,2,2,1,2,1,2,2,2,,,,,2,,,2,2,2,,,,2,2,,2,2,2,1,,2,1,1,2,,,,1,2,1,2,2,,,,,,2,,,,,,,2,2,,,,,2,,,,,,1,1,1,3,2,1,,1,1,4,4,4,4,4,3,1,2,0,0
Ghana,GHA,145178593,0.737130007,2,30,2,4,1,2,1,1,0,2,2,2,,,2,2,2,,,,2,,2,,1,,,,,,,,,,,,,,,,,,,,2,,,2,2,2,,,,2,2,1,2,2,2,2,,1,2,2,2,,,,1,2,1,2,1,2,2,,,1,2,,,,,,,2,2,,,,,2,,,,,,3,1,1,1,2,2,,1,0,4,4,4,4,2,3,1,1,0,0
Ghana,GHA,175575406,0.806264067,2,34,2,3,1,2,0,0,0,,,2,,,,,,,,,,,,,,1,1,2,2,1,2,2,2,1,2,2,2,2,2,2,,,,,2,,,2,2,2,,,,1,2,,2,2,2,1,,1,2,2,1,2,1,2,1,2,1,2,1,2,2,,,1,2,,,,,,,2,2,,,,,1,1,2,2,1,,1,2,2,1,2,1,,1,1,4,4,4,2,2,3,1,2,0,0
Ghana,GHA,185829340,3.768735686,1,80,1,1,1,1,0,0,0,,,2,,,,,,,,,,,,,,1,2,2,2,2,2,1,2,2,2,2,2,2,2,2,,,,,2,,,2,2,2,,,,2,2,,2,2,2,2,,5,1,1,2,,,,1,1,,,2,,,,,,1,2,2,2,1,,,1,1,2,2,1,,2,,,,,,1,1,4,1,2,1,,0,0,2,2,2,4,4,1,1,2,0,0
Ghana,GHA,181588735,0.483539216,1,39,2,5,1,2,1,1,1,2,2,2,,,2,2,2,,,,1,1,1,2,1,,,,,,,,,,,,,,,,1,1,2,1,2,,,2,2,2,,,,1,1,1,2,2,2,2,,3,3,1,1,1,,,1,1,,,1,2,2,,,1,2,,,,,,,2,2,,,,,2,,,,,,1,1,1,1,4,1,,1,0,4,4,4,4,2,1,1,1,1,0
Ghana,GHA,189899703,0.306325514,1,29,2,5,1,2,1,1,1,2,2,1,2,,1,1,2,,,,1,1,1,1,1,,,,,,,,,,,,,,,,1,1,2,1,2,,,2,1,2,,,,3,1,1,2,2,2,2,,8,,,1,1,,,1,1,,,1,2,2,,,1,1,1,1,2,,,2,2,2,,,,,2,,,,,,3,3,3,3,,1,,1,0,1,4,4,4,2,1,1,1,1,0
Ghana,GHA,201314366,0.954078426,2,38,2,4,1,1,0,0,0,,,2,,,,,,,,,,,,,,2,1,1,1,2,2,1,2,1,,,,,,,,,,,2,,,2,1,2,,,,2,2,1,2,2,2,1,,1,2,1,1,2,1,1,1,2,1,1,1,2,2,,,1,2,,,,,,,2,2,,,,,2,,,,,,1,1,1,1,1,1,,1,1,4,4,4,4,2,2,1,2,0,0
Ghana,GHA,198122793,0.953807245,1,40,1,4,1,1,0,0,0,,,2,,,,,,,,,,,,,,2,2,2,1,2,2,1,2,2,2,2,2,2,2,1,,,,,2,,,2,2,2,,,,1,2,,1,2,2,2,1,7,,,1,2,1,2,1,2,1,2,2,,,,,,2,,,,,,,2,2,,,,,1,1,2,2,1,,1,1,1,4,1,1,,1,1,4,4,4,2,4,3,2,2,0,0
Ghana,GHA,193628083,0.338447624,1,34,2,4,1,2,1,1,0,2,2,2,,,2,2,2,,,,1,1,1,1,1,,,,,,,,,,2,2,2,2,2,2,,,,,2,,,2,2,2,,,,2,1,,2,2,2,2,,1,1,1,2,,,,2,,,,2,,,,,,2,,,,,,,2,2,,,,,2,,,,,,1,1,2,1,4,2,,1,0,4,4,4,4,4,5,2,2,0,0
Ghana,GHA,120077938,0.581179231,2,19,2,4,1,2,1,0,1,,,2,,,,,,,,,,,,,,,2,2,2,1,2,1,2,2,,,,,,,1,1,2,1,1,1,,2,2,2,,,,2,2,2,2,2,2,1,,2,2,2,2,,,,1,2,2,2,2,,,,,,2,,,,,,,2,2,,,,,2,,,,,,1,3,3,3,,1,,0,1,4,4,4,4,4,4,1,1,1,1
Ghana,GHA,179440627,1.193258523,1,34,2,4,1,1,1,0,1,,,2,,,,,,,,,,,,,,,1,2,2,2,2,2,2,2,,,,,,,1,1,2,1,2,,,2,1,2,,,,1,2,1,2,2,2,2,,1,3,2,1,1,,,1,2,1,1,1,2,2,,,1,2,,,,,,,2,2,,,,,2,,,,,,1,1,1,1,2,1,,1,0,4,4,4,4,2,1,1,2,1,0
Ghana,GHA,140831757,1.104120455,2,40,1,1,1,1,1,0,1,,,2,,,,,,,,,,,,,,,2,1,2,2,2,1,2,2,,,,,,,1,2,2,1,2,,,2,2,2,,,,2,2,2,2,2,2,1,,2,1,1,1,1,,,2,,,,1,2,2,,,1,2,,,,,,,2,2,,,,,1,1,2,2,1,,1,1,1,1,4,1,,1,1,4,4,4,2,2,1,1,2,1,0
Ghana,GHA,205743997,1.085210255,1,15,1,1,1,2,0,0,0,,,2,,,,,,,,,,,,,,1,2,2,2,2,2,1,2,2,2,2,2,2,1,1,,,,,2,,,2,2,2,,,,2,2,,1,2,2,2,2,3,2,1,2,,,,2,,,,2,,,,,,2,,,,,,,2,2,,,,,2,,,,,,3,1,3,3,,1,,1,0,4,4,4,4,4,5,2,2,0,0
Ghana,GHA,156058415,1.923428283,2,30,1,3,1,2,0,0,0,,,2,,,,,,,,,,,,,,2,2,2,1,2,2,1,2,2,2,2,2,3,4,2,,,,,2,,,2,2,2,,,,2,2,,1,2,2,2,2,2,2,1,2,,,,2,,,,2,,,,,,2,,,,,,,2,2,,,,,1,1,2,2,1,,1,1,1,4,2,1,,1,0,4,4,4,2,4,5,1,2,0,0
Ghana,GHA,153272726,1.595213921,1,27,1,2,2,2,0,0,0,,,2,,,,,,,,,,,,,,1,2,2,2,1,2,1,2,2,2,2,2,1,2,2,,,,,2,,,2,2,2,,,,2,2,,2,2,2,2,,7,,,2,,,,2,,,,2,,,,,,2,,,,,,,2,2,,,,,2,,,,,,1,1,2,2,2,1,,0,0,4,4,4,4,4,5,1,2,0,0
Ghana,GHA,141737135,0.795505682,1,32,1,2,1,1,1,1,1,2,2,2,,,2,2,2,,,,2,,2,,2,,,,,,,,,,,,,,,,1,2,2,2,2,,,2,2,2,,,,2,2,2,1,2,1,1,1,4,2,2,1,2,2,2,3,,,,1,2,1,1,,,1,1,2,1,,,2,2,2,,,,,1,1,2,1,,,2,2,3,3,2,2,,1,1,1,4,4,1,1,4,1,2,1,0
Ghana,GHA,149120035,0.322115637,1,25,2,5,1,2,1,0,1,,,2,,,,,,,,,,,,,,,2,2,2,1,2,2,2,2,,,,,,,1,1,1,1,1,2,,2,1,2,,,,1,2,1,2,2,2,1,,3,3,3,1,1,,,1,1,,,2,,,,,,2,,,,,,,2,2,,,,,1,1,2,2,1,,1,1,3,4,2,1,,1,1,4,4,4,2,4,1,1,1,1,1
Ghana,GHA,166870385,1.538723432,1,50,2,4,1,2,1,0,1,,,2,,,,,,,,,,,,,,,1,2,2,2,2,2,2,2,,,,,,,1,1,2,2,2,,,2,1,2,,,,2,2,1,2,2,2,2,,6,2,1,1,1,,,1,1,,,2,,,,,,2,,,,,,,2,2,,,,,2,,,,,,2,2,3,4,2,1,,1,0,4,4,4,4,4,1,1,2,1,0
Ghana,GHA,135730829,0.578780097,2,26,1,3,1,1,1,0,1,,,2,,,,,,,,,,,,,,,1,2,2,2,1,1,2,2,,,,,,,1,2,2,1,2,,,2,1,2,,,,1,2,1,2,2,2,2,,5,2,1,2,,,,1,2,2,2,1,2,2,,,1,2,,,,,,,2,2,,,,,2,,,,,,2,1,1,1,4,1,,1,0,4,4,4,4,2,4,1,1,1,0
Ghana,GHA,160200398,1.372293371,1,50,1,1,1,1,1,0,1,,,2,,,,,,,,,,,,,,,2,2,2,2,2,1,2,2,,,,,,,1,1,2,2,2,,,2,2,2,,,,2,2,2,2,1,2,1,,2,1,1,1,1,,,1,1,,,2,,,,,,2,,,,,,,2,2,,,,,1,2,2,2,1,,1,1,1,1,4,1,,0,1,4,4,4,2,4,1,1,2,1,0
Ghana,GHA,190240522,0.665730638,2,30,2,2,1,2,1,1,1,1,2,2,,,1,1,2,,,,1,2,1,2,1,,,,,,,,,,,,,,,,1,1,2,1,1,1,,2,1,2,,,,1,1,1,2,2,2,1,,1,2,2,1,1,,,1,1,,,1,2,2,,,1,2,,,,,,,2,2,,,,,2,,,,,,1,1,1,1,1,1,,1,1,4,4,4,4,2,1,1,1,1,1
Ghana,GHA,203547635,0.397752841,1,34,1,5,1,2,1,1,1,2,2,1,2,,1,1,2,,,,1,1,1,1,1,,,,,,,,,,,,,,,,1,1,2,1,2,,,2,1,2,,,,3,2,1,2,2,2,2,,1,3,1,1,1,,,1,1,,,1,2,2,,,1,2,,,,,,,2,2,,,,,2,,,,,,3,3,3,3,,1,,1,0,4,4,4,4,2,1,1,1,1,0
Ghana,GHA,111854561,1.73218906,2,71,3,5,1,2,1,1,1,2,2,1,2,,2,2,2,,,,1,1,1,1,1,,,,,,,,,,,,,,,,1,1,2,2,2,,,2,2,2,,,,1,1,2,2,2,2,2,,1,3,3,1,2,1,2,1,1,,,1,2,2,,,1,2,,,,,,,2,1,1,2,,,2,,,,,,3,1,1,1,2,1,,1,0,4,4,1,4,2,1,1,1,1,0
Ghana,GHA,162183453,1.68073171,2,34,1,2,1,1,0,0,0,,,2,,,,,,,,,,,,,,2,1,2,1,1,2,1,2,2,1,1,1,2,2,2,,,,,2,,,2,2,2,,,,2,2,,2,1,2,2,,2,1,1,1,2,1,2,1,2,1,2,2,,,,,,2,,,,,,,2,2,,,,,1,1,2,2,1,,1,1,1,1,2,1,,1,1,4,4,4,2,4,3,1,2,0,0
Ghana,GHA,127154107,0.840365855,2,32,5,4,1,2,1,1,0,2,2,1,2,,1,1,2,,,,1,1,1,1,1,,,,,,,,,,2,2,2,2,2,2,,,,,2,,,2,1,2,,,,1,2,,2,2,2,2,,1,3,3,1,1,,,1,1,,,1,2,2,,,1,2,,,,,,,2,2,,,,,2,,,,,,3,3,3,3,,1,,1,0,4,4,4,4,2,1,1,1,1,0
Ghana,GHA,204904947,1.823493612,1,17,1,1,1,1,0,0,0,,,2,,,,,,,,,,,,,,2,2,2,2,2,2,1,2,2,,,,,,,,,,,2,,,2,2,2,,,,2,2,1,2,2,2,2,,2,1,1,1,1,,,2,,,,2,,,,,,2,,,,,,,2,2,,,,,2,,,,,,2,2,2,2,4,2,,1,0,4,4,4,4,4,1,1,2,0,0
Ghana,GHA,151110061,1.439635609,2,21,2,4,1,2,1,1,1,1,2,2,,,1,1,2,,,,1,2,1,2,1,,,,,,,,,,,,,,,,1,1,1,1,1,2,,1,1,1,2,2,,1,1,1,1,1,1,1,1,1,2,2,1,1,,,1,1,,,1,2,1,2,,,1,2,1,2,,,2,2,2,,,,,2,,,,,,1,2,2,2,1,1,,1,1,1,4,4,4,1,1,1,1,1,1
Ghana,GHA,172075628,3.768735686,1,50,1,1,1,1,1,0,1,,,2,,,,,,,,,,,,,,,2,2,2,2,2,1,2,2,,,,,,,2,1,2,2,2,,,2,2,2,,,,2,2,1,2,2,2,2,,7,,,2,,,,1,1,,,2,,,,,,2,,,,,,,2,2,,,,,2,,,,,,1,1,4,1,4,1,,1,0,4,4,4,4,4,1,1,2,1,0
Ghana,GHA,148492070,1.393143457,1,23,2,2,2,2,1,0,1,,,2,,,,,,,,,,,,,,,2,2,2,1,2,2,2,2,,,,,,,1,1,2,1,1,2,,2,1,2,,,,1,2,1,2,2,2,2,,1,3,2,1,1,,,1,1,,,1,2,2,,,1,2,,,,,,,2,2,,,,,2,,,,,,2,1,3,4,1,1,,1,0,4,4,4,4,2,1,1,1,1,1
Ghana,GHA,123976037,1.109700341,2,23,2,5,1,1,1,1,1,2,2,2,,,2,2,2,,,,1,2,1,2,1,,,,,,,,,,,,,,,,1,1,1,2,2,,,2,1,2,,,,2,2,2,2,2,1,2,,2,1,1,1,1,,,1,1,,,2,,,,,,1,2,2,2,2,2,,1,2,2,2,2,2,1,1,2,2,1,,2,2,3,3,2,2,,0,1,3,3,4,2,4,1,1,1,1,0
Ghana,GHA,122610956,0.677293389,1,25,2,3,1,2,1,1,1,2,2,2,,,2,2,2,,,,1,1,2,,1,,,,,,,,,,,,,,,,1,2,2,1,2,,,2,1,2,,,,2,2,2,1,2,1,2,2,1,2,1,2,,,,1,1,,,2,,,,,,2,,,,,,,2,2,,,,,2,,,,,,2,1,2,4,2,1,,1,1,4,4,4,4,4,1,1,1,1,0
Ghana,GHA,201475220,0.477039213,2,38,2,5,1,1,1,1,1,1,1,2,,,1,1,2,,,,1,1,2,,1,,,,,,,,,,,,,,,,,,,1,2,,,2,1,2,,,,1,2,1,1,2,2,1,2,1,2,1,2,,,,2,,,,2,,,,,,1,2,1,1,,,2,2,2,,,,,2,,,,,,3,1,2,2,2,2,,1,1,1,4,4,4,4,5,1,2,1,0
Ghana,GHA,182516865,1.187092752,2,40,1,1,1,1,1,0,1,,,2,,,,,,,,,,,,,,,2,2,2,2,2,1,2,2,,,,,,,2,1,2,1,2,,,2,2,2,,,,2,2,2,2,2,2,2,,5,2,1,2,,,,1,1,,,2,,,,,,1,2,2,2,1,,,2,2,,,,,1,1,2,2,1,,1,1,3,2,2,1,,0,0,2,4,4,2,4,1,1,2,1,0
Ghana,GHA,140908400,0.925736402,2,41,2,4,1,2,1,1,1,2,2,1,2,,1,2,2,,,,1,2,1,2,1,,,,,,,,,,,,,,,,1,1,2,1,1,1,,2,1,1,1,2,,2,1,1,2,1,2,1,,3,2,2,1,2,1,2,1,1,,,2,,,,,,2,,,,,,,2,2,,,,,2,,,,,,1,2,2,2,1,2,,1,1,4,4,4,4,4,1,1,1,1,1
Ghana,GHA,194410376,0.411026697,2,31,2,5,1,2,1,1,1,2,2,1,2,,1,1,2,,,,1,1,1,1,1,,,,,,,,,,,,,,,,1,1,2,1,2,,,2,1,2,,,,3,3,3,3,2,2,2,,9,,,1,1,,,1,1,,,1,2,2,,,1,1,2,2,2,1,,,2,2,,,,,2,,,,,,3,3,3,3,,1,,0,0,2,4,4,4,2,1,1,1,1,0
Ghana,GHA,112049577,0.40390284,2,38,2,5,2,2,1,1,0,2,2,2,,,1,1,2,,,,1,1,1,1,1,,,,,,,,,,2,2,2,2,2,2,,,,,2,,,1,1,2,,,,1,1,,2,2,2,2,,1,3,3,1,1,,,1,1,,,1,1,1,2,,,2,,,,,,,2,2,,,,,2,,,,,,3,3,3,3,,2,,1,0,4,4,4,4,1,1,1,1,1,0
Ghana,GHA,120478880,0.435689361,2,32,2,1,1,1,1,0,1,,,2,,,,,,,,,,,,,,,1,1,2,1,2,1,2,2,,,,,,,1,1,1,1,2,,,2,1,2,,,,1,2,1,1,2,2,2,1,2,1,1,1,1,,,1,2,1,1,1,2,2,,,1,2,,,,,,,2,2,,,,,1,1,2,1,,,1,1,1,1,4,1,,1,1,4,4,4,1,2,1,1,2,1,0
Ghana,GHA,165776301,0.372439904,1,25,2,4,2,1,1,0,1,,,2,,,,,,,,,,,,,,,2,2,2,2,2,2,2,2,,,,,,,1,2,2,1,2,,,2,1,2,,,,2,2,2,1,1,2,1,2,6,1,1,1,1,,,1,1,,,1,2,2,,,1,2,,,,,,,2,2,,,,,2,,,,,,2,3,2,1,3,1,,1,1,4,4,4,4,2,1,1,1,1,0
Ghana,GHA,113400840,2.054036509,2,58,1,2,1,1,1,1,0,1,2,2,,,2,2,2,,,,2,,1,2,1,,,,,,,,,,2,2,2,2,2,1,,,,,2,,,2,2,2,,,,2,2,,2,2,1,2,,4,1,1,2,,,,1,1,,,1,2,2,,,1,1,2,1,2,,,2,2,2,,,,,1,1,2,2,1,,3,1,3,3,,1,,0,1,1,4,4,2,2,1,2,2,1,0
Ghana,GHA,115814119,0.7823679,1,32,1,3,1,2,1,1,1,2,2,2,,,2,2,2,,,,2,,2,,2,,,,,,,,,,,,,,,,2,2,2,2,2,,,2,2,2,,,,2,2,2,2,1,2,1,,2,1,1,2,,,,1,1,,,1,2,2,,,1,2,,,,,,,2,2,,,,,2,,,,,,1,1,1,1,3,1,,0,1,4,4,4,4,2,1,1,2,1,0
Ghana,GHA,142431722,0.306325514,1,30,2,1,1,2,1,1,1,2,2,2,,,1,2,2,,,,1,2,2,,1,,,,,,,,,,,,,,,,1,1,2,1,2,,,2,1,2,,,,2,1,1,2,2,2,1,,3,1,1,1,2,1,1,2,,,,1,2,2,,,1,2,,,,,,,2,2,,,,,2,,,,,,1,1,1,1,2,2,,1,1,4,4,4,4,2,2,1,2,1,0
Ghana,GHA,193566178,0.839001231,1,40,2,5,1,2,1,1,1,1,2,2,,,1,1,2,,,,1,2,1,2,1,,,,,,,,,,,,,,,,1,1,2,1,1,1,,2,1,2,,,,1,1,2,2,2,2,1,,3,3,1,1,1,,,1,1,,,2,,,,,,1,2,2,1,,,2,2,2,,,,,2,,,,,,1,1,2,2,2,2,,1,1,1,4,4,4,4,1,1,1,1,1
Ghana,GHA,169762396,1.342389647,1,45,1,2,1,1,0,0,0,,,2,,,,,,,,,,,,,,2,2,2,2,2,2,1,2,2,2,2,2,2,2,1,,,,,2,,,2,2,2,,,,2,2,,2,2,2,2,,4,1,1,1,2,1,1,1,2,1,1,2,,,,,,2,,,,,,,2,2,,,,,1,2,2,2,1,,1,1,1,1,4,1,,1,0,4,4,4,2,4,2,1,2,0,0
Ghana,GHA,119671400,0.482079863,2,36,2,5,1,2,1,0,1,,,2,,,,,,,,,,,,,,,2,2,2,2,2,1,2,2,,,,,,,1,1,2,1,2,,,1,1,2,,,,2,2,1,2,2,2,2,,7,,,1,1,,,1,1,,,2,,,,,,2,,,,,,,2,2,,,,,2,,,,,,1,1,2,1,1,1,,1,0,4,4,4,4,4,1,1,2,1,0
Ghana,GHA,122636705,0.372439904,1,29,2,5,1,1,1,1,1,2,2,2,,,1,2,2,,,,1,1,1,2,1,,,,,,,,,,,,,,,,1,2,2,1,2,,,2,1,2,,,,2,1,2,2,2,2,2,,2,1,2,1,1,,,1,1,,,2,,,,,,2,,,,,,,2,2,,,,,1,1,2,2,1,,1,1,1,1,1,2,,1,0,4,4,4,2,4,1,1,1,1,0
Ghana,GHA,148845088,0.816221431,2,19,2,2,1,1,1,0,1,,,2,,,,,,,,,,,,,,,1,2,2,2,2,1,2,3,,,,,,,3,1,2,1,2,,,2,1,2,,,,2,2,1,2,2,2,2,,3,1,1,2,,,,1,1,,,2,,,,,,3,,,,,,,2,2,,,,,1,1,2,2,1,,1,1,4,3,1,1,,1,0,5,4,4,2,4,1,1,1,1,0
Ghana,GHA,155254470,2.413959501,2,83,1,4,1,1,1,1,0,1,1,2,,,2,2,2,,,,1,2,1,2,1,,,,,,,,,,2,2,2,1,2,2,,,,,2,,,2,2,2,,,,1,1,,2,2,1,2,,4,2,1,1,1,,,2,,,,2,,,,,,2,,,,,,,2,1,2,2,2,2,1,1,2,2,1,,2,1,2,3,3,3,,1,1,4,4,3,2,4,1,1,2,1,0
Ghana,GHA,163983835,0.536931623,1,17,2,4,2,1,1,1,1,2,2,2,,,2,2,2,,,,2,,2,,2,,,,,,,,,,,,,,,,1,1,2,1,2,,,2,1,2,,,,2,2,2,1,2,2,2,2,2,2,2,1,1,,,1,1,,,2,,,,,,2,,,,,,,2,2,,,,,2,,,,,,1,1,1,3,2,1,,1,0,4,4,4,4,4,1,1,1,1,0
Ghana,GHA,113167339,0.397752841,1,29,2,3,1,2,1,1,1,2,2,1,3,,1,1,2,,,,1,1,1,1,1,,,,,,,,,,,,,,,,1,1,2,1,2,,,2,1,2,,,,1,2,1,2,2,2,2,,9,,,1,1,,,1,1,,,2,,,,,,2,,,,,,,2,2,,,,,2,,,,,,3,3,3,3,,2,,1,0,4,4,4,4,4,1,1,1,1,0
Ghana,GHA,133276508,0.332865319,2,28,2,5,1,2,1,1,1,1,3,1,2,,1,1,2,,,,1,2,1,1,1,,,,,,,,,,,,,,,,1,1,1,1,1,2,,1,1,2,,,,2,1,1,2,2,2,1,,1,2,2,1,1,,,1,1,,,1,2,1,2,,,1,2,1,2,,,2,2,2,,,,,2,,,,,,2,2,3,2,2,2,,1,1,1,4,4,4,1,1,1,1,1,1
Ghana,GHA,158521965,1.084949094,1,37,3,4,1,2,1,1,1,1,2,1,2,,1,1,1,2,,1,1,1,1,1,1,,,,,,,,,,,,,,,,1,1,2,1,1,2,,2,1,1,3,2,,1,1,1,2,2,2,2,,1,3,3,1,1,,,1,1,,,1,2,2,,,1,1,1,1,2,,,2,2,2,,,,,2,,,,,,1,1,1,1,2,1,,1,0,1,4,4,4,2,1,1,1,1,1
Ghana,GHA,162262811,0.644231273,1,28,2,4,1,2,0,0,0,,,2,,,,,,,,,,,,,,1,2,1,2,1,2,1,2,2,,,,,,,,,,,2,,,2,2,2,,,,2,2,1,2,2,2,2,,1,3,3,2,,,,2,,,,2,,,,,,2,,,,,,,2,2,,,,,2,,,,,,1,1,2,3,2,1,,1,0,4,4,4,4,4,5,1,1,0,0
Ghana,GHA,159719799,1.140150468,2,23,2,4,2,2,1,1,1,2,2,2,,,1,1,2,,,,1,2,1,1,2,,,,,,,,,,,,,,,,1,2,2,1,2,,,2,1,2,,,,1,2,1,1,2,2,1,2,2,1,1,1,1,,,1,1,,,2,,,,,,2,,,,,,,2,2,,,,,2,,,,,,1,1,2,1,4,1,,1,1,4,4,4,4,4,1,1,1,1,0
Ghana,GHA,195768215,0.412675611,2,42,2,1,1,2,1,1,1,1,2,2,,,1,1,2,,,,1,1,1,2,1,,,,,,,,,,,,,,,,1,1,2,1,1,1,,2,1,2,,,,1,1,2,2,2,1,1,,3,3,2,1,1,,,1,1,,,2,,,,,,1,1,1,2,,,1,2,2,,,,,2,,,,,,1,3,3,3,,1,,1,1,1,4,4,4,4,1,1,2,1,1
Ghana,GHA,200295785,1.103330005,1,22,1,4,1,1,1,1,1,2,2,2,,,2,2,2,,,,1,1,1,1,2,,,,,,,,,,,,,,,,1,1,1,1,2,,,2,1,2,,,,2,1,2,2,1,1,2,,1,3,2,1,1,,,1,1,,,2,,,,,,1,1,1,2,,,2,2,2,,,,,2,,,,,,1,1,2,2,2,1,,1,1,1,4,4,4,4,1,1,1,1,0
Ghana,GHA,140782736,2.139674854,1,56,2,3,2,1,1,0,1,,,2,,,,,,,,,,,,,,,2,2,2,2,2,1,2,2,,,,,,,1,2,2,1,2,,,2,1,2,,,,1,1,2,2,2,2,2,,1,2,1,1,1,,,1,1,,,2,,,,,,1,2,2,2,1,,,2,2,,,,,1,1,2,2,1,,1,1,2,1,2,3,,1,0,2,4,4,2,4,1,1,1,1,0
Ghana,GHA,154308867,1.211104997,1,55,2,1,2,1,0,0,0,,,2,,,,,,,,,,,,,,2,1,2,2,1,2,1,2,1,2,1,2,1,2,1,,,,,2,,,2,2,2,,,,2,2,,2,1,2,2,,2,1,1,2,,,,2,,,,2,,,,,,2,,,,,,,2,2,,,,,2,,,,,,1,1,1,1,3,1,,0,1,4,4,4,4,4,5,2,2,0,0
Ghana,GHA,128745767,0.356662422,1,28,2,3,1,2,1,1,1,2,2,2,,,2,2,2,,,,1,1,1,2,2,,,,,,,,,,,,,,,,1,2,2,1,2,,,1,2,2,,,,2,2,2,1,2,2,1,2,2,1,1,2,,,,2,,,,1,2,2,,,1,2,,,,,,,2,2,,,,,2,,,,,,1,1,1,1,2,1,,1,1,4,4,4,4,2,5,1,1,1,0
Ghana,GHA,128334211,0.713324844,1,28,2,5,1,2,1,0,1,,,2,,,,,,,,,,,,,,,2,2,2,2,2,1,2,2,,,,,,,1,2,2,1,1,1,,1,1,2,,,,2,2,2,2,2,2,1,,2,2,1,1,1,,,2,,,,1,2,2,,,1,2,,,,,,,2,2,,,,,2,,,,,,1,1,1,1,4,1,,1,1,4,4,4,4,2,1,1,2,1,1
Ghana,GHA,206021952,0.59256065,2,23,2,5,1,2,1,1,1,2,2,2,,,1,1,2,,,,1,1,1,1,1,,,,,,,,,,,,,,,,1,1,2,1,2,,,2,1,2,,,,1,1,1,2,2,2,2,,1,1,3,1,1,,,1,1,,,1,2,2,,,1,2,,,,,,,2,2,,,,,2,,,,,,3,3,3,3,,3,,1,0,4,4,4,4,2,1,1,1,1,0
Ghana,GHA,157389955,0.986017038,1,36,2,5,1,2,1,1,1,2,2,1,2,,1,1,2,,,,1,1,1,1,1,,,,,,,,,,,,,,,,1,1,2,1,2,,,2,1,2,,,,1,2,1,2,2,2,2,,1,3,1,1,1,,,1,1,,,1,2,2,,,1,1,2,3,2,1,,,2,2,,,,,2,,,,,,3,3,3,3,,3,,1,0,2,4,4,4,2,1,1,1,1,0
Ghana,GHA,113283599,0.959976148,2,20,2,3,1,2,1,1,1,1,1,2,,,1,1,2,,,,1,2,2,,1,,,,,,,,,,,,,,,,1,1,2,1,2,,,2,1,2,,,,2,2,2,2,2,2,1,,2,1,1,2,,,,2,,,,1,2,2,,,1,1,2,2,2,1,,,2,2,,,,,2,,,,,,1,3,4,4,,2,,0,1,2,4,4,4,2,5,1,2,1,0
Ghana,GHA,196232625,1.811634612,1,70,2,3,2,2,1,1,0,2,2,2,,,2,2,2,,,,2,,2,,2,,,,,,,,,,2,2,2,2,2,2,,,,,2,,,2,2,2,,,,2,2,,2,2,2,2,,2,3,5,2,,,,2,,,,2,,,,,,2,,,,,,,2,2,,,,,2,,,,,,1,2,2,2,2,2,,0,0,4,4,4,4,4,5,1,2,0,0
Ghana,GHA,141513955,0.915705152,2,23,2,3,1,1,1,0,1,,,2,,,,,,,,,,,,,,,2,1,1,1,2,1,2,2,,,,,,,1,1,1,1,2,,,2,2,2,,,,2,2,1,2,2,2,2,,5,2,1,1,1,,,1,1,,,2,,,,,,2,,,,,,,2,2,,,,,1,2,2,2,1,,1,1,2,1,2,3,,1,1,4,4,4,2,4,1,1,2,1,0
Ghana,GHA,172929044,1.90761449,1,41,1,1,1,2,1,0,1,,,2,,,,,,,,,,,,,,,2,1,1,2,2,1,2,2,,,,,,,1,2,2,2,2,,,2,1,2,,,,2,2,2,2,1,2,1,,5,1,1,1,1,,,1,1,,,1,2,2,,,1,2,,,,,,,2,2,,,,,2,,,,,,1,1,1,1,1,1,,0,1,4,4,4,4,2,1,2,2,1,0
Ghana,GHA,208810435,1.393143457,1,17,2,2,2,2,0,0,0,,,2,,,,,,,,,,,,,,1,2,1,1,2,2,1,1,1,2,1,1,2,1,1,,,,,2,,,2,2,2,,,,2,2,,2,2,2,1,,2,1,1,2,,,,2,,,,2,,,,,,2,,,,,,,2,2,,,,,2,,,,,,1,1,1,1,2,1,,1,1,4,4,4,4,4,5,1,1,0,0
Ghana,GHA,193401318,1.975747447,1,33,1,2,2,2,0,0,0,,,2,,,,,,,,,,,,,,1,2,2,2,2,2,1,2,1,2,2,2,2,1,2,,,,,2,,,2,2,2,,,,2,2,,2,2,2,2,,2,2,5,2,,,,2,,,,2,,,,,,2,,,,,,,2,2,,,,,2,,,,,,3,3,3,3,,3,,0,0,4,4,4,4,4,5,1,1,0,0
Ghana,GHA,122510502,1.945532176,1,60,2,5,1,2,1,0,1,,,2,,,,,,,,,,,,,,,2,2,1,2,2,1,2,2,,,,,,,1,2,2,2,2,,,2,1,2,,,,2,2,2,2,2,2,2,,2,1,1,1,1,,,1,1,,,2,,,,,,1,2,2,2,1,,,2,2,,,,,1,1,2,2,1,,1,1,1,4,3,1,,0,0,2,4,4,2,4,1,1,2,1,0
Ghana,GHA,151058688,0.511344749,2,46,1,2,1,2,1,0,1,,,2,,,,,,,,,,,,,,,2,2,2,2,2,1,2,2,,,,,,,1,1,2,1,2,,,2,1,2,,,,2,2,1,2,1,2,1,,2,1,1,1,1,,,1,1,,,1,2,2,,,1,2,,,,,,,2,2,,,,,2,,,,,,1,1,1,1,4,1,,1,1,4,4,4,4,2,1,1,1,1,0
Ghana,GHA,119991269,0.504506027,2,22,2,1,1,2,1,1,1,2,2,1,2,,2,2,2,,,,2,,2,,2,,,,,,,,,,,,,,,,2,2,2,1,2,,,2,2,2,,,,2,2,2,2,2,2,2,,7,,,2,,,,1,1,,,2,,,,,,2,,,,,,,2,2,,,,,2,,,,,,1,1,1,1,4,1,,0,0,4,4,4,4,4,1,1,1,1,0
Ghana,GHA,144469271,0.479878536,2,23,2,4,1,2,1,0,1,,,2,,,,,,,,,,,,,,,2,2,2,2,2,2,1,2,,,,,,,1,1,2,1,1,1,,2,1,1,3,1,,2,2,1,2,2,2,2,,2,2,2,1,1,,,1,1,,,2,,,,,,2,,,,,,,2,2,,,,,2,,,,,,2,2,2,3,1,1,,1,0,4,4,4,4,4,1,1,1,1,1
Ghana,GHA,187979935,0.881454751,1,16,1,4,1,1,0,0,0,,,2,,,,,,,,,,,,,,2,2,1,2,2,2,2,2,2,1,2,2,1,2,2,,,,,2,,,2,2,2,,,,2,2,,2,2,2,1,,2,1,1,2,,,,2,,,,2,,,,,,2,,,,,,,2,2,,,,,2,,,,,,2,1,1,1,4,1,,1,1,4,4,4,4,4,5,1,2,0,0
Ghana,GHA,168424758,0.455435383,2,18,2,1,1,1,0,0,0,,,2,,,,,,,,,,,,,,2,2,2,2,2,1,1,2,2,2,2,2,1,2,2,,,,,2,,,2,2,2,,,,2,2,,2,2,2,2,,7,,,2,,,,1,2,2,2,2,,,,,,2,,,,,,,2,2,,,,,2,,,,,,3,3,3,2,,1,,0,0,4,4,4,4,4,4,1,1,0,0
Ghana,GHA,201405952,0.959757073,2,17,2,5,2,2,1,0,1,,,2,,,,,,,,,,,,,,,2,2,1,2,2,1,2,1,,,,,,,1,1,1,1,2,,,2,1,2,,,,2,2,1,2,2,2,2,,2,3,4,1,1,,,1,1,,,2,,,,,,2,,,,,,,2,2,,,,,2,,,,,,1,1,1,1,2,2,,1,1,4,4,4,4,4,1,1,1,1,0
Ghana,GHA,182860502,0.488213313,1,20,2,5,1,2,1,0,1,,,2,,,,,,,,,,,,,,,2,1,2,1,2,1,2,2,,,,,,,1,1,2,1,2,,,1,1,1,2,1,,1,2,1,2,2,2,2,,1,2,2,1,1,,,1,1,,,2,,,,,,2,,,,,,,2,2,,,,,2,,,,,,2,1,1,1,4,2,,1,0,4,4,4,4,4,1,1,1,1,0
Ghana,GHA,131529819,0.89584031,1,35,3,5,1,2,1,1,1,1,1,1,1,2,1,1,2,,,,1,1,1,1,1,,,,,,,,,,,,,,,,1,1,2,1,1,2,,1,1,1,3,2,,1,1,1,2,2,2,2,,1,3,3,1,1,,,1,1,,,1,2,1,2,,,1,1,1,2,,,1,1,2,1,2,,,2,,,,,,3,2,2,2,2,2,,1,0,1,1,4,4,1,1,1,1,1,1
Ghana,GHA,114996411,1.237744304,2,35,2,4,1,2,1,1,1,2,2,1,2,,1,1,2,,,,1,1,1,2,1,,,,,,,,,,,,,,,,1,1,2,1,2,,,2,1,2,,,,1,1,1,1,1,1,1,2,1,3,3,1,1,,,1,1,,,1,2,2,,,1,2,,,,,,,2,2,,,,,2,,,,,,1,1,3,1,2,1,,1,1,4,4,4,4,2,1,1,1,1,0
Ghana,GHA,208194401,1.120177494,1,31,1,1,2,1,0,0,0,,,2,,,,,,,,,,,,,,2,1,1,2,1,2,1,2,1,2,1,2,2,2,2,,,,,3,,,3,2,3,,,,2,2,,2,2,2,2,,8,,,2,,,,2,,,,2,,,,,,2,,,,,,,2,2,,,,,2,,,,,,2,2,2,2,1,1,,0,0,4,4,4,4,4,5,1,2,0,0
Ghana,GHA,158582266,0.717389013,2,37,1,2,1,1,0,0,0,,,2,,,,,,,,,,,,,,3,1,2,1,2,2,1,2,1,1,3,2,2,2,2,,,,,2,,,2,2,2,,,,2,2,,3,2,2,3,,5,2,1,2,,,,3,,,,3,,,,,,2,,,,,,,2,2,,,,,1,1,2,3,1,,2,2,4,3,2,2,,0,0,4,4,4,2,5,6,1,2,0,0
Ghana,GHA,189175329,0.654332384,2,47,2,4,1,1,1,0,1,,,2,,,,,,,,,,,,,,,2,2,2,2,2,1,2,2,,,,,,,1,1,2,2,2,,,2,1,2,,,,2,2,2,2,2,2,2,,3,2,2,1,1,,,1,1,,,1,2,2,,,1,2,,,,,,,2,2,,,,,2,,,,,,1,1,1,1,1,1,,1,0,4,4,4,4,2,1,1,2,1,0
Ghana,GHA,200667924,2.15216704,2,37,1,3,1,1,1,0,1,,,2,,,,,,,,,,,,,,,1,1,2,2,2,2,1,2,,,,,,,1,1,2,1,1,1,,1,1,2,,,,2,2,1,1,2,2,2,2,3,1,1,2,,,,2,,,,1,2,1,1,,,1,2,2,1,,,2,2,2,,,,,1,1,2,1,,,1,1,1,1,2,1,,1,0,1,4,4,1,1,5,1,2,1,1
Ghana,GHA,121002162,1.015342871,1,34,2,2,1,2,1,0,1,,,2,,,,,,,,,,,,,,,2,2,2,2,2,2,2,2,,,,,,,2,1,2,2,2,,,2,1,2,,,,2,1,2,2,2,2,2,,2,2,1,1,1,,,1,1,,,2,,,,,,2,,,,,,,2,2,,,,,2,,,,,,1,1,1,1,2,1,,1,0,4,4,4,4,4,1,1,2,1,0
Ghana,GHA,165070915,1.113541968,2,46,2,5,1,2,1,1,0,1,2,1,2,,2,2,2,,,,1,2,1,1,2,,,,,,,,,,2,2,2,2,1,2,,,,,2,,,2,1,2,,,,1,1,,2,1,1,1,,2,2,1,1,1,,,2,,,,1,2,2,,,1,1,1,1,2,,,2,2,2,,,,,1,1,2,2,1,,1,1,1,1,4,1,,1,1,1,4,4,2,2,1,1,2,1,0
Ghana,GHA,127450891,0.411026697,2,29,2,5,1,1,0,0,0,,,2,,,,,,,,,,,,,,1,1,2,2,2,2,2,2,2,1,1,2,2,2,2,,,,,2,,,2,2,2,,,,2,2,,2,2,2,1,,3,3,2,1,2,1,2,1,2,1,2,1,2,2,,,1,1,2,2,2,1,,,2,2,,,,,2,,,,,,1,1,1,4,2,1,,1,1,2,4,4,4,2,3,1,2,0,0
Ghana,GHA,111617052,2.286984193,2,45,1,1,1,1,1,1,0,2,2,2,,,1,1,2,,,,1,1,2,,1,,,,,,,,,,2,2,2,1,2,2,,,,,2,,,2,2,2,,,,1,1,,2,2,2,2,,5,1,1,2,,,,2,,,,1,2,2,,,1,2,,,,,,,2,2,,,,,1,1,2,2,1,,1,1,1,1,4,1,,1,0,4,4,4,2,2,5,1,2,1,0
Ghana,GHA,199118639,1.148756317,1,39,1,1,1,1,0,0,0,,,2,,,,,,,,,,,,,,2,2,3,1,2,2,1,2,2,2,3,1,1,1,1,,,,,2,,,2,2,2,,,,2,2,,1,2,2,2,1,2,2,1,2,,,,2,,,,2,,,,,,2,,,,,,,2,2,,,,,1,1,2,2,1,,2,1,2,4,5,1,,1,1,4,4,4,2,4,5,2,2,0,0
Ghana,GHA,184030587,0.839001231,1,35,2,3,1,2,1,1,1,2,2,2,,,1,2,2,,,,2,,1,2,1,,,,,,,,,,,,,,,,1,1,2,1,2,,,2,1,2,,,,2,1,1,1,2,2,2,2,3,3,2,1,1,,,1,1,,,1,2,1,2,,,2,,,,,,,2,2,,,,,2,,,,,,1,1,1,1,2,2,,1,0,4,4,4,4,1,1,1,2,1,0
Ghana,GHA,202170159,0.560713012,2,22,2,4,1,2,1,1,1,1,2,2,,,1,1,1,2,,1,1,2,1,1,2,,,,,,,,,,,,,,,,1,1,2,1,1,2,,1,1,1,1,2,,1,1,1,2,2,1,2,,1,3,3,1,1,,,1,1,,,1,1,1,2,,,1,2,1,1,,,2,2,2,,,,,2,,,,,,3,3,3,4,,3,,1,1,1,4,4,4,1,1,1,1,1,1
Ghana,GHA,116622450,0.806264067,2,25,2,5,1,2,1,1,1,2,2,1,2,,1,1,2,,,,1,1,1,1,1,,,,,,,,,,,,,,,,1,1,1,1,2,,,2,1,1,2,1,,1,1,1,2,2,2,1,,3,3,2,1,1,,,1,1,,,2,,,,,,1,2,2,2,2,2,,2,2,,,,,2,,,,,,3,1,1,3,2,2,,1,1,3,4,4,4,4,1,1,1,1,0
Ghana,GHA,201961464,0.332865319,2,26,2,5,1,2,1,1,1,,,2,,,,,,,,,,,,,,,2,1,2,1,2,2,2,1,,,,,,,1,1,2,1,2,,,2,1,1,3,1,,2,2,1,2,2,2,2,,1,3,3,1,1,,,1,1,,,1,2,2,,,1,1,2,1,2,,,1,1,2,2,2,2,1,1,1,2,2,1,,2,1,1,1,2,1,,1,0,1,1,4,2,2,1,1,1,1,1
Ghana,GHA,180283295,0.589572794,2,27,1,1,2,1,0,0,0,,,2,,,,,,,,,,,,,,2,2,2,2,2,2,2,2,2,2,2,2,2,2,2,,,,,2,,,2,2,2,,,,2,2,,2,2,2,2,,8,,,2,,,,2,,,,2,,,,,,2,,,,,,,2,2,,,,,2,,,,,,1,1,1,1,3,1,,0,0,4,4,4,4,4,5,2,2,0,0
Ghana,GHA,201178701,3.073549348,1,55,1,3,1,2,1,1,0,2,2,2,,,2,2,2,,,,2,,2,,1,,,,,,,,,,2,2,2,2,2,2,,,,,2,,,2,2,2,,,,2,2,,2,2,2,2,,7,,,2,,,,2,,,,1,2,2,,,1,2,,,,,,,2,2,,,,,2,,,,,,1,2,1,1,4,3,,0,0,4,4,4,4,2,5,1,2,0,0
Ghana,GHA,167046078,0.468430487,2,27,2,1,1,1,1,1,1,1,2,2,,,1,1,2,,,,1,1,1,2,1,,,,,,,,,,,,,,,,2,1,2,1,2,,,2,1,2,,,,1,2,1,1,1,2,2,1,3,1,1,1,1,,,2,,,,1,2,2,,,2,1,2,2,2,1,,,2,2,,,,,1,1,2,2,1,,1,1,1,1,4,1,,1,1,2,4,4,2,3,1,1,1,1,0
Ghana,GHA,185415959,2.285098196,1,56,1,1,1,1,1,1,1,2,2,2,,,1,2,2,,,,1,1,1,2,1,,,,,,,,,,,,,,,,1,2,2,2,2,,,2,2,2,,,,2,2,2,1,1,2,2,1,2,1,1,1,1,,,1,1,,,2,,,,,,2,,,,,,,2,2,,,,,1,1,2,2,1,,1,1,3,1,1,1,,1,1,4,4,4,2,4,1,1,2,1,0
Ghana,GHA,190252694,1.250073684,1,30,1,1,2,1,0,0,0,,,2,,,,,,,,,,,,,,2,2,1,2,2,2,1,2,2,2,2,2,1,2,2,,,,,2,,,2,2,2,,,,2,2,,1,2,2,1,1,7,,,2,,,,2,,,,2,,,,,,2,,,,,,,2,2,,,,,1,1,2,2,1,,1,5,5,2,5,2,,1,1,4,4,4,2,4,5,2,2,0,0
Ghana,GHA,210829270,1.026374334,1,49,1,3,1,2,0,0,0,,,2,,,,,,,,,,,,,,2,2,2,1,2,2,2,2,2,2,2,2,2,2,2,,,,,2,,,2,1,2,,,,1,2,,2,2,2,2,,6,4,5,2,,,,3,,,,2,,,,,,2,,,,,,,2,2,,,,,2,,,,,,2,2,2,2,1,2,,1,0,4,4,4,4,4,6,1,2,0,0
Ghana,GHA,118818296,1.045180608,1,41,2,1,1,1,0,0,0,,,2,,,,,,,,,,,,,,2,2,2,2,2,2,1,2,2,2,2,2,2,1,2,,,,,2,,,2,2,2,,,,2,2,,2,2,2,2,,7,,,1,1,,,1,2,1,2,2,,,,,,2,,,,,,,2,2,,,,,1,1,2,2,1,,1,1,4,1,2,1,,1,0,4,4,4,2,4,1,1,2,0,0
Ghana,GHA,197877432,0.713324844,1,25,2,3,1,2,1,1,1,2,2,2,,,2,2,2,,,,1,2,2,,1,,,,,,,,,,,,,,,,1,1,2,1,2,,,2,2,2,,,,2,1,2,1,2,2,2,2,1,3,3,1,1,,,1,1,,,1,2,2,,,1,2,,,,,,,2,2,,,,,2,,,,,,1,1,1,1,4,1,,1,0,4,4,4,4,2,1,1,1,1,0
Ghana,GHA,173442936,0.591501428,2,27,3,4,1,1,1,1,1,2,2,1,2,,2,2,2,,,,2,,1,1,1,,,,,,,,,,,,,,,,1,1,2,1,2,,,1,1,2,,,,2,2,1,2,2,2,2,,3,3,2,1,1,,,1,1,,,2,,,,,,1,1,1,2,,,1,2,2,,,,,1,2,2,2,1,,1,1,1,1,4,1,,1,0,1,4,4,2,4,1,1,1,1,0
Ghana,GHA,137797447,0.765319276,1,25,2,3,1,1,1,1,1,2,2,2,,,2,2,2,,,,2,,2,,2,,,,,,,,,,,,,,,,1,2,2,1,2,,,2,1,2,,,,2,2,2,2,2,2,1,,2,1,4,1,1,,,2,,,,2,,,,,,2,,,,,,,2,2,,,,,2,,,,,,1,1,1,1,4,1,,0,1,4,4,4,4,4,1,1,1,1,0
Ghana,GHA,114825829,1.184793088,1,18,1,3,1,1,1,0,1,,,2,,,,,,,,,,,,,,,2,1,1,2,2,1,2,1,2,2,2,2,1,2,,,,,2,,,2,1,2,,,,2,2,,2,2,2,2,,7,,,2,,,,2,,,,2,,,,,,2,,,,,,,1,2,2,1,,,2,,,,,,1,1,1,1,4,3,,0,0,4,1,4,4,4,5,1,1,1,0
Ghana,GHA,202604300,0.306325514,1,25,2,5,2,2,1,1,1,2,2,2,,,2,2,2,,,,1,2,1,2,1,,,,,,,,,,,,,,,,1,2,2,2,2,,,2,1,2,,,,2,2,2,2,2,2,2,,1,2,2,1,1,,,1,1,,,1,2,2,,,1,2,,,,,,,2,2,,,,,2,,,,,,2,1,2,1,4,1,,1,0,4,4,4,4,2,1,1,1,1,0
Ghana,GHA,175251238,0.368565003,2,28,2,4,1,2,1,0,1,,,2,,,,,,,,,,,,,,,1,1,1,1,2,2,2,2,,,,,,,1,1,2,1,1,2,,1,1,2,,,,2,2,2,2,2,2,2,,6,3,2,1,1,,,1,1,,,1,2,1,2,,,1,2,2,1,,,2,2,2,,,,,2,,,,,,3,3,3,3,,3,,0,0,1,4,4,4,1,1,1,1,1,1
Ghana,GHA,135256392,0.665730638,2,25,2,2,1,2,1,1,1,2,2,2,,,1,2,2,,,,1,2,1,2,1,,,,,,,,,,,,,,,,1,1,1,1,2,,,2,1,1,2,1,,1,1,1,1,2,2,1,1,1,2,1,1,1,,,1,1,,,1,2,2,,,1,1,2,2,1,,,1,2,2,,,,,2,,,,,,1,1,1,1,2,1,,1,1,1,4,4,4,2,1,1,1,1,0
Ghana,GHA,137728219,0.306325514,2,27,2,5,1,1,1,0,1,,,2,,,,,,,,,,,,,,,2,1,1,1,2,1,1,1,,,,,,,1,1,2,1,2,,,2,2,2,,,,2,2,1,2,1,2,1,,2,2,1,2,,,,1,1,,,1,2,2,,,1,2,,,,,,,1,2,2,2,2,2,1,1,2,1,,,1,1,2,2,1,1,,1,1,4,3,4,1,2,1,1,1,1,0
Ghana,GHA,154014218,0.306325514,2,26,2,5,1,2,1,1,1,2,2,2,,,1,1,2,,,,1,1,1,1,1,,,,,,,,,,,,,,,,1,3,2,1,1,1,,1,1,1,2,2,,2,4,4,4,2,2,2,,6,2,2,1,1,,,1,1,,,1,1,2,2,,,2,,,,,,,2,2,,,,,2,,,,,,2,2,2,2,4,2,,0,0,4,4,4,4,1,1,1,1,1,1
Ghana,GHA,149417473,3.768735686,2,62,1,4,1,2,1,1,1,2,2,2,,,1,2,2,,,,1,2,1,2,1,,,,,,,,,,,,,,,,1,1,2,2,2,,,2,1,2,,,,1,1,1,1,2,2,1,1,1,1,3,1,1,,,1,2,1,2,1,2,2,,,1,2,,,,,,,2,2,,,,,1,1,2,1,,,3,1,3,3,,3,,1,1,4,4,4,1,2,1,2,2,1,0
Ghana,GHA,188759015,2.918298265,1,62,2,2,2,2,1,0,1,,,2,,,,,,,,,,,,,,,2,3,2,2,2,1,2,1,,,,,,,2,2,2,2,2,,,2,2,2,,,,2,2,2,1,2,2,2,2,8,,,1,1,,,3,,,,3,,,,,,2,,,,,,,2,2,,,,,2,,,,,,1,1,1,3,2,1,,1,0,4,4,4,4,5,1,1,2,1,0
Ghana,GHA,132146057,1.184793088,1,16,1,2,2,1,0,0,0,,,2,,,,,,,,,,,,,,2,1,1,1,1,2,1,2,1,2,1,2,1,2,2,,,,,2,,,2,2,2,,,,2,2,,2,2,2,2,,8,,,2,,,,2,,,,2,,,,,,2,,,,,,,2,2,,,,,2,,,,,,1,1,1,1,4,1,,0,0,4,4,4,4,4,5,1,2,0,0
Ghana,GHA,175374624,0.403132033,2,27,2,5,1,2,1,1,1,2,2,1,2,,1,2,2,,,,1,2,1,2,1,,,,,,,,,,,,,,,,2,1,2,1,2,,,1,1,1,3,1,,1,1,1,1,2,2,2,2,3,2,1,1,1,,,1,1,,,1,2,2,,,1,2,,,,,,,2,2,,,,,2,,,,,,1,1,1,2,2,2,,1,0,4,4,4,4,2,1,1,1,1,1
Ghana,GHA,135197550,0.765319276,1,33,2,3,1,2,1,1,1,1,2,2,,,2,2,2,,,,2,,1,2,2,,,,,,,,,,,,,,,,1,2,2,1,1,2,,2,1,2,,,,2,2,2,2,2,2,2,,2,1,1,1,1,,,2,,,,2,,,,,,2,,,,,,,2,2,,,,,2,,,,,,1,1,1,1,1,1,,0,0,4,4,4,4,4,1,1,2,1,1
Ghana,GHA,139972544,0.737130007,2,30,2,4,1,2,1,0,1,,,2,,,,,,,,,,,,,,,2,1,2,1,2,1,1,1,,,,,,,1,1,1,1,2,,,2,1,2,,,,2,2,1,2,2,2,1,,3,1,1,1,1,,,2,,,,1,2,2,,,1,1,2,2,1,,,2,2,2,,,,,2,,,,,,1,1,1,1,1,1,,1,1,1,4,4,4,2,1,1,2,1,0
Ghana,GHA,174991053,0.959976148,2,21,2,2,1,2,1,0,1,,,2,,,,,,,,,,,,,,,2,2,2,2,2,2,2,2,,,,,,,1,1,2,1,2,,,2,1,2,,,,2,2,1,2,2,2,2,,2,2,1,1,1,,,1,1,,,2,,,,,,2,,,,,,,2,2,,,,,2,,,,,,1,1,2,4,1,1,,1,0,4,4,4,4,4,1,1,1,1,0
Ghana,GHA,208551524,1.197772108,1,36,2,3,1,2,1,1,1,2,2,1,2,,1,2,2,,,,2,,2,,2,,,,,,,,,,,,,,,,1,1,2,1,2,,,2,1,2,,,,2,2,1,1,2,2,1,2,2,2,2,1,1,,,1,1,,,1,2,2,,,1,2,,,,,,,1,2,2,2,1,,2,,,,,,1,1,3,1,1,1,,1,1,4,2,4,4,2,1,1,2,1,0
Ghana,GHA,173200904,1.439635609,2,20,2,5,1,2,1,1,1,2,2,1,2,,2,1,2,,,,1,2,1,2,1,,,,,,,,,,,,,,,,1,1,2,1,1,2,,2,1,2,,,,2,1,1,2,1,2,1,,1,2,1,1,1,,,1,1,,,1,2,1,2,,,1,2,2,2,1,,,2,2,,,,,2,,,,,,3,2,3,3,,1,,1,1,2,4,4,4,1,1,1,1,1,1
Ghana,GHA,112182944,1.720272798,1,22,2,3,2,1,1,0,1,,,2,,,,,,,,,,,,,,,2,2,1,2,2,2,2,1,,,,,,,1,1,2,1,2,,,2,1,2,,,,2,2,2,2,2,2,1,,2,3,3,1,1,,,2,,,,1,2,2,,,1,2,,,,,,,2,2,,,,,2,,,,,,3,3,3,3,,2,,0,1,4,4,4,4,2,1,1,2,1,0
Ghana,GHA,114894010,0.497914701,2,27,3,4,1,2,1,1,1,1,2,1,2,,2,2,2,,,,1,2,1,1,1,,,,,,,,,,,,,,,,1,1,1,1,1,2,,2,1,2,,,,2,2,1,1,2,2,1,2,2,2,2,1,1,,,1,1,,,1,2,1,2,,,1,2,1,2,,,2,2,2,,,,,2,,,,,,2,1,1,1,3,1,,1,1,1,4,4,4,1,1,1,1,1,1
Ghana,GHA,156374115,0.402295434,1,24,1,3,1,1,1,1,1,2,2,2,,,2,2,2,,,,2,,2,,2,,,,,,,,,,,,,,,,1,2,2,2,2,,,2,2,2,,,,2,2,2,2,2,2,1,,3,1,1,2,,,,2,,,,1,2,2,,,1,2,,,,,,,2,2,,,,,2,,,,,,1,1,1,1,3,3,,1,1,4,4,4,4,2,5,1,2,1,0
Ghana,GHA,146919819,0.967078431,1,36,2,4,1,2,1,0,1,,,2,,,,,,,,,,,,,,,2,2,2,2,2,2,2,2,,,,,,,1,1,2,1,2,,,2,1,2,,,,2,2,1,2,2,2,1,,3,3,2,1,1,,,1,1,,,2,,,,,,2,,,,,,,2,2,,,,,2,,,,,,2,1,1,2,2,1,,1,1,4,4,4,4,4,1,1,1,1,0
Ghana,GHA,114238277,1.384900569,1,35,2,5,1,2,1,1,1,2,2,2,,,2,2,2,,,,1,1,2,,1,,,,,,,,,,,,,,,,1,2,2,1,2,,,2,1,2,,,,2,2,2,2,2,2,2,,1,3,3,1,1,,,1,1,,,1,2,2,,,1,2,,,,,,,2,2,,,,,2,,,,,,2,1,2,1,2,3,,1,0,4,4,4,4,2,1,1,1,1,0
Ghana,GHA,174682186,1.656649542,2,59,2,2,1,1,1,1,0,2,2,2,,,2,2,2,,,,1,1,2,,1,,,,,,,,,,1,2,2,2,2,2,,,,,2,,,2,2,2,,,,2,2,,2,2,2,2,,3,2,2,1,2,1,1,1,2,1,2,2,,,,,,2,,,,,,,2,2,,,,,1,1,2,2,1,,1,1,1,1,1,1,,0,0,4,4,4,2,4,2,1,2,0,0
Ghana,GHA,156001883,2.121500224,1,39,1,2,1,1,1,1,1,,,2,,,,,,,,,,,,,,,2,2,1,2,2,1,1,2,,,,,,,,,,1,2,,,2,1,2,,,,2,2,1,1,2,2,1,1,2,2,2,1,1,,,1,2,1,1,2,,,,,,1,2,2,1,,,1,2,2,,,,,1,1,1,1,,,1,1,1,1,2,1,,1,1,1,4,4,1,4,1,1,2,1,0
Ghana,GHA,117942433,0.373718715,2,39,2,5,1,1,1,1,1,2,2,1,2,,1,1,2,,,,1,1,1,1,1,,,,,,,,,,,,,,,,1,1,2,1,2,,,2,1,2,,,,1,2,1,1,2,2,2,2,1,3,3,1,1,,,1,1,,,1,2,2,,,1,1,2,1,2,,,2,2,2,,,,,2,,,,,,3,3,3,3,,1,,1,0,1,4,4,4,2,1,1,1,1,0
Ghana,GHA,161665712,1.015342871,1,25,2,4,1,2,1,1,1,2,2,2,,,2,2,2,,,,1,1,1,2,1,,,,,,,,,,,,,,,,1,2,2,1,2,,,2,1,2,,,,2,2,2,1,2,2,2,2,2,2,1,1,1,,,2,,,,1,2,2,,,1,1,2,2,2,1,,,2,2,,,,,2,,,,,,1,1,2,2,2,3,,1,0,2,4,4,4,2,1,1,1,1,0
Ghana,GHA,210105854,0.838124536,1,58,2,1,1,2,1,1,0,1,2,2,,,2,2,2,,,,1,1,2,,1,,,,,,,,,,,,,,,,,,,,2,,,2,2,2,,,,2,1,2,2,1,2,1,,3,2,2,1,2,1,1,1,1,,,1,1,2,1,,,2,,,,,,,2,2,,,,,2,,,,,,1,1,1,1,1,1,,1,1,4,4,4,4,1,1,1,1,1,0
Ghana,GHA,132382434,0.959976148,2,19,2,2,1,2,1,0,1,,,2,,,,,,,,,,,,,,,2,2,2,2,2,2,2,2,,,,,,,1,1,2,1,2,,,2,1,2,,,,2,2,1,2,2,2,2,,2,1,1,1,1,,,1,1,,,2,,,,,,2,,,,,,,2,2,,,,,2,,,,,,1,2,3,1,2,1,,1,0,4,4,4,4,4,1,1,1,1,0
Ghana,GHA,149547608,2.013584471,1,54,2,1,1,1,1,1,1,2,2,2,,,2,2,2,,,,1,1,1,2,1,,,,,,,,,,,,,,,,1,2,2,1,2,,,2,1,2,,,,2,1,2,1,1,1,2,1,1,1,1,1,2,1,1,1,1,,,2,,,,,,2,,,,,,,2,2,,,,,1,1,2,2,1,,1,1,1,1,2,1,,1,1,4,4,4,2,4,1,1,2,1,0
Ghana,GHA,153964920,0.838739382,2,21,2,4,2,2,1,1,0,2,2,1,2,,2,1,2,,,,2,,2,,1,,,,,,,,,,,,,,,,,,,,1,2,,1,1,1,3,1,,3,2,1,1,2,2,2,2,2,2,2,1,1,,,1,1,,,1,2,2,,,2,2,,,,,,,3,2,,,,,2,,,,,,6,6,6,5,,4,,1,0,4,5,4,4,3,1,1,2,1,1
Ghana,GHA,169046473,0.306325514,1,29,2,5,1,2,1,1,1,1,2,1,2,,1,2,2,,,,1,4,1,4,1,,,,,,,,,,,,,,,,1,1,2,1,2,,,2,1,2,,,,2,1,1,2,2,2,2,,3,3,2,2,,,,2,,,,2,,,,,,2,,,,,,,2,2,,,,,2,,,,,,1,1,2,2,4,1,,1,0,4,4,4,4,4,5,1,1,1,0
Ghana,GHA,194887209,0.403132033,2,30,2,5,1,2,1,1,1,2,2,1,2,,1,1,2,,,,1,1,1,1,1,,,,,,,,,,,,,,,,1,1,2,1,1,2,,1,1,2,,,,1,1,1,2,2,2,2,,1,3,3,1,1,,,1,1,,,1,2,1,2,,,1,2,2,1,,,2,2,2,,,,,2,,,,,,1,1,1,1,2,2,,1,0,1,4,4,4,1,1,1,1,1,1
Ghana,GHA,143395465,2.192299186,2,44,1,2,1,1,1,0,1,,,2,,,,,,,,,,,,,,,1,2,2,2,2,2,2,2,,,,,,,2,1,2,2,2,,,2,2,2,,,,2,2,2,2,2,2,1,,3,1,1,1,2,1,1,1,1,,,2,,,,,,1,2,2,1,,,1,2,2,,,,,1,1,2,1,,,1,1,1,1,3,1,,1,1,1,4,4,1,4,1,1,2,1,0
Ghana,GHA,162828743,0.665730638,2,25,2,4,1,2,1,1,1,1,2,1,2,,1,1,2,,,,1,2,1,1,1,,,,,,,,,,,,,,,,1,1,1,1,1,2,,2,1,1,1,1,,2,1,1,2,2,2,1,,1,1,1,1,1,,,1,1,,,1,2,2,,,1,1,2,1,2,,,2,2,2,,,,,2,,,,,,1,1,1,1,1,2,,1,1,1,4,4,4,2,1,1,2,1,1
Ghana,GHA,116721242,0.665730638,2,30,2,3,1,2,1,1,1,1,2,1,2,,1,2,2,,,,1,2,1,1,1,,,,,,,,,,,,,,,,1,1,1,1,2,,,2,1,2,,,,2,1,1,2,2,2,1,,1,2,2,1,1,,,1,1,,,1,2,2,,,1,1,2,1,2,,,2,2,2,,,,,2,,,,,,1,1,1,4,2,1,,1,1,1,4,4,4,2,1,1,1,1,0
Ghana,GHA,184333210,0.806264067,2,25,2,3,1,2,1,1,1,2,2,1,1,2,1,1,2,,,,1,1,1,1,1,,,,,,,,,,,,,,,,1,1,2,2,2,,,2,1,2,,,,2,2,1,2,2,2,2,,1,3,1,1,1,,,1,1,,,1,2,2,,,1,1,2,2,2,1,,,2,2,,,,,2,,,,,,3,3,3,3,,1,,1,0,2,4,4,4,2,1,1,1,1,0
Ghana,GHA,168936425,0.717823589,2,21,2,5,2,2,1,0,1,,,2,,,,,,,,,,,,,,,2,2,2,2,2,1,2,2,,,,,,,1,1,1,1,2,,,2,1,2,,,,2,2,2,2,2,2,1,,2,1,1,1,1,,,1,1,,,2,,,,,,2,,,,,,,2,2,,,,,2,,,,,,1,1,3,1,2,1,,1,1,4,4,4,4,4,1,1,1,1,0
Ghana,GHA,161064978,0.402007622,1,25,3,5,1,1,1,0,1,,,2,,,,,,,,,,,,,,,1,1,1,1,2,1,2,2,,,,,,,1,1,2,1,2,,,2,1,2,,,,2,2,1,2,2,2,2,,5,2,3,1,1,,,1,1,,,2,,,,,,2,,,,,,,2,2,,,,,2,,,,,,1,1,1,1,4,1,,1,0,4,4,4,4,4,1,1,1,1,0
Ghana,GHA,200760349,3.145283621,1,51,1,2,1,2,0,0,0,,,2,,,,,,,,,,,,,,2,2,1,1,2,2,1,2,1,2,1,1,2,1,1,,,,,2,,,2,2,2,,,,2,2,,2,1,2,1,,7,,,2,,,,2,,,,1,2,2,,,1,2,,,,,,,2,2,,,,,2,,,,,,1,1,1,1,2,1,,0,1,4,4,4,4,2,5,2,2,0,0
Ghana,GHA,158412232,1.224332147,2,18,2,2,1,1,1,1,1,2,2,2,,,2,2,2,,,,2,,2,,2,,,,,,,,,,,,,,,,1,1,2,1,2,,,2,2,2,,,,2,2,2,2,2,2,2,,5,1,1,2,,,,1,1,,,2,,,,,,2,,,,,,,2,2,,,,,2,,,,,,1,1,1,1,4,2,,0,0,4,4,4,4,4,1,1,1,1,0
Ghana,GHA,153181060,2.521097565,2,,1,2,1,1,0,0,0,,,2,,,,,,,,,,,,,,2,1,2,1,2,2,1,2,2,1,2,1,1,2,1,,,,,2,,,2,2,2,,,,2,2,,2,1,2,1,,2,1,1,2,,,,2,,,,2,,,,,,2,,,,,,,2,2,,,,,2,,,,,,3,1,2,1,2,2,,1,1,4,4,4,4,4,5,2,2,0,0
Ghana,GHA,113645902,0.66622207,1,35,2,5,2,2,1,1,1,2,2,1,1,2,2,1,2,,,,1,2,1,2,1,,,,,,,,,,,,,,,,1,1,2,1,2,,,2,2,2,,,,2,1,2,2,2,2,2,,1,2,2,2,,,,1,2,1,2,1,2,2,,,1,2,,,,,,,2,2,,,,,2,,,,,,1,1,1,1,1,1,,1,0,4,4,4,4,2,3,1,2,1,0
Ghana,GHA,199346461,0.411026697,2,25,2,5,1,2,1,1,1,2,2,1,2,,1,1,2,,,,1,1,1,1,1,,,,,,,,,,,,,,,,1,1,2,1,3,,,2,1,2,,,,1,1,1,2,2,2,2,,1,3,3,1,1,,,1,1,,,1,2,2,,,1,1,2,2,2,1,,,2,2,,,,,2,,,,,,3,3,3,3,,1,,1,0,2,4,4,4,2,1,1,1,1,0
Ghana,GHA,137564762,0.713324844,1,26,1,5,1,2,1,1,1,2,2,2,,,1,2,2,,,,2,,2,,1,,,,,,,,,,,,,,,,2,1,2,2,2,,,2,2,2,,,,2,1,1,1,2,2,2,2,2,1,4,1,2,2,1,2,,,,2,,,,,,2,,,,,,,2,2,,,,,2,,,,,,1,1,2,1,4,1,,1,0,4,4,4,4,4,2,1,1,1,0
Ghana,GHA,136555844,0.665882598,2,30,2,2,1,2,1,1,1,1,2,2,,,1,2,2,,,,1,2,1,2,1,,,,,,,,,,,,,,,,1,1,2,2,2,,,2,1,2,,,,1,2,2,1,2,2,2,2,1,3,3,1,1,,,1,1,,,1,2,2,,,1,1,2,2,2,1,,,2,2,,,,,1,1,2,1,,,1,1,1,1,4,1,,1,0,2,4,4,1,2,1,1,1,1,0
Ghana,GHA,182415833,0.531345335,2,22,2,5,2,2,1,0,1,,,2,,,,,,,,,,,,,,,2,2,2,2,2,2,2,2,,,,,,,1,2,2,1,2,,,2,2,2,,,,2,2,2,2,2,2,2,,2,3,3,2,,,,1,1,,,1,2,2,,,1,2,,,,,,,2,2,,,,,2,,,,,,3,3,3,1,,1,,0,0,4,4,4,4,2,1,1,1,1,0
Ghana,GHA,199214915,3.023946097,1,37,1,3,1,1,0,0,0,,,2,,,,,,,,,,,,,,2,1,2,1,2,2,1,2,2,1,2,1,2,2,2,,,,,2,,,2,2,2,,,,1,2,,2,2,2,1,,1,2,1,1,2,1,2,1,2,1,2,1,2,2,,,1,2,,,,,,,2,2,,,,,2,,,,,,1,1,1,1,2,1,,1,1,4,4,4,4,2,3,1,2,0,0
Ghana,GHA,200432154,0.349948053,2,27,2,4,1,2,1,0,1,,,2,,,,,,,,,,,,,,,2,2,2,2,2,1,2,2,,,,,,,2,1,2,1,2,,,2,2,2,,,,2,2,1,1,1,2,2,2,4,1,1,1,1,,,2,,,,1,2,2,,,1,2,,,,,,,2,2,,,,,2,,,,,,1,1,1,1,2,1,,1,1,4,4,4,4,2,1,1,2,1,0
Ghana,GHA,177130863,1.797507682,1,45,2,1,1,2,1,0,1,,,2,,,,,,,,,,,,,,,2,2,2,2,2,1,2,2,,,,,,,1,2,2,1,2,,,2,2,2,,,,2,2,2,2,2,2,2,,5,1,1,2,,,,2,,,,1,2,2,,,1,2,,,,,,,2,2,,,,,2,,,,,,1,1,2,4,2,1,,0,0,4,4,4,4,2,5,1,2,1,0
Ghana,GHA,124985638,0.573424266,1,20,2,5,1,2,1,1,1,2,2,1,2,,1,1,2,,,,1,1,1,1,1,,,,,,,,,,,,,,,,1,1,2,1,3,,,2,1,2,,,,2,2,1,2,2,2,2,,1,3,1,1,1,,,1,1,,,1,2,2,,,1,1,2,2,2,1,,,2,2,,,,,2,,,,,,3,3,3,3,,1,,1,0,2,4,4,4,2,1,1,1,1,0
Ghana,GHA,129837434,1.363838871,1,20,2,5,2,2,1,0,1,,,2,,,,,,,,,,,,,,,2,2,2,2,2,1,2,1,,,,,,,1,1,2,1,2,,,2,1,2,,,,2,2,1,2,2,2,2,,2,3,3,2,,,,1,1,,,2,,,,,,2,,,,,,,2,2,,,,,2,,,,,,3,3,3,2,,2,,1,0,4,4,4,4,4,1,1,1,1,0
Ghana,GHA,130999109,0.59256065,2,23,2,5,1,2,1,1,1,1,2,1,2,,1,1,2,,,,1,1,1,1,1,,,,,,,,,,,,,,,,1,1,2,1,2,,,2,1,2,,,,2,2,1,2,2,2,2,,1,3,1,1,1,,,1,1,,,1,2,2,,,1,1,2,1,2,,,2,2,2,,,,,2,,,,,,3,3,3,3,,2,,1,0,1,4,4,4,2,1,1,1,1,0
Ghana,GHA,117749694,1.937686942,2,25,1,3,1,1,1,1,1,,,1,2,,2,2,2,,,,2,,1,2,2,,,,,,,,,,,,,,,,1,1,1,1,1,2,,2,1,2,,,,1,2,1,2,2,2,2,,2,2,2,2,,,,1,2,2,2,1,2,1,2,,,1,2,2,2,1,,,1,2,2,2,2,2,2,,,,,,2,2,2,2,4,2,,1,1,2,3,4,4,1,4,1,1,1,1
Ghana,GHA,148800432,0.573424266,1,19,2,4,1,1,1,1,1,2,2,2,,,1,1,2,,,,2,,2,,1,,,,,,,,,,,,,,,,1,1,2,1,2,,,2,1,2,,,,2,2,2,2,2,2,2,,2,1,1,1,1,,,1,1,,,2,,,,,,2,,,,,,,2,2,,,,,2,,,,,,2,1,3,2,2,2,,0,0,4,4,4,4,4,1,1,2,1,0
Ghana,GHA,159136055,0.538790405,1,52,2,4,2,2,0,0,0,,,2,,,,,,,,,,,,,,1,2,2,2,1,2,2,2,2,2,2,2,2,2,2,,,,,2,,,2,1,2,,,,2,2,,2,2,2,2,,2,3,3,1,1,,,1,1,,,2,,,,,,2,,,,,,,2,2,,,,,1,1,2,2,1,,3,3,3,3,,1,,0,0,4,4,4,2,4,1,1,2,0,0
Ghana,GHA,170595683,1.199612123,2,50,1,2,1,2,1,1,1,2,2,1,2,,2,2,2,,,,2,,2,,2,,,,,,,,,,,,,,,,2,1,2,2,2,,,2,2,2,,,,2,2,2,1,2,2,1,2,7,,,2,,,,2,,,,1,2,2,,,1,1,2,2,2,1,,,2,2,,,,,2,,,,,,1,1,1,1,4,1,,1,1,2,4,4,4,2,5,1,1,1,0
Ghana,GHA,199530945,0.806248912,1,31,2,2,1,2,1,0,1,,,2,,,,,,,,,,,,,,,2,2,2,2,2,2,2,2,,,,,,,1,1,2,1,2,,,2,2,2,,,,2,2,2,1,2,2,1,2,2,1,1,1,1,,,1,1,,,2,,,,,,2,,,,,,,2,2,,,,,2,,,,,,1,1,1,1,1,1,,1,1,4,4,4,4,4,1,1,1,1,0
Ghana,GHA,207942765,0.55485017,2,18,2,3,2,2,0,0,0,,,2,,,,,,,,,,,,,,1,2,2,1,2,2,2,2,2,2,2,1,2,2,2,,,,,2,,,2,2,2,,,,2,2,,2,2,2,2,,2,1,1,2,,,,1,1,,,2,,,,,,2,,,,,,,1,2,2,2,2,2,2,,,,,,3,2,3,1,4,2,,0,0,4,3,4,4,4,1,1,2,0,0
Ghana,GHA,199442760,1.185121301,2,18,2,4,2,2,1,0,1,,,2,,,,,,,,,,,,,,,2,2,1,2,2,2,2,2,,,,,,,1,1,2,1,2,,,2,1,2,,,,2,2,1,2,2,2,2,,7,,,1,1,,,1,1,,,2,,,,,,2,,,,,,,2,2,,,,,2,,,,,,3,3,3,3,,1,,1,0,4,4,4,4,4,1,1,1,1,0
Ghana,GHA,169096165,0.558100385,1,25,1,5,1,2,1,0,1,,,2,,,,,,,,,,,,,,,2,2,2,2,2,2,2,2,,,,,,,1,1,2,1,2,,,2,2,2,,,,2,2,1,2,2,2,2,,2,2,2,1,1,,,1,1,,,2,,,,,,2,,,,,,,2,2,,,,,2,,,,,,2,1,2,3,2,2,,1,0,4,4,4,4,4,1,1,2,1,0
Ghana,GHA,188545346,0.504209457,2,19,1,3,2,1,1,0,1,,,2,,,,,,,,,,,,,,,2,2,1,1,2,1,2,1,,,,,,,1,2,2,1,2,,,2,2,2,,,,2,2,2,2,2,2,2,,7,,,2,,,,1,2,2,2,1,2,2,,,1,2,,,,,,,2,2,,,,,2,,,,,,3,1,1,1,2,3,,0,0,4,4,4,4,2,4,1,2,1,0
Ghana,GHA,115588733,0.421619039,1,30,2,4,1,1,1,0,1,,,2,,,,,,,,,,,,,,,2,2,2,2,2,1,2,2,,,,,,,1,2,2,1,2,,,2,2,2,,,,2,2,2,2,2,2,2,,7,,,2,,,,1,1,,,1,2,2,,,1,2,,,,,,,2,2,,,,,1,1,2,2,1,,1,1,4,1,2,1,,0,0,4,4,4,2,2,1,1,2,1,0
Ghana,GHA,163280246,0.99935189,2,37,2,1,1,2,0,0,0,,,2,,,,,,,,,,,,,,1,2,2,2,2,2,1,2,2,2,2,2,1,2,2,,,,,2,,,2,2,2,,,,2,2,,2,2,2,1,,2,2,2,2,,,,1,1,,,2,,,,,,1,2,2,2,1,,,2,2,,,,,2,,,,,,1,1,1,2,4,2,,0,1,2,4,4,4,4,1,1,2,0,0
Ghana,GHA,189757318,0.959976148,2,19,2,1,2,2,1,1,1,2,2,2,,,1,1,2,,,,1,1,2,,1,,,,,,,,,,,,,,,,1,1,2,1,1,1,,1,1,2,,,,1,1,1,1,2,1,2,2,1,1,1,1,1,,,1,1,,,2,,,,,,1,2,2,1,,,2,1,2,2,2,1,,2,,,,,,3,3,4,4,,1,,1,1,1,2,4,4,4,1,1,2,1,1
Ghana,GHA,131356553,1.743537694,2,19,2,2,2,1,1,1,1,2,2,2,,,1,1,2,,,,1,2,1,2,1,,,,,,,,,,,,,,,,1,1,2,1,2,,,2,1,2,,,,2,2,1,2,2,2,2,,7,,,1,1,,,1,1,,,2,,,,,,2,,,,,,,2,2,,,,,2,,,,,,3,3,3,3,,1,,1,0,4,4,4,4,4,1,1,1,1,0
Ghana,GHA,185696193,0.306325514,2,32,3,5,1,2,1,1,1,1,2,1,2,,1,1,2,,,,1,2,1,1,1,,,,,,,,,,,,,,,,1,1,2,1,2,,,1,1,2,,,,2,1,1,2,2,2,1,,1,3,3,1,1,,,1,1,,,1,2,2,,,1,2,,,,,,,2,2,,,,,2,,,,,,1,1,2,4,2,2,,1,1,4,4,4,4,2,1,1,1,1,0
Ghana,GHA,122523312,0.390113131,1,32,2,4,1,2,1,1,0,2,2,2,,,2,2,2,,,,1,1,1,2,1,,,,,,,,,,,,,,,,,,,,2,,,2,2,2,,,,1,1,1,1,2,2,1,2,1,2,1,2,,,,1,1,,,1,2,2,,,1,2,,,,,,,2,2,,,,,2,,,,,,1,1,1,1,4,1,,1,1,4,4,4,4,2,1,1,2,1,0
Ghana,GHA,195813147,1.950663881,2,40,1,2,1,1,1,0,1,,,2,,,,,,,,,,,,,,,2,2,2,2,2,1,2,2,,,,,,,1,2,1,1,2,,,2,2,2,,,,2,2,2,2,1,1,2,,3,2,1,2,,,,2,,,,1,2,2,,,1,1,2,2,2,1,,,2,2,,,,,2,,,,,,1,1,1,1,4,1,,0,1,2,4,4,4,2,5,1,2,1,0
Ghana,GHA,128482383,0.644231273,1,27,2,5,1,2,1,0,1,,,2,,,,,,,,,,,,,,,2,2,2,2,2,2,1,1,,,,,,,1,1,1,1,2,,,2,1,2,,,,2,2,1,1,1,2,1,2,3,2,1,1,2,1,2,1,1,,,2,,,,,,2,,,,,,,2,2,,,,,2,,,,,,2,1,1,3,2,1,,1,1,4,4,4,4,4,1,1,2,1,0
Ghana,GHA,192006364,1.68073171,2,25,1,4,1,1,0,0,0,,,2,,,,,,,,,,,,,,1,2,2,1,2,2,2,2,2,1,1,2,2,2,2,,,,,2,,,2,2,2,,,,2,2,,2,2,2,1,,1,2,1,1,2,1,1,1,2,1,2,1,2,2,,,1,1,2,2,2,1,,,2,2,,,,,2,,,,,,1,1,1,1,2,1,,1,1,2,4,4,4,2,2,1,2,0,0
Ghana,GHA,193921772,0.351362133,2,20,2,1,2,2,0,0,0,,,2,,,,,,,,,,,,,,2,2,2,1,1,2,2,2,2,2,2,2,1,2,2,,,,,2,,,2,2,2,,,,2,2,,2,2,2,2,,8,,,2,,,,2,,,,2,,,,,,2,,,,,,,2,2,,,,,2,,,,,,1,1,1,1,3,1,,0,0,4,4,4,4,4,5,1,1,0,0
Ghana,GHA,203441803,0.332941299,2,29,2,2,1,2,1,0,1,,,2,,,,,,,,,,,,,,,2,2,2,2,2,2,2,2,,,,,,,1,1,2,1,2,,,2,1,2,,,,2,2,1,2,2,2,1,,7,,,1,1,,,1,1,,,2,,,,,,2,,,,,,,2,2,,,,,2,,,,,,3,2,3,2,4,1,,1,1,4,4,4,4,4,1,1,2,1,0
Ghana,GHA,177924204,1.005229356,2,66,2,3,1,2,1,0,1,,,2,,,,,,,,,,,,,,,1,2,2,2,2,1,2,1,,,,,,,1,2,2,1,2,,,2,2,2,,,,2,2,2,2,2,2,2,,1,2,4,1,2,1,2,1,1,,,1,2,2,,,1,2,,,,,,,2,2,,,,,1,3,2,2,1,,1,1,1,1,2,1,,1,0,4,4,4,2,2,1,1,2,1,0
Ghana,GHA,199737735,0.947731347,2,30,1,3,1,1,1,1,1,2,2,1,1,1,1,2,2,,,,1,1,2,,1,,,,,,,,,,,,,,,,1,1,2,1,1,1,,2,1,2,,,,2,2,1,2,2,2,2,,6,2,2,1,2,1,1,2,,,,1,2,1,1,,,2,,,,,,,2,2,,,,,1,1,2,2,1,,1,1,2,1,1,1,,1,0,4,4,4,2,1,2,1,1,1,1
Ghana,GHA,160355446,0.408110716,2,23,2,1,2,1,1,0,1,,,2,,,,,,,,,,,,,,,1,3,2,2,2,1,2,2,,,,,,,1,1,2,1,1,1,,2,1,2,,,,2,2,1,2,2,2,1,,2,1,4,1,1,,,1,1,,,2,,,,,,2,,,,,,,2,2,,,,,1,1,2,2,1,,1,1,1,1,4,1,,1,1,4,4,4,2,4,1,1,1,1,1
Ghana,GHA,146481148,0.356662422,1,29,1,4,2,2,0,0,0,,,2,,,,,,,,,,,,,,1,2,2,2,2,2,1,2,2,2,2,2,2,2,2,,,,,2,,,2,2,2,,,,2,2,,2,2,2,2,,7,,,1,2,1,1,2,,,,1,2,2,,,1,2,,,,,,,2,2,,,,,2,,,,,,1,1,1,1,3,2,,0,0,4,4,4,4,2,2,1,2,0,0
Ghana,GHA,182449680,0.816302841,1,40,1,4,1,2,1,0,1,,,2,,,,,,,,,,,,,,,3,1,2,2,2,1,3,1,,,,,,,1,1,1,1,2,,,2,1,2,,,,2,2,1,2,2,2,1,,2,2,2,1,1,,,1,1,,,2,,,,,,2,,,,,,,2,2,,,,,2,,,,,,1,2,1,2,1,2,,1,1,4,4,4,4,4,1,1,2,1,0
Ghana,GHA,129259353,0.351806646,2,30,2,5,1,2,1,1,1,2,1,1,2,,1,1,2,,,,1,1,2,,1,,,,,,,,,,,,,,,,1,1,2,1,1,2,,1,1,1,1,2,,1,1,1,2,2,2,2,,3,3,3,1,1,,,2,,,,1,2,1,2,,,1,1,1,2,,,2,2,2,,,,,2,,,,,,2,2,4,4,1,2,,1,0,1,4,4,4,1,1,1,1,1,1
Ghana,GHA,112973565,1.206886303,1,15,1,4,2,1,0,0,0,,,2,,,,,,,,,,,,,,2,2,2,1,2,2,2,2,2,2,2,2,1,2,1,,,,,2,,,2,2,2,,,,2,2,,2,2,2,2,,2,1,1,2,,,,2,,,,2,,,,,,2,,,,,,,2,2,,,,,2,,,,,,3,1,1,1,4,1,,0,0,4,4,4,4,4,5,2,2,0,0
Ghana,GHA,122671263,1.008418914,2,17,2,2,1,2,0,0,0,,,2,,,,,,,,,,,,,,1,2,2,2,2,2,1,2,2,2,2,1,2,2,2,,,,,2,,,2,2,2,,,,2,2,,2,2,2,2,,6,2,1,2,,,,2,,,,2,,,,,,2,,,,,,,2,2,,,,,2,,,,,,1,1,1,1,2,1,,0,0,4,4,4,4,4,5,1,2,0,0
Ghana,GHA,201187979,0.435689361,2,29,2,4,1,1,1,0,1,,,2,,,,,,,,,,,,,,,1,1,2,2,2,1,2,2,,,,,,,2,2,1,1,2,,,2,2,2,,,,2,2,2,2,1,2,2,,2,1,1,1,1,,,2,,,,2,,,,,,2,,,,,,,2,2,,,,,1,1,2,2,1,,1,1,1,1,4,1,,1,1,4,4,4,2,4,1,1,2,1,0
Ghana,GHA,172542628,1.434778027,2,35,1,2,1,1,0,0,0,,,2,,,,,,,,,,,,,,2,2,1,1,2,2,2,2,2,2,2,2,2,2,1,,,,,2,,,2,2,2,,,,2,2,,2,2,2,1,,2,1,1,2,,,,2,,,,2,,,,,,2,,,,,,,2,2,,,,,1,1,2,2,2,2,2,1,1,1,4,2,,0,1,4,4,4,3,4,5,2,2,0,0
Ghana,GHA,207739603,0.692381105,1,25,1,3,1,2,1,0,1,,,2,,,,,,,,,,,,,,,2,1,2,1,2,1,2,2,,,,,,,3,1,1,1,2,,,2,1,2,,,,2,2,2,2,1,2,1,,4,1,1,2,,,,1,1,,,1,2,2,,,1,1,2,2,2,1,,,2,2,,,,,2,,,,,,1,1,1,1,1,1,,0,1,2,4,4,4,2,1,1,2,1,0
Ghana,GHA,195516215,0.337658692,2,21,2,5,1,1,1,0,1,,,2,,,,,,,,,,,,,,,2,2,2,2,2,1,2,2,,,,,,,1,1,2,1,2,,,2,1,1,3,2,,2,2,2,2,2,2,2,,2,2,2,1,1,,,1,1,,,2,,,,,,2,,,,,,,2,2,,,,,2,,,,,,2,2,3,2,4,1,,0,0,4,4,4,4,4,1,1,1,1,1
Ghana,GHA,135446785,0.834403977,2,18,1,4,1,1,1,1,1,1,2,1,2,,1,1,2,,,,1,1,1,1,1,,,,,,,,,,,,,,,,1,1,1,1,2,,,1,1,2,,,,2,2,1,2,2,2,1,,5,1,1,2,,,,1,1,,,1,1,1,1,,,1,2,1,1,,,1,2,2,,,,,1,1,1,1,,,1,1,1,1,1,2,,1,1,1,4,4,1,1,1,1,2,1,0
Ghana,GHA,172296313,1.390202414,1,30,1,1,1,1,0,0,0,,,2,,,,,,,,,,,,,,1,2,2,2,1,2,1,2,2,2,2,2,1,2,2,,,,,2,,,2,2,2,,,,2,2,,2,2,2,2,,1,1,1,2,,,,2,,,,2,,,,,,1,2,2,2,1,,,2,2,,,,,1,1,2,2,1,,1,1,4,1,2,1,,1,0,2,4,4,2,4,5,1,2,0,0
Ghana,GHA,131955717,0.530024632,2,48,5,3,1,2,1,0,1,,,2,,,,,,,,,,,,,,,2,2,1,2,2,1,2,2,,,,,,,2,1,2,1,2,,,2,1,2,,,,2,2,1,2,2,2,2,,7,,,1,1,,,1,1,,,2,,,,,,2,,,,,,,2,2,,,,,2,,,,,,1,1,2,1,1,1,,1,0,4,4,4,4,4,1,1,2,1,0
Ghana,GHA,127477694,1.589711028,2,50,2,4,1,2,1,1,1,1,1,2,,,1,1,2,,,,1,1,1,1,1,,,,,,,,,,,,,,,,1,1,1,1,2,,,2,1,2,,,,2,1,1,1,1,1,1,2,1,2,2,1,1,,,1,1,,,1,1,1,2,,,2,,,,,,,2,2,,,,,2,,,,,,1,1,2,2,2,1,,1,1,4,4,4,4,1,1,1,1,1,0
Ghana,GHA,145279365,0.390113131,1,25,2,5,1,2,1,1,1,1,2,2,,,2,2,2,,,,1,3,1,1,1,,,,,,,,,,,,,,,,1,1,2,2,2,,,2,1,2,,,,2,2,2,2,2,2,2,,2,3,1,2,,,,2,,,,2,,,,,,1,2,2,1,,,2,2,2,,,,,2,,,,,,3,3,3,3,,1,,0,0,1,4,4,4,4,5,1,1,1,0
Ghana,GHA,203084558,0.562410403,1,23,2,5,1,1,1,1,1,1,2,1,2,,1,1,2,,,,1,1,1,1,1,,,,,,,,,,,,,,,,1,1,2,1,2,,,2,1,2,,,,3,1,1,2,2,2,2,,1,3,1,1,1,,,1,1,,,2,,,,,,1,2,1,2,,,2,2,2,,,,,2,,,,,,3,3,3,3,,1,,1,0,1,4,4,4,4,1,1,1,1,0
Ghana,GHA,201859717,1.743537694,2,16,2,5,2,2,0,0,0,,,2,,,,,,,,,,,,,,1,2,2,2,2,2,1,2,2,2,2,1,1,2,1,,,,,2,,,2,2,2,,,,2,2,,2,2,2,2,,2,3,2,2,,,,1,2,1,2,2,,,,,,2,,,,,,,2,2,,,,,2,,,,,,3,2,3,1,4,1,,1,0,4,4,4,4,4,3,2,1,0,0
Ghana,GHA,174898189,1.215662408,1,20,2,3,1,2,1,0,1,,,2,,,,,,,,,,,,,,,2,2,2,2,2,1,2,2,,,,,,,1,2,2,1,1,1,,1,1,2,,,,2,2,2,2,1,2,1,,2,1,1,1,1,,,1,1,,,2,,,,,,2,,,,,,,2,2,,,,,2,,,,,,1,1,1,1,4,1,,0,1,4,4,4,4,4,1,1,2,1,1
Ghana,GHA,209681638,0.677480842,1,68,2,5,1,2,1,0,1,,,2,,,,,,,,,,,,,,,2,2,2,2,2,1,2,1,,,,,,,2,1,2,1,2,,,2,2,2,,,,2,2,2,2,1,2,2,,5,1,1,1,1,,,1,1,,,1,2,2,,,1,2,,,,,,,2,2,,,,,2,,,,,,1,1,1,4,2,1,,0,1,4,4,4,4,2,1,1,2,1,0
Ghana,GHA,140226907,0.807805679,2,37,2,4,1,2,1,1,1,2,2,2,,,2,2,2,,,,1,2,1,2,2,,,,,,,,,,,,,,,,1,1,2,1,2,,,2,1,2,,,,2,2,1,2,1,2,1,,2,2,1,1,1,,,1,1,,,1,1,1,1,,,1,2,1,1,,,2,2,2,,,,,2,,,,,,1,1,2,4,2,2,,1,1,1,4,4,4,1,1,1,1,1,0
Ghana,GHA,204508201,1.021613938,2,38,1,4,1,1,0,0,0,,,2,,,,,,,,,,,,,,1,2,2,2,2,2,1,2,2,2,2,2,1,2,2,,,,,2,,,2,2,2,,,,4,2,,2,2,2,2,,7,,,2,,,,2,,,,1,2,2,,,1,2,,,,,,,2,2,,,,,1,1,2,2,1,,1,2,3,3,1,2,,0,0,4,4,4,2,2,5,1,2,0,0
Ghana,GHA,209720431,1.085210255,1,23,2,2,2,2,0,0,0,,,2,,,,,,,,,,,,,,4,4,4,4,4,4,4,4,4,,,,,,,,,,,2,,,2,1,3,,,,4,4,1,1,2,4,4,4,2,2,2,1,1,,,2,,,,2,,,,,,2,,,,,,,2,4,,,,,4,,,,,,4,4,4,4,,3,,1,0,4,4,5,5,4,1,1,1,0,0
Ghana,GHA,194496308,0.694221374,1,35,1,3,1,1,0,0,0,,,2,,,,,,,,,,,,,,2,2,2,1,2,2,1,2,2,2,1,2,2,2,2,,,,,2,,,2,1,2,,,,2,2,,2,2,2,1,,1,3,2,1,1,,,1,1,,,2,,,,,,2,,,,,,,2,2,,,,,1,1,2,2,1,,1,1,1,1,1,1,,1,1,4,4,4,2,4,1,1,2,0,0
Ghana,GHA,159506314,0.702724267,2,24,2,5,2,2,1,1,1,,,1,1,2,2,1,2,,,,2,,1,1,1,,,,,,,,,,,,,,,,1,1,2,2,2,,,2,1,1,1,2,,1,2,1,2,2,2,2,,1,3,3,2,,,,2,,,,2,,,,,,2,,,,,,,2,2,,,,,2,,,,,,3,3,3,3,,2,,1,0,4,4,4,4,4,5,1,1,1,1
Ghana,GHA,116252118,0.306325514,1,29,3,5,1,2,1,1,1,1,1,1,1,2,1,1,2,,,,1,1,1,2,1,,,,,,,,,,,,,,,,1,1,2,1,1,1,,2,1,2,,,,1,1,1,2,2,2,2,,1,3,3,1,1,,,1,1,,,1,2,2,,,1,1,1,1,2,,,1,2,1,1,2,,,2,,,,,,3,2,3,3,,2,,1,0,1,4,1,4,2,1,1,1,1,1
Ghana,GHA,187147354,0.910870766,2,17,1,4,1,1,1,1,1,2,2,2,,,1,2,2,,,,1,2,1,2,1,,,,,,,,,,,,,,,,,,,1,2,,,2,1,2,,,,1,1,1,2,2,2,2,,1,2,2,1,1,,,1,1,,,2,,,,,,2,,,,,,,2,2,,,,,1,1,2,1,,,1,1,1,1,4,1,,1,0,4,4,4,1,4,1,1,1,1,0
Ghana,GHA,163584538,1.121426024,2,20,2,4,1,2,1,1,1,2,2,2,,,2,1,2,,,,2,,2,,2,,,,,,,,,,,,,,,,1,1,2,1,1,2,,1,1,1,3,2,,2,2,2,2,2,2,2,,5,2,1,1,1,,,1,1,,,1,2,1,2,,,2,,,,,,,2,2,,,,,2,,,,,,3,2,3,4,,2,,0,0,4,4,4,4,1,1,1,1,1,1
Ghana,GHA,184500144,0.356662422,1,27,2,4,2,2,1,1,1,2,2,2,,,2,2,2,,,,1,2,2,,2,,,,,,,,,,,,,,,,1,2,2,1,2,,,2,2,2,,,,2,1,2,2,2,2,2,,2,2,2,2,,,,2,,,,1,2,2,,,1,2,,,,,,,2,2,,,,,2,,,,,,1,1,1,1,4,1,,1,0,4,4,4,4,2,5,1,1,1,0
Ghana,GHA,129390450,2.082664121,1,37,1,1,2,1,0,0,0,,,2,,,,,,,,,,,,,,2,1,1,2,3,2,1,2,2,1,2,2,2,2,1,,,,,2,,,2,2,2,,,,2,2,,2,2,2,1,,2,3,3,2,,,,2,,,,2,,,,,,2,,,,,,,2,2,,,,,1,1,2,2,1,,1,1,2,2,2,3,,0,1,4,4,4,2,4,5,2,2,0,0
Ghana,GHA,150983851,1.312452719,1,22,2,3,1,2,1,0,1,,,2,,,,,,,,,,,,,,,1,2,2,2,2,1,2,1,,,,,,,1,1,1,1,2,,,2,1,2,,,,2,2,1,2,2,2,2,,6,3,3,1,1,,,1,2,1,1,2,,,,,,1,2,2,1,,,2,2,2,,,,,2,,,,,,1,1,2,1,2,1,,1,1,1,4,4,4,4,1,1,1,1,0
Ghana,GHA,185328472,1.393143457,1,20,2,5,1,2,1,1,1,1,2,1,1,1,1,1,2,,,,1,2,1,1,1,,,,,,,,,,,,,,,,1,1,1,1,1,2,,1,1,1,3,2,,2,1,1,2,2,2,2,,1,2,2,1,1,,,1,1,,,1,2,1,2,,,1,2,1,2,,,2,2,2,,,,,2,,,,,,1,1,1,1,2,1,,1,1,1,4,4,4,1,1,1,1,1,1
Ghana,GHA,160761929,0.891631147,1,47,1,2,1,1,0,0,0,,,2,,,,,,,,,,,,,,2,1,3,1,2,2,1,2,2,3,3,2,2,1,1,,,,,2,,,2,2,2,,,,2,2,,1,2,2,1,1,2,2,1,2,,,,2,,,,2,,,,,,2,,,,,,,2,2,,,,,1,1,2,2,1,,2,2,3,4,2,2,,1,1,4,4,4,2,4,5,2,2,0,0
Ghana,GHA,182697152,0.781718088,1,38,2,3,2,2,1,1,1,2,2,1,2,,1,1,2,,,,1,1,1,1,1,,,,,,,,,,,,,,,,1,1,2,1,1,1,,1,2,2,,,,2,1,1,1,2,1,1,1,1,1,1,1,1,,,1,2,1,2,1,2,2,,,2,2,,,,,,,2,2,,,,,1,2,2,2,2,2,1,2,2,1,1,1,,1,1,4,4,4,3,3,1,1,1,1,1
Ghana,GHA,126781702,0.397752841,1,32,2,3,1,1,0,0,0,,,2,,,,,,,,,,,,,,2,1,2,1,2,2,1,2,2,,,,,,,,,,,2,,,2,2,2,,,,2,2,2,2,2,2,1,,2,1,1,1,2,1,2,1,2,1,2,2,,,,,,2,,,,,,,2,2,,,,,1,3,2,2,1,,1,1,1,4,2,1,,1,1,4,4,4,2,4,3,1,2,0,0
Ghana,GHA,185354472,1.146848532,1,21,2,3,2,1,1,1,0,2,2,2,,,1,1,2,,,,2,,2,,2,,,,,,,,,,2,2,2,2,2,2,,,,,2,,,2,1,2,,,,2,2,,1,2,1,2,2,3,2,2,1,1,,,1,1,,,2,,,,,,2,,,,,,,2,2,,,,,2,,,,,,3,3,3,3,,1,,1,1,4,4,4,4,4,1,1,2,1,0
Ghana,GHA,187692353,3.768735686,1,60,1,3,1,1,0,0,0,,,2,,,,,,,,,,,,,,2,2,2,2,2,2,1,2,2,2,2,2,2,1,2,,,,,2,,,2,2,2,,,,2,2,,2,2,2,2,,3,1,4,1,1,,,1,1,,,1,2,2,,,1,2,,,,,,,2,2,,,,,1,1,2,2,1,,3,3,1,1,4,1,,0,1,4,4,4,2,2,1,1,2,0,0
Ghana,GHA,130838316,1.598264041,1,38,1,5,1,2,1,0,1,,,2,,,,,,,,,,,,,,,2,2,1,2,2,1,2,2,,,,,,,1,2,2,1,2,,,2,2,2,,,,2,2,1,2,2,2,2,,7,,,2,,,,1,1,,,2,,,,,,1,2,2,2,1,,,2,2,,,,,2,,,,,,1,1,4,1,1,2,,1,0,2,4,4,4,4,1,1,2,1,0
Ghana,GHA,153123580,0.306325514,2,29,2,4,1,1,1,0,1,,,2,,,,,,,,,,,,,,,1,1,2,2,2,1,2,1,,,,,,,1,2,2,1,2,,,2,1,2,,,,2,2,2,2,2,2,1,,3,1,1,1,2,1,1,2,,,,2,,,,,,1,2,2,2,1,,,1,2,2,2,2,2,2,,,,,,1,1,1,1,2,1,,0,1,2,3,4,4,4,2,1,2,1,0
Ghana,GHA,132644329,0.975852641,1,23,2,5,1,2,1,1,1,2,2,1,2,,1,1,2,,,,1,1,1,1,1,,,,,,,,,,,,,,,,1,1,2,1,2,,,2,1,2,,,,1,1,1,2,2,2,2,,1,3,1,1,1,,,1,1,,,2,,,,,,1,2,2,2,1,,,2,2,,,,,2,,,,,,3,3,3,3,,2,,1,0,2,4,4,4,4,1,1,1,1,0
Ghana,GHA,143114403,0.581179231,2,24,2,5,1,2,1,1,1,1,2,1,1,1,1,1,2,,,,1,1,1,1,1,,,,,,,,,,,,,,,,1,1,1,1,2,1,,2,1,2,,,,1,1,2,2,2,1,2,,3,3,1,1,1,,,1,1,,,2,,,,,,1,2,1,1,,,2,2,2,,,,,2,,,,,,3,1,1,4,2,3,,1,1,1,4,4,4,4,1,1,1,1,1
Ghana,GHA,169034470,0.411026697,2,25,2,5,1,2,1,1,1,2,2,1,2,,1,1,2,,,,1,1,1,1,1,,,,,,,,,,,,,,,,1,1,2,1,2,,,2,1,2,,,,1,2,1,2,2,2,2,,1,3,2,1,2,2,1,1,1,,,1,2,2,,,1,2,,,,,,,2,3,,,,,2,,,,,,3,3,3,3,,1,,1,0,4,4,5,4,2,1,1,1,1,0
Ghana,GHA,161723288,1.439635609,2,18,2,1,1,2,1,0,1,,,2,,,,,,,,,,,,,,,2,1,1,2,2,1,2,1,,,,,,,1,1,1,1,2,,,2,2,2,,,,2,2,1,1,2,2,1,2,2,1,1,2,,,,1,1,,,2,,,,,,2,,,,,,,2,2,,,,,2,,,,,,1,1,2,1,4,1,,1,1,4,4,4,4,4,1,1,2,1,0
Ghana,GHA,147367611,0.332865319,2,33,2,4,1,2,1,1,1,2,2,1,2,,1,2,2,,,,1,1,1,1,1,,,,,,,,,,,,,,,,1,1,1,1,1,2,,2,1,2,,,,2,1,1,1,2,1,1,1,1,3,3,1,1,,,1,1,,,1,2,2,,,1,2,,,,,,,2,2,,,,,2,,,,,,1,1,2,1,4,1,,1,1,4,4,4,4,2,1,1,1,1,1
Ghana,GHA,173795012,1.57377017,2,28,1,3,1,1,0,0,0,,,2,,,,,,,,,,,,,,2,2,1,2,2,1,2,2,2,2,1,2,2,2,2,,,,,2,,,2,2,2,,,,2,2,,1,2,2,2,2,3,1,1,2,,,,2,,,,2,,,,,,2,,,,,,,2,2,,,,,2,,,,,,1,1,1,1,2,1,,1,0,4,4,4,4,4,5,1,2,0,0
Ghana,GHA,122281799,0.315339977,1,31,2,5,1,2,0,0,0,,,2,,,,,,,,,,,,,,2,2,2,1,1,2,2,2,2,2,2,1,2,2,2,,,,,2,,,2,2,2,,,,2,2,,1,2,2,2,1,1,1,2,2,,,,2,,,,1,2,2,,,1,2,,,,,,,2,2,,,,,2,,,,,,1,1,1,2,2,1,,1,1,4,4,4,4,2,5,1,1,0,0
Ghana,GHA,201451134,3.768735686,1,70,1,1,2,2,0,0,0,,,2,,,,,,,,,,,,,,2,2,2,2,2,2,1,2,2,2,2,2,2,2,1,,,,,2,,,2,2,2,,,,2,2,,2,2,2,2,,7,,,2,,,,2,,,,2,,,,,,2,,,,,,,2,2,,,,,2,,,,,,1,1,1,1,4,1,,0,0,4,4,4,4,4,5,2,2,0,0
Ghana,GHA,123489256,1.638861584,1,74,1,1,1,2,0,0,0,,,2,,,,,,,,,,,,,,2,2,1,2,2,2,1,2,1,2,1,2,1,1,1,,,,,2,,,2,2,2,,,,2,2,,2,1,2,1,,4,1,1,2,,,,1,2,1,2,1,2,2,,,1,2,,,,,,,2,2,,,,,2,,,,,,1,1,1,4,2,1,,0,1,4,4,4,4,2,3,2,2,0,0
Ghana,GHA,153779612,1.073863246,1,19,2,4,2,1,0,0,0,,,2,,,,,,,,,,,,,,2,2,2,1,2,2,1,2,2,2,2,2,2,2,2,,,,,2,,,2,2,2,,,,2,2,,2,2,2,2,,2,1,1,2,,,,1,1,,,2,,,,,,2,,,,,,,2,2,,,,,2,,,,,,3,3,3,3,,2,,0,0,4,4,4,4,4,1,3,1,0,0
Ghana,GHA,113796926,1.021613938,2,37,1,2,1,2,1,1,1,2,2,1,2,,1,1,2,,,,1,1,1,1,1,,,,,,,,,,,,,,,,1,1,2,1,2,,,2,1,2,,,,1,1,1,2,2,2,2,,1,3,3,1,1,,,1,1,,,1,2,2,,,1,2,,,,,,,2,2,,,,,2,,,,,,3,3,3,3,,1,,1,0,4,4,4,4,2,1,1,1,1,0
Ghana,GHA,169897186,0.80745741,1,22,1,3,1,1,0,0,0,,,2,,,,,,,,,,,,,,3,3,3,3,3,3,1,3,3,1,2,2,3,3,3,,,,,2,,,2,2,2,,,,2,3,,2,2,2,1,,7,,,2,,,,1,2,2,2,2,,,,,,2,,,,,,,2,2,,,,,1,1,2,2,1,,1,1,1,1,2,1,,0,1,4,4,4,2,4,4,1,2,0,0
Ghana,GHA,140786629,0.55485017,2,19,2,4,2,1,0,0,0,,,2,,,,,,,,,,,,,,1,2,2,2,2,2,1,2,1,,,,,,,,,,,2,,,2,2,2,,,,2,2,2,2,2,2,2,,7,,,2,,,,2,,,,2,,,,,,2,,,,,,,2,2,,,,,2,,,,,,1,1,2,3,2,1,,0,0,4,4,4,4,4,5,1,1,0,0
Ghana,GHA,129553969,0.699484677,2,25,2,4,1,1,1,1,1,2,2,2,,,2,2,2,,,,1,1,1,2,1,,,,,,,,,,,,,,,,1,1,2,1,2,,,2,1,2,,,,2,2,2,2,2,2,1,,2,1,1,1,1,,,2,,,,2,,,,,,2,,,,,,,2,2,,,,,1,1,2,2,1,,3,1,2,2,2,3,,1,1,4,4,4,2,4,1,1,2,1,0
Ghana,GHA,174028035,0.707166741,1,36,1,1,2,1,0,0,0,,,2,,,,,,,,,,,,,,2,2,2,2,2,1,1,2,2,2,2,2,1,2,1,,,,,2,,,2,2,2,,,,2,2,,2,2,2,2,,6,1,1,2,,,,2,,,,2,,,,,,2,,,,,,,2,2,,,,,2,,,,,,1,1,1,1,1,1,,0,0,4,4,4,4,4,5,2,2,0,0
Ghana,GHA,160698973,0.807805679,2,38,2,5,1,2,1,0,1,,,2,,,,,,,,,,,,,,,2,2,2,2,2,1,2,1,,,,,,,1,1,2,1,2,,,2,1,2,,,,2,2,1,2,1,2,1,,1,3,2,1,1,,,1,1,,,1,2,2,,,1,2,,,,,,,2,2,,,,,1,1,2,2,1,,1,1,2,2,2,2,,1,1,4,4,4,2,2,1,1,2,1,0
Ghana,GHA,124670083,3.277723169,1,70,1,3,1,1,1,1,0,2,2,2,,,2,2,2,,,,2,,2,,1,,,,,,,,,,,,,,,,,,,,2,,,2,2,2,,,,2,2,2,1,2,2,2,2,3,1,1,2,,,,2,,,,2,,,,,,2,,,,,,,2,2,,,,,2,,,,,,1,1,1,1,3,1,,1,0,4,4,4,4,4,5,2,2,0,0
Ghana,GHA,114046610,0.306325514,2,30,3,5,1,2,1,1,1,2,2,2,,,1,1,2,,,,1,1,1,2,1,,,,,,,,,,,,,,,,1,1,1,1,2,,,2,1,2,,,,1,1,1,2,2,2,1,,1,3,3,1,1,,,1,1,,,2,,,,,,2,,,,,,,2,2,,,,,2,,,,,,2,2,3,2,5,2,,1,1,4,4,4,4,4,1,1,1,1,0
Ghana,GHA,182624609,0.499675945,2,37,1,5,1,2,1,0,1,,,2,,,,,,,,,,,,,,,2,2,2,2,2,1,2,2,,,,,,,1,1,2,1,2,,,2,2,2,,,,2,2,1,2,2,2,1,,3,1,1,1,1,,,1,1,,,1,2,2,,,1,1,2,2,2,1,,,2,2,,,,,2,,,,,,1,1,1,1,2,1,,1,1,2,4,4,4,2,1,1,2,1,0
Ghana,GHA,186011440,0.308578801,2,38,3,5,1,2,1,1,1,2,2,1,2,,1,1,2,,,,1,2,1,1,1,,,,,,,,,,,,,,,,1,1,2,1,2,,,2,1,2,,,,2,1,1,1,2,2,2,1,1,3,2,1,1,,,1,1,,,1,2,2,,,1,2,,,,,,,2,2,,,,,1,1,2,1,,,1,1,1,1,2,2,,1,1,4,4,4,1,2,1,1,1,1,0
Ghana,GHA,112570416,1.988871797,1,77,1,3,2,2,1,0,1,,,2,,,,,,,,,,,,,,,1,2,1,2,2,1,2,2,,,,,,,2,2,2,2,2,,,2,2,2,,,,2,2,2,2,2,2,1,,7,,,2,,,,1,1,,,2,,,,,,2,,,,,,,2,2,,,,,2,,,,,,1,1,1,4,2,1,,0,1,4,4,4,4,4,1,1,2,1,0
Ghana,GHA,111873411,0.483539216,1,36,2,4,1,2,1,0,1,,,2,,,,,,,,,,,,,,,2,2,2,1,2,1,2,2,,,,,,,1,1,1,2,2,,,2,2,2,,,,2,2,1,1,1,2,1,1,2,1,1,1,1,,,1,1,,,1,2,2,,,1,2,,,,,,,2,2,,,,,2,,,,,,1,1,1,1,3,1,,1,1,4,4,4,4,2,1,1,2,1,0
Ghana,GHA,150487756,0.306325514,2,30,3,4,1,2,1,1,1,1,1,1,2,,1,2,2,,,,1,1,1,1,1,,,,,,,,,,,,,,,,1,1,1,1,2,,,1,1,1,1,1,,2,1,1,1,1,1,1,1,1,1,1,1,1,,,1,1,,,1,2,2,,,1,1,1,1,2,,,1,2,2,,,,,1,1,2,1,,,1,1,2,1,1,1,,1,1,1,4,4,1,2,1,1,1,1,1
Ghana,GHA,132749286,1.25152214,2,55,2,1,1,1,0,0,0,,,2,,,,,,,,,,,,,,2,1,1,2,1,2,1,2,1,2,2,2,1,2,2,,,,,2,,,2,2,2,,,,2,2,,2,1,2,1,,5,1,1,1,1,,,2,,,,1,2,2,,,1,2,,,,,,,2,2,,,,,1,1,2,2,1,,1,1,1,1,1,1,,0,1,4,4,4,2,2,1,1,2,0,0
Ghana,GHA,126956092,0.872201561,1,45,2,3,1,1,1,0,1,,,2,,,,,,,,,,,,,,,1,1,1,1,1,2,2,2,,,,,,,2,2,2,1,2,,,2,1,2,,,,2,2,1,2,2,2,2,,3,3,3,2,,,,1,1,,,2,,,,,,2,,,,,,,2,2,,,,,1,1,2,2,1,,1,2,2,1,4,2,,1,0,4,4,4,2,4,1,1,2,1,0
Ghana,GHA,124328566,0.403132033,2,27,2,5,1,1,1,1,1,2,2,1,2,,1,1,2,,,,1,1,1,1,1,,,,,,,,,,,,,,,,1,1,2,1,2,,,2,1,2,,,,2,2,2,2,2,2,2,,6,2,1,1,1,,,1,1,,,2,,,,,,1,2,2,2,1,,,2,2,,,,,2,,,,,,2,2,3,3,1,1,,1,0,2,4,4,4,4,1,1,1,1,0
Ghana,GHA,190731315,0.415423469,2,28,3,4,1,2,1,1,1,2,2,1,2,,1,2,1,2,,1,1,2,1,2,2,,,,,,,,,,,,,,,,1,1,2,1,2,,,2,1,2,,,,1,2,1,2,2,2,2,,1,2,1,1,1,,,2,,,,1,2,2,,,1,1,2,1,1,,,2,2,2,,,,,2,,,,,,1,1,1,1,2,2,,1,0,1,4,4,4,2,1,1,1,1,0
Ghana,GHA,162626566,3.325103477,2,70,1,2,1,1,0,0,0,,,2,,,,,,,,,,,,,,2,1,1,2,1,2,1,2,2,2,2,2,2,1,2,,,,,2,,,2,2,2,,,,2,2,,2,2,2,2,,1,3,3,1,1,,,1,2,2,1,1,2,2,,,1,2,,,,,,,2,2,,,,,1,1,2,2,1,,1,1,1,1,2,2,,1,0,4,4,4,2,2,1,1,2,0,0
Ghana,GHA,201271178,2.724773033,1,46,1,2,1,2,0,0,0,,,2,,,,,,,,,,,,,,2,2,2,2,2,2,1,2,2,2,2,1,1,1,2,,,,,2,,,2,2,2,,,,2,2,,2,1,2,1,,5,1,1,1,2,1,1,1,1,,,1,2,2,,,1,2,,,,,,,2,2,,,,,2,,,,,,1,1,1,1,2,2,,0,1,4,4,4,4,2,1,1,2,0,0
Ghana,GHA,137965839,0.499675945,2,41,2,3,1,2,1,1,0,2,2,1,2,,2,2,2,,,,2,,2,,1,,,,,,,,,,2,2,2,1,1,1,,,,,2,,,2,2,2,,,,2,2,,2,2,2,2,,6,1,2,1,2,1,1,2,,,,1,2,2,,,1,1,2,2,2,1,,,2,2,,,,,2,,,,,,1,1,2,1,4,1,,0,0,2,4,4,4,2,2,1,1,0,0
Ghana,GHA,210918883,0.798514739,1,35,2,5,1,2,1,1,1,2,2,1,2,,1,2,2,,,,1,2,1,2,1,,,,,,,,,,,,,,,,1,1,2,1,2,,,2,1,2,,,,2,1,2,2,1,2,1,,1,3,2,1,1,,,1,1,,,1,2,1,2,,,2,,,,,,,2,2,,,,,2,,,,,,3,1,2,2,2,1,,1,1,4,4,4,4,1,1,1,1,1,0
Ghana,GHA,207414818,0.837150578,1,34,1,1,2,2,1,1,1,1,2,2,,,2,2,2,,,,1,1,2,,1,,,,,,,,,,1,2,2,1,2,1,,,,,2,,,2,2,2,,,,2,2,,1,1,1,1,1,1,1,1,2,,,,1,1,,,1,2,2,,,1,2,,,,,,,2,2,,,,,1,3,2,1,,,1,1,1,1,4,1,,1,1,4,4,4,1,2,1,1,1,1,0
Ghana,GHA,188725101,1.732419713,1,50,1,3,1,2,1,0,1,,,2,,,,,,,,,,,,,,,2,2,2,2,2,2,2,2,,,,,,,1,1,2,2,2,,,2,1,2,,,,2,2,1,2,2,2,2,,2,3,2,1,1,,,1,1,,,2,,,,,,2,,,,,,,2,2,,,,,2,,,,,,1,1,2,2,1,2,,1,0,4,4,4,4,4,1,1,2,1,0
Ghana,GHA,153388585,0.625036842,1,30,1,3,1,1,0,0,0,,,2,,,,,,,,,,,,,,2,1,3,3,2,2,1,2,2,2,2,3,1,3,2,,,,,2,,,2,2,2,,,,2,2,,1,2,2,2,1,3,2,1,2,,,,2,,,,2,,,,,,2,,,,,,,2,2,,,,,1,1,2,2,1,,2,1,3,4,2,1,,1,1,4,4,4,2,4,5,1,2,0,0
Ghana,GHA,172625901,1.140150468,2,19,1,5,1,2,1,0,1,,,2,,,,,,,,,,,,,,,2,2,2,2,2,2,2,1,,,,,,,1,1,1,1,2,,,2,2,2,,,,2,2,1,2,2,2,1,,2,2,1,1,2,1,1,1,2,1,1,1,2,2,,,1,1,2,2,2,1,,,2,2,,,,,2,,,,,,1,1,1,1,2,1,,1,1,2,4,4,4,2,2,1,2,1,0
Ghana,GHA,201534505,2.55880331,2,56,1,2,1,1,1,1,0,,,1,2,,2,2,2,,,,2,,2,,2,,,,,,,,,,2,2,2,1,1,2,,,,,2,,,2,2,2,,,,2,2,,2,2,2,2,,2,3,1,2,,,,1,1,,,1,2,2,,,1,2,,,,,,,2,2,,,,,1,1,2,2,1,,1,1,1,1,1,1,,1,0,4,4,4,2,2,1,1,2,1,0
Ghana,GHA,157987525,1.084949094,1,38,3,5,1,2,1,1,1,1,1,1,2,,1,1,2,,,,1,2,1,1,1,,,,,,,,,,,,,,,,1,2,2,1,2,,,2,1,2,,,,1,1,2,2,2,2,2,,3,3,2,1,1,,,1,1,,,1,2,2,,,1,1,1,1,2,,,2,2,2,,,,,2,,,,,,1,1,1,1,2,1,,1,0,1,4,4,4,2,1,1,1,1,0
Ghana,GHA,198947854,0.306325514,2,27,3,5,1,2,1,1,1,1,2,1,1,1,1,1,2,,,,1,1,1,1,1,,,,,,,,,,,,,,,,1,1,2,1,1,2,,1,1,1,3,2,,1,1,1,2,2,2,1,,3,3,3,1,1,,,1,1,,,1,2,2,,,1,1,1,1,2,,,2,1,2,1,2,,,2,,,,,,1,1,1,1,3,1,,1,1,1,1,4,4,2,1,1,1,1,1
Ghana,GHA,128218056,0.403132033,2,32,2,5,1,2,1,1,1,2,2,1,1,2,1,1,2,,,,1,1,1,2,1,,,,,,,,,,,,,,,,1,1,2,1,2,,,2,1,2,,,,1,1,1,1,2,2,2,2,1,3,2,1,1,,,1,1,,,1,2,2,,,1,2,,,,,,,2,2,,,,,2,,,,,,1,1,2,1,2,1,,1,0,4,4,4,4,2,1,1,1,1,0
Ghana,GHA,117446130,0.798514739,1,43,1,4,1,2,1,1,0,2,2,1,2,,2,2,2,,,,1,2,1,1,1,,,,,,,,,,,,,,,,,,,,2,,,2,1,2,,,,2,1,1,2,2,2,1,,3,2,2,1,1,,,1,2,1,2,2,,,,,,2,,,,,,,2,2,,,,,2,,,,,,2,1,3,1,2,1,,1,1,4,4,4,4,4,1,1,1,1,0
Ghana,GHA,148334943,0.332941299,2,27,2,2,1,2,1,0,1,,,2,,,,,,,,,,,,,,,2,1,2,1,2,1,1,2,,,,,,,1,2,2,1,2,,,2,1,2,,,,2,2,1,2,2,2,2,,7,,,1,1,,,1,1,,,2,,,,,,2,,,,,,,2,2,,,,,2,,,,,,1,1,2,1,4,1,,1,0,4,4,4,4,4,1,1,1,1,0
Ghana,GHA,136566928,3.768735686,2,67,1,1,1,2,1,0,1,,,2,,,,,,,,,,,,,,,2,2,2,2,2,1,2,2,,,,,,,1,2,2,2,2,,,2,2,2,,,,2,2,2,2,1,2,2,,3,1,1,1,2,1,1,1,1,,,1,2,2,,,1,2,,,,,,,2,2,,,,,1,1,2,1,,,2,1,1,1,2,1,,0,1,4,4,4,1,2,1,1,2,1,0
Ghana,GHA,114279011,0.959757073,2,20,2,5,2,2,1,0,1,,,2,,,,,,,,,,,,,,,2,2,2,2,2,1,2,2,,,,,,,1,1,1,1,2,,,2,1,2,,,,2,2,1,2,2,2,2,,2,1,1,1,1,,,1,1,,,2,,,,,,2,,,,,,,2,2,,,,,2,,,,,,1,1,2,1,4,1,,1,1,4,4,4,4,4,1,1,1,1,0
Ghana,GHA,151204525,0.518757223,2,50,2,3,1,2,1,1,1,1,1,2,,,1,1,2,,,,1,1,1,1,1,,,,,,,,,,2,2,2,2,2,2,,,,,1,1,,1,1,1,2,1,,1,1,,1,2,2,2,2,3,2,2,2,,,,1,2,1,1,1,1,1,1,,,1,2,2,1,,,1,2,2,,,,,2,,,,,,2,1,1,2,1,2,,1,0,1,4,4,4,1,2,1,1,1,1
Ghana,GHA,111899146,0.307415978,2,30,2,5,1,2,1,1,1,2,2,1,2,,1,1,2,,,,1,1,1,1,1,,,,,,,,,,,,,,,,1,1,2,1,2,,,2,1,2,,,,1,2,1,2,2,2,2,,1,3,2,1,1,,,1,1,,,1,2,2,,,1,2,,,,,,,2,2,,,,,2,,,,,,3,3,3,3,,3,,1,0,4,4,4,4,2,1,1,1,1,0
Ghana,GHA,156105467,2.055244668,2,61,1,1,1,2,1,0,1,,,2,,,,,,,,,,,,,,,2,1,2,1,2,1,2,2,,,,,,,1,2,2,2,2,,,2,1,2,,,,2,2,2,2,2,2,2,,3,2,1,1,1,,,1,1,,,1,2,2,,,1,2,,,,,,,2,2,,,,,1,3,2,2,1,,1,1,1,1,4,1,,0,0,4,4,4,2,2,1,1,2,1,0
Ghana,GHA,134521239,0.834403977,2,20,1,4,1,1,0,0,0,,,2,,,,,,,,,,,,,,1,2,1,2,2,2,1,2,2,1,2,2,2,2,2,,,,,2,,,2,2,2,,,,2,2,,2,2,2,1,,8,,,2,,,,2,,,,2,,,,,,2,,,,,,,2,2,,,,,1,1,2,2,1,,2,1,1,1,4,2,,0,1,4,4,4,2,4,5,2,2,0,0
Ghana,GHA,186958749,2.36135677,2,72,2,3,1,1,0,0,0,,,2,,,,,,,,,,,,,,1,2,1,2,2,2,1,2,2,2,2,2,2,2,2,,,,,2,,,2,1,2,,,,2,2,,2,2,2,2,,5,1,1,1,1,,,1,1,,,2,,,,,,2,,,,,,,2,2,,,,,1,1,2,2,1,,1,1,2,3,1,2,,0,0,4,4,4,2,4,1,1,1,0,0
Ghana,GHA,194277717,0.560088747,1,34,1,4,1,1,1,0,1,,,2,,,,,,,,,,,,,,,2,1,2,2,2,1,2,2,,,,,,,2,1,2,2,2,,,2,1,2,,,,1,2,1,2,2,2,1,,4,1,1,1,2,2,1,1,1,,,2,,,,,,1,2,2,2,1,,,2,2,,,,,1,1,2,2,1,,1,1,1,1,1,1,,1,1,2,4,4,2,4,1,1,2,1,0
Ghana,GHA,178599752,0.96634691,1,30,2,2,1,2,0,0,0,,,2,,,,,,,,,,,,,,2,2,1,1,1,2,1,2,1,2,2,2,1,1,2,,,,,2,,,2,1,2,,,,2,2,,1,1,2,1,1,6,1,1,1,1,,,1,1,,,1,2,2,,,1,2,,,,,,,2,2,,,,,2,,,,,,1,1,1,1,2,1,,1,1,4,4,4,4,2,1,1,2,0,0
Ghana,GHA,190238128,0.306325514,2,31,2,5,1,2,1,0,1,,,2,,,,,,,,,,,,,,,2,1,2,2,2,2,2,2,,,,,,,1,1,2,1,2,,,2,1,2,,,,2,2,1,2,2,2,1,,2,3,2,1,1,,,1,1,,,2,,,,,,2,,,,,,,2,2,,,,,2,,,,,,2,1,2,4,2,1,,1,1,4,4,4,4,4,1,1,1,1,0
Ghana,GHA,132156010,0.332941299,2,25,2,3,1,2,1,0,1,,,2,,,,,,,,,,,,,,,2,2,2,1,2,1,2,2,,,,,,,1,1,2,1,2,,,2,1,2,,,,2,2,1,2,2,2,2,,2,2,1,1,1,,,1,1,,,1,2,1,1,,,1,2,2,2,1,,,2,2,,,,,1,1,2,1,,,3,1,3,4,,2,,1,0,2,4,4,1,1,1,1,1,1,0
Ghana,GHA,166137949,1.393143457,1,20,2,4,1,2,1,1,0,1,2,2,,,2,2,2,,,,1,2,1,1,1,,,,,,,,,,,,,,,,,,,,1,1,,2,1,1,2,1,,2,1,1,2,1,1,1,,1,2,2,1,1,,,1,1,,,1,2,2,,,1,1,2,1,2,,,1,2,2,,,,,2,,,,,,1,1,2,1,1,1,,1,1,1,4,4,4,2,1,1,1,1,1
Ghana,GHA,149831124,0.603022768,2,31,3,5,1,2,1,1,1,1,1,1,2,,1,1,2,,,,1,1,1,1,1,,,,,,,,,,,,,,,,1,1,2,1,2,,,1,1,1,1,2,,1,1,1,2,2,2,2,,1,3,3,1,1,,,1,1,,,1,2,2,,,1,1,1,1,2,,,2,2,2,,,,,2,,,,,,1,1,1,1,2,1,,1,0,1,4,4,4,2,1,1,1,1,1
Ghana,GHA,134434691,1.121426024,2,15,2,4,2,2,0,0,0,,,2,,,,,,,,,,,,,,1,3,3,2,2,2,1,2,2,2,2,2,2,1,2,,,,,2,,,2,1,2,,,,1,2,,1,2,2,2,1,7,,,1,1,,,1,1,,,2,,,,,,2,,,,,,,2,2,,,,,2,,,,,,1,2,1,1,4,1,,1,1,4,4,4,4,4,1,1,2,0,0
Ghana,GHA,151481379,1.188980117,2,48,3,5,1,2,1,1,0,2,2,1,1,2,1,1,2,,,,1,1,1,1,1,,,,,,,,,,,,,,,,,,,,2,,,2,1,2,,,,1,1,1,2,2,1,2,,1,3,3,1,1,,,1,1,,,1,2,2,,,1,1,1,1,2,,,2,1,2,1,2,,,2,,,,,,1,1,2,3,2,2,,1,1,1,1,4,4,2,1,1,1,1,0
Ghana,GHA,144535893,0.306325514,2,33,2,4,1,1,1,0,1,,,2,,,,,,,,,,,,,,,1,2,2,2,2,2,2,2,,,,,,,1,1,1,1,1,2,,1,1,2,,,,1,1,1,1,2,2,2,1,1,1,2,1,1,,,1,1,,,1,2,1,2,,,1,2,2,1,,,2,1,2,2,1,,,1,1,2,1,,,1,1,2,1,1,1,,1,1,1,1,4,1,1,1,1,1,1,1
Ghana,GHA,188069323,0.536931623,1,21,2,3,1,1,1,0,1,,,2,,,,,,,,,,,,,,,2,2,2,2,2,1,2,2,,,,,,,1,1,2,1,2,,,2,2,2,,,,2,2,2,2,2,2,2,,2,1,1,2,,,,1,1,,,2,,,,,,2,,,,,,,2,2,,,,,2,,,,,,1,1,1,1,2,1,,1,0,4,4,4,4,4,1,1,1,1,0
Ghana,GHA,195348238,0.474300726,1,44,1,3,1,1,1,1,1,2,2,2,,,2,2,2,,,,2,,2,,2,,,,,,,,,,,,,,,,1,1,1,1,2,,,2,1,2,,,,2,2,1,2,1,2,1,,7,,,1,1,,,1,1,,,1,2,2,,,1,1,2,2,2,1,,,2,2,,,,,1,1,2,2,1,,1,1,1,1,2,1,,1,1,2,4,4,2,2,1,1,2,1,0
Ghana,GHA,148553193,0.843238079,1,30,1,2,1,1,0,0,0,,,2,,,,,,,,,,,,,,2,2,2,2,2,2,1,2,2,2,2,2,2,1,2,,,,,2,,,2,2,2,,,,2,2,,2,2,2,2,,6,1,1,2,,,,2,,,,2,,,,,,2,,,,,,,2,2,,,,,2,,,,,,2,1,2,2,2,1,,0,0,4,4,4,4,4,5,1,2,0,0
Ghana,GHA,164880961,0.752278717,2,45,3,5,1,1,1,1,0,2,2,2,,,2,2,2,,,,1,2,1,2,1,,,,,,,,,,2,2,2,2,1,2,,,,,2,,,2,2,2,,,,2,1,,2,2,2,2,,1,3,3,2,,,,2,,,,1,2,2,,,1,2,,,,,,,2,2,,,,,2,,,,,,2,2,1,1,3,1,,1,0,4,4,4,4,2,5,1,1,0,0
Ghana,GHA,158683695,0.487926321,1,20,2,4,1,1,0,0,0,,,2,,,,,,,,,,,,,,1,2,2,2,2,2,1,2,2,,,,,,,,,,,2,,,2,1,2,,,,2,2,1,1,2,2,1,2,2,1,1,2,,,,1,1,,,2,,,,,,1,2,2,2,1,,,2,2,,,,,2,,,,,,3,3,3,3,,1,,1,1,2,4,4,4,4,1,1,1,0,0
Ghana,GHA,161105814,1.206886303,1,23,2,3,1,1,1,0,1,,,2,,,,,,,,,,,,,,,2,2,2,2,2,1,1,2,,,,,,,,,,1,2,,,1,1,2,,,,2,2,1,1,2,2,1,2,2,1,1,1,1,,,1,1,,,1,2,2,,,1,1,2,2,1,,,1,2,2,,,,,1,1,2,2,1,,1,1,1,1,1,1,,1,1,1,4,4,2,2,1,1,2,1,0
Ghana,GHA,116199736,0.337658692,2,17,2,3,1,1,0,0,0,,,2,,,,,,,,,,,,,,1,2,2,2,2,2,1,2,2,2,2,2,1,1,2,,,,,2,,,2,2,2,,,,2,2,,2,2,2,2,,3,2,1,2,,,,2,,,,2,,,,,,2,,,,,,,2,2,,,,,1,1,2,2,1,,2,2,3,4,2,1,,0,0,4,4,4,2,4,5,1,1,0,0
Ghana,GHA,190620864,0.890789978,2,31,1,1,1,1,0,0,0,,,2,,,,,,,,,,,,,,2,1,1,2,2,2,1,2,2,1,2,2,1,2,2,,,,,2,,,2,2,2,,,,2,2,,1,2,1,1,2,4,1,1,1,1,,,2,,,,1,2,2,,,1,2,,,,,,,2,2,,,,,2,,,,,,1,1,1,1,4,1,,1,1,4,4,4,4,2,1,1,2,0,0
Ghana,GHA,159539730,1.777681951,2,24,2,2,1,1,0,0,0,,,2,,,,,,,,,,,,,,1,1,1,2,1,2,1,2,2,1,1,1,1,2,2,,,,,2,,,2,2,2,,,,2,2,,2,2,2,1,,2,1,1,1,2,1,2,1,2,1,2,2,,,,,,2,,,,,,,2,2,,,,,1,1,2,2,1,,1,1,1,1,2,1,,1,1,4,4,4,2,4,3,1,2,0,0
Ghana,GHA,151302955,0.504506027,2,22,2,1,1,2,1,1,1,2,2,1,2,,1,2,2,,,,2,,2,,1,,,,,,,,,,,,,,,,1,1,2,1,2,,,2,1,2,,,,1,2,1,1,1,2,1,2,2,1,1,1,1,,,1,1,,,2,,,,,,2,,,,,,,1,2,2,1,,,1,1,2,2,1,,3,1,1,1,2,1,,1,1,4,1,4,2,4,1,1,2,1,0
Ghana,GHA,210727110,0.403132033,2,31,2,3,1,2,0,0,0,,,2,,,,,,,,,,,,,,1,1,2,2,1,2,1,2,2,2,2,2,1,2,2,,,,,2,,,2,2,2,,,,2,2,,2,2,2,1,,1,1,1,2,,,,1,2,1,2,1,2,2,,,1,1,2,2,2,1,,,2,2,,,,,2,,,,,,1,1,1,1,2,1,,1,1,2,4,4,4,2,3,1,2,0,0
Ghana,GHA,151283180,0.871378722,2,33,2,4,1,1,1,0,1,,,2,,,,,,,,,,,,,,,1,2,2,2,2,2,2,2,,,,,,,2,1,2,1,2,,,2,1,2,,,,2,2,2,2,2,2,2,,5,2,2,1,1,,,1,1,,,2,,,,,,2,,,,,,,2,2,,,,,1,3,2,1,,,2,2,3,1,4,1,,0,0,4,4,4,1,4,1,2,1,1,0
Ghana,GHA,132964251,0.843238079,1,32,2,4,1,1,1,1,1,2,2,2,,,2,2,1,1,2,2,1,1,2,,1,,,,,,,,,,,,,,,,1,1,2,1,2,,,2,2,2,,,,2,2,2,1,2,1,2,1,6,2,2,1,1,,,2,,,,2,,,,,,2,,,,,,,2,2,,,,,2,,,,,,2,3,3,3,,2,,1,1,4,4,4,4,4,1,1,2,1,0
Ghana,GHA,115374258,0.747423382,1,40,3,1,1,2,0,0,0,,,2,,,,,,,,,,,,,,1,1,1,1,1,2,1,1,2,2,2,1,1,2,2,,,,,2,,,2,2,2,,,,2,2,,2,2,2,2,,2,1,2,1,1,,,1,1,,,1,2,2,,,1,2,,,,,,,2,2,,,,,2,,,,,,2,1,1,1,1,1,,0,0,4,4,4,4,2,1,1,2,0,0
Ghana,GHA,118282990,0.654332384,2,47,1,5,1,1,1,0,1,,,2,,,,,,,,,,,,,,,2,2,2,1,2,2,2,2,,,,,,,1,1,2,2,2,,,2,1,2,,,,2,2,1,2,2,2,2,,1,2,1,1,1,,,1,2,1,1,2,,,,,,2,,,,,,,1,2,2,2,2,2,1,1,2,1,,,1,1,1,1,4,1,,1,0,4,3,4,1,4,1,2,2,1,0
Ghana,GHA,199937324,1.393461457,1,22,2,1,1,2,0,0,0,,,2,,,,,,,,,,,,,,2,2,2,2,2,2,2,2,2,,,,,,,,,,,2,,,2,1,2,,,,2,2,2,2,2,2,2,,7,,,1,1,,,1,1,,,2,,,,,,2,,,,,,,2,2,,,,,2,,,,,,1,2,3,2,2,2,,1,0,4,4,4,4,4,1,1,1,0,0
Ghana,GHA,175883872,0.959757073,2,15,2,4,2,2,0,0,0,,,2,,,,,,,,,,,,,,3,2,2,1,2,2,1,2,2,2,2,2,1,2,2,,,,,2,,,2,2,2,,,,2,2,,2,2,2,2,,2,1,4,2,,,,2,,,,2,,,,,,2,,,,,,,2,2,,,,,2,,,,,,2,1,3,1,4,1,,0,0,4,4,4,4,4,5,1,1,0,0
Ghana,GHA,142860490,0.477039213,2,40,2,5,1,2,1,1,0,1,2,2,,,1,2,2,,,,1,1,1,1,1,,,,,,,,,,,,,,,,,,,,2,,,2,2,2,,,,1,1,2,2,1,2,1,,2,2,1,2,,,,1,1,,,1,2,1,1,,,1,2,1,2,,,2,2,2,,,,,1,1,2,2,1,,3,1,2,2,2,2,,1,1,1,4,4,2,1,1,2,2,1,0
Ghana,GHA,157009929,0.825162869,2,40,2,1,1,2,1,1,1,2,1,2,,,1,1,2,,,,2,,1,2,1,,,,,,,,,,,,,,,,1,1,2,2,2,,,2,1,2,,,,2,1,2,2,1,2,1,,2,1,1,1,1,,,1,1,,,1,2,2,,,1,1,2,1,1,,,2,1,2,1,1,,,2,,,,,,1,1,1,1,2,1,,1,1,1,1,4,4,2,1,1,2,1,0
Ghana,GHA,113885128,0.767342306,1,15,2,4,2,2,0,0,0,,,2,,,,,,,,,,,,,,1,2,2,1,2,2,2,2,2,2,2,1,2,1,1,,,,,2,,,2,2,2,,,,2,2,,2,2,2,3,,7,,,2,,,,2,,,,2,,,,,,2,,,,,,,2,2,,,,,2,,,,,,1,1,3,1,4,1,,0,0,4,4,4,4,4,5,2,1,0,0
Ghana,GHA,138696716,0.677293389,1,26,2,1,2,2,1,0,1,,,2,,,,,,,,,,,,,,,2,2,2,2,2,1,2,2,,,,,,,1,2,2,1,2,,,2,1,2,,,,2,2,2,2,2,2,2,,2,2,2,2,,,,1,1,,,2,,,,,,2,,,,,,,2,2,,,,,1,1,2,2,1,,2,2,2,4,1,2,,1,0,4,4,4,2,4,1,1,1,1,0
Ghana,GHA,147216147,3.146001567,1,48,1,2,1,2,1,0,1,,,2,,,,,,,,,,,,,,,2,2,2,2,2,2,2,2,,,,,,,1,1,1,2,2,,,2,1,2,,,,2,2,1,1,2,2,1,2,2,1,1,1,1,,,1,1,,,2,,,,,,2,,,,,,,2,2,,,,,2,,,,,,1,1,3,2,1,1,,1,1,4,4,4,4,4,1,1,2,1,0
Ghana,GHA,205612813,0.384869013,2,33,2,4,1,1,0,0,0,,,2,,,,,,,,,,,,,,2,1,2,1,1,2,1,2,2,1,2,2,2,2,1,,,,,1,1,,2,2,2,,,,2,2,,2,2,2,1,,3,2,1,2,,,,2,,,,2,,,,,,2,,,,,,,2,2,,,,,2,,,,,,1,1,1,3,2,2,,1,1,4,4,4,4,4,5,1,2,0,0
Ghana,GHA,123274272,0.56419863,1,40,2,2,1,2,1,0,1,,,2,,,,,,,,,,,,,,,2,2,2,2,2,1,2,2,,,,,,,2,1,2,1,2,,,2,1,2,,,,2,2,1,1,1,2,1,1,2,2,1,2,,,,1,1,,,1,2,2,,,1,2,,,,,,,2,2,,,,,2,,,,,,1,1,2,2,2,1,,1,1,4,4,4,4,2,1,1,1,1,0
Ghana,GHA,165977984,0.792950147,2,19,2,2,2,2,1,0,1,,,2,,,,,,,,,,,,,,,2,2,2,2,2,2,2,2,,,,,,,1,1,2,1,1,2,,2,1,1,1,2,,2,2,1,2,2,2,2,,6,3,2,1,1,,,1,1,,,2,,,,,,2,,,,,,,2,2,,,,,2,,,,,,5,2,3,1,4,2,,1,0,4,4,4,4,4,1,1,1,1,1
Ghana,GHA,174497722,0.403132033,2,31,2,5,1,2,1,1,1,2,2,1,2,,1,1,2,,,,1,1,1,2,1,,,,,,,,,,,,,,,,1,1,2,1,2,,,2,1,1,3,2,,1,1,1,2,2,2,2,,3,3,2,1,1,,,1,1,,,1,2,2,,,1,2,,,,,,,2,2,,,,,2,,,,,,1,1,1,1,2,1,,1,0,4,4,4,4,2,1,1,1,1,1
Ghana,GHA,202005066,1.037635245,1,36,2,1,1,1,1,0,1,,,2,,,,,,,,,,,,,,,2,2,1,2,2,1,2,2,,,,,,,1,1,2,1,2,,,2,1,2,,,,2,2,1,2,2,2,1,,2,1,4,1,1,,,1,1,,,1,2,2,,,1,2,,,,,,,2,2,,,,,1,1,2,2,1,,1,1,1,1,4,1,,1,1,4,4,4,2,2,1,1,2,1,0
Ghana,GHA,116813836,0.566167866,2,26,2,3,1,1,1,0,1,,,2,,,,,,,,,,,,,,,1,1,1,1,2,1,2,2,,,,,,,1,1,2,1,2,,,2,1,2,,,,2,2,1,2,2,2,2,,3,1,1,2,,,,1,1,,,2,,,,,,2,,,,,,,2,2,,,,,2,,,,,,2,1,1,1,4,3,,1,0,4,4,4,4,4,1,1,1,1,0
Ghana,GHA,154363518,0.723299396,1,36,2,3,1,2,1,1,1,2,2,1,2,,1,1,2,,,,1,2,1,1,1,,,,,,,,,,,,,,,,1,1,2,1,1,1,,1,1,1,1,1,,1,1,1,1,1,1,1,2,2,2,2,1,1,,,1,2,1,1,1,1,1,1,,,1,1,1,1,,,1,2,2,,,,,2,,,,,,1,1,1,1,4,1,,1,1,1,4,4,4,1,1,1,1,1,1
Ghana,GHA,113950366,0.306325514,2,29,2,5,1,1,1,0,1,,,2,,,,,,,,,,,,,,,2,2,1,2,2,2,2,2,,,,,,,1,1,2,1,2,,,2,1,2,,,,1,2,1,2,2,2,2,,1,3,3,1,1,,,1,1,,,2,,,,,,1,2,2,1,,,2,2,2,,,,,2,,,,,,1,1,1,1,4,1,,1,0,1,4,4,4,4,1,1,2,1,0
Ghana,GHA,179420005,0.470378686,2,30,2,5,1,2,1,1,0,2,2,2,,,2,2,2,,,,1,1,1,1,1,,,,,,,,,,,,,,,,,,,,2,,,2,1,2,,,,1,1,1,2,2,2,2,,1,2,1,1,1,,,1,1,,,2,,,,,,2,,,,,,,2,2,,,,,2,,,,,,2,2,3,2,2,1,,1,1,4,4,4,4,4,1,1,2,1,0
Ghana,GHA,135652706,0.419747361,1,42,2,4,1,2,1,1,1,1,2,2,,,2,2,2,,,,2,,2,,2,,,,,,,,,,,,,,,,1,2,2,2,2,,,2,1,2,,,,2,2,2,2,2,2,2,,1,2,4,1,1,,,1,1,,,2,,,,,,2,,,,,,,2,2,,,,,2,,,,,,1,1,1,1,4,1,,1,0,4,4,4,4,4,1,1,2,1,0
Ghana,GHA,173167040,0.306325514,2,25,2,4,1,2,1,0,1,,,2,,,,,,,,,,,,,,,2,2,2,2,2,1,2,2,,,,,,,1,1,2,1,2,,,2,1,2,,,,2,2,1,2,2,2,2,,6,2,2,2,,,,1,1,,,1,2,1,2,,,2,,,,,,,2,2,,,,,2,,,,,,3,3,3,3,,3,,1,0,4,4,4,4,1,1,1,1,1,0
Ghana,GHA,135102555,1.654995007,1,19,2,1,2,1,1,0,1,,,2,,,,,,,,,,,,,,,1,2,2,2,2,1,2,2,,,,,,,1,1,2,1,2,,,2,2,2,,,,2,2,1,2,2,2,1,,7,,,2,,,,1,1,,,1,2,2,,,1,2,,,,,,,2,2,,,,,2,,,,,,1,1,2,1,2,3,,1,1,4,4,4,4,2,1,1,2,1,0
Ghana,GHA,183271410,1.197772108,1,35,2,3,1,2,1,1,1,2,2,1,2,,1,1,1,2,,1,1,1,1,1,1,,,,,,,,,,,,,,,,1,1,2,1,1,2,,1,1,2,,,,1,1,1,2,1,1,1,,1,3,3,1,1,,,1,1,,,1,2,1,2,,,1,1,1,2,,,1,2,2,,,,,2,,,,,,1,2,1,2,1,1,,1,1,1,4,4,4,1,1,1,1,1,1
Ghana,GHA,201592357,0.48183485,1,25,3,4,1,2,1,1,1,1,1,1,2,,1,1,2,,,,1,2,1,1,1,,,,,,,,,,,,,,,,1,1,1,1,1,2,,2,1,1,3,2,,1,1,1,2,2,2,1,,1,3,3,1,1,,,1,1,,,1,2,2,,,1,1,1,1,2,,,2,1,2,1,2,,,2,,,,,,1,1,2,1,2,1,,1,1,1,1,4,4,2,1,1,1,1,1
Ghana,GHA,210531111,1.225033225,1,45,1,2,1,1,0,0,0,,,2,,,,,,,,,,,,,,2,2,3,2,2,2,1,2,2,2,2,2,2,2,1,,,,,2,,,2,2,2,,,,1,2,,1,2,2,2,1,5,3,4,1,2,1,2,1,2,1,2,2,,,,,,2,,,,,,,2,2,,,,,1,1,2,2,1,,3,3,4,2,,1,,1,1,4,4,4,2,4,3,2,2,0,0
Ghana,GHA,180520939,1.393143457,1,17,2,3,2,2,1,0,1,,,2,,,,,,,,,,,,,,,2,2,1,2,2,1,2,1,,,,,,,1,1,1,1,2,,,2,2,2,,,,2,2,2,2,2,2,1,,2,1,1,1,1,,,1,1,,,2,,,,,,2,,,,,,,2,2,,,,,2,,,,,,1,2,2,1,4,2,,1,1,4,4,4,4,4,1,1,1,1,0
Ghana,GHA,164620606,0.762328064,2,48,1,3,1,1,0,0,0,,,2,,,,,,,,,,,,,,3,3,3,1,1,2,1,3,1,2,3,2,1,1,2,,,,,2,,,2,2,2,,,,2,2,,2,2,2,1,,7,,,2,,,,2,,,,3,,,,,,2,,,,,,,2,2,,,,,1,1,2,2,1,,2,1,1,4,2,2,,0,1,4,4,4,2,5,5,2,2,0,0
Ghana,GHA,147477736,1.002095005,2,36,1,3,1,2,1,0,1,,,2,,,,,,,,,,,,,,,2,2,2,1,2,1,2,2,,,,,,,2,2,2,1,2,,,2,1,2,,,,2,2,2,2,2,2,2,,7,,,1,1,,,2,,,,1,2,2,,,1,1,2,2,2,1,,,2,2,,,,,2,,,,,,1,1,1,1,2,3,,0,0,2,4,4,4,2,1,1,1,1,0
Ghana,GHA,201128908,0.780226261,1,26,2,3,1,2,0,0,0,,,2,,,,,,,,,,,,,,2,2,2,1,1,2,1,2,2,2,2,2,1,2,1,,,,,2,,,2,2,2,,,,2,2,,1,1,2,1,2,6,1,1,2,,,,1,2,1,2,2,,,,,,1,2,2,2,1,,,2,2,,,,,2,,,,,,1,1,1,4,2,1,,1,1,2,4,4,4,4,3,1,2,0,0
Ghana,GHA,204969218,0.56419863,1,37,2,1,1,2,1,0,1,,,2,,,,,,,,,,,,,,,2,2,2,2,2,1,2,2,,,,,,,1,1,2,1,2,,,2,2,2,,,,2,2,1,1,2,2,2,1,6,2,1,1,1,,,2,,,,2,,,,,,2,,,,,,,2,2,,,,,2,,,,,,2,2,2,2,1,1,,1,1,4,4,4,4,4,1,1,2,1,0
Ghana,GHA,112787756,1.862323531,2,15,1,4,1,1,0,0,0,,,2,,,,,,,,,,,,,,1,2,2,2,2,2,1,1,2,2,2,2,1,2,1,,,,,2,,,2,2,2,,,,2,2,,2,2,2,2,,2,1,1,2,,,,2,,,,2,,,,,,2,,,,,,,2,2,,,,,1,1,2,2,1,,1,1,2,1,4,1,,0,0,4,4,4,2,4,5,4,2,0,0
Ghana,GHA,125975911,0.504506027,2,17,1,1,1,2,1,1,0,2,2,2,,,1,1,2,,,,2,,2,,1,,,,,,,,,,2,1,2,1,2,2,,,,,2,,,2,2,2,,,,2,2,,1,2,2,2,2,3,1,1,2,,,,2,,,,2,,,,,,2,,,,,,,2,2,,,,,2,,,,,,1,1,1,1,4,1,,1,0,4,4,4,4,4,5,1,1,1,0
Ghana,GHA,148598640,1.028371725,1,23,2,4,1,2,1,1,1,2,2,1,2,,1,2,2,,,,1,1,2,,1,,,,,,,,,,,,,,,,1,1,1,1,2,,,2,1,2,,,,2,2,1,2,2,2,2,,3,3,1,2,,,,2,,,,2,,,,,,2,,,,,,,2,2,,,,,2,,,,,,1,1,1,1,1,1,,1,1,4,4,4,4,4,5,1,1,1,0
Ghana,GHA,133864404,0.959757073,2,19,1,2,1,2,1,0,1,,,2,,,,,,,,,,,,,,,1,2,2,2,2,1,1,1,,,,,,,1,1,1,1,2,,,2,2,2,,,,2,2,1,2,2,2,1,,2,2,1,2,,,,1,1,,,1,2,2,,,1,2,,,,,,,2,2,,,,,2,,,,,,1,1,1,1,2,1,,1,1,4,4,4,4,2,1,1,1,1,0
Ghana,GHA,150451277,0.384869013,2,25,2,5,1,1,1,1,0,2,2,2,,,1,2,2,,,,1,1,1,2,1,,,,,,,,,,,,,,,,,,,,1,1,,2,1,2,,,,2,1,2,2,2,2,1,,1,3,2,1,1,,,2,,,,1,2,2,,,1,1,2,2,2,1,,,2,2,,,,,1,1,2,2,1,,3,2,2,3,3,2,,1,1,2,4,4,2,2,1,1,1,1,1
Ghana,GHA,145342474,1.162358463,2,17,2,4,2,2,0,0,0,,,2,,,,,,,,,,,,,,1,2,2,2,2,2,1,2,2,2,2,1,2,2,2,,,,,2,,,2,2,2,,,,2,2,,2,2,2,2,,8,,,2,,,,2,,,,2,,,,,,2,,,,,,,2,2,,,,,2,,,,,,3,3,3,3,,1,,0,0,4,4,4,4,4,5,1,1,0,0
Ghana,GHA,113168739,2.145397596,2,60,2,5,2,2,1,1,1,1,1,1,2,,2,1,2,,,,1,1,1,2,1,,,,,,,,,,,,,,,,,,,1,2,,,2,1,2,,,,1,1,2,2,2,2,2,,2,2,2,1,1,,,1,1,,,1,2,2,,,1,2,,,,,,,1,1,1,1,,,2,,,,,,1,1,1,1,2,1,,1,0,4,1,1,4,2,1,1,1,1,0
Ghana,GHA,122518153,0.676895247,1,32,2,2,1,1,1,0,1,,,2,,,,,,,,,,,,,,,2,2,2,1,2,1,2,2,,,,,,,1,1,1,1,2,,,2,1,2,,,,2,2,2,2,2,2,1,,2,1,1,1,1,,,1,1,,,1,2,2,,,1,2,,,,,,,2,2,,,,,1,1,2,2,1,,2,2,2,2,2,2,,1,1,4,4,4,2,2,1,1,1,1,0
Ghana,GHA,203034208,1.632605682,1,35,1,4,1,2,1,0,1,,,2,,,,,,,,,,,,,,,2,2,2,1,2,2,1,2,,,,,,,1,1,2,1,2,,,2,1,2,,,,1,2,1,2,2,2,1,,3,3,3,1,1,,,1,1,,,1,2,2,,,1,2,,,,,,,2,2,,,,,1,1,2,2,1,,3,3,3,3,,3,,1,1,4,4,4,2,2,1,1,1,1,0
Ghana,GHA,132095448,0.886314206,2,35,1,4,1,1,1,0,1,,,2,,,,,,,,,,,,,,,2,2,2,2,2,2,2,1,,,,,,,1,1,2,1,2,,,2,1,2,,,,2,2,2,2,2,2,1,,2,2,2,1,2,2,1,2,,,,1,2,1,1,,,2,,,,,,,2,2,,,,,1,1,2,2,1,,3,1,3,2,2,2,,0,1,4,4,4,2,1,2,1,2,1,0
Ghana,GHA,157898552,2.574104321,2,50,1,2,1,1,1,1,1,2,2,2,,,2,2,2,,,,2,,2,,1,,,,,,,,,,,,,,,,1,1,2,1,2,,,2,1,2,,,,2,2,1,2,2,2,2,,5,2,1,2,,,,1,1,,,1,2,2,,,1,1,2,2,2,1,,,2,2,,,,,1,1,2,1,,,1,1,1,1,2,1,,1,0,2,4,4,1,2,1,1,2,1,0
Ghana,GHA,181681079,1.450617647,1,37,2,5,1,2,1,1,1,2,2,1,2,,2,1,2,,,,1,1,1,2,1,,,,,,,,,,,,,,,,1,1,2,3,2,,,2,2,1,3,1,,1,1,2,2,2,2,2,,1,3,5,1,1,,,1,1,,,1,2,2,,,1,2,,,,,,,2,2,,,,,2,,,,,,3,1,2,1,4,3,,1,0,4,4,4,4,2,1,1,1,1,1
Ghana,GHA,143491255,2.476168321,1,55,1,1,2,2,1,1,1,2,2,2,,,2,2,2,,,,2,,2,,2,,,,,,,,,,,,,,,,1,1,2,2,2,,,2,2,2,,,,2,2,2,1,2,2,2,2,7,,,2,,,,1,1,,,2,,,,,,2,,,,,,,2,2,,,,,2,,,,,,1,1,1,3,3,1,,1,0,4,4,4,4,4,1,1,1,1,0
Ghana,GHA,144430887,0.412675611,2,39,2,3,1,2,1,1,1,2,2,2,,,2,2,2,,,,2,,2,,2,,,,,,,,,,,,,,,,1,1,2,1,2,,,2,1,2,,,,2,2,1,2,2,2,2,,6,2,1,1,1,,,1,1,,,2,,,,,,2,,,,,,,2,2,,,,,2,,,,,,2,1,2,1,2,1,,1,0,4,4,4,4,4,1,1,1,1,0
Ghana,GHA,159228434,0.322115637,1,32,2,5,1,2,1,1,1,1,2,1,2,,1,1,2,,,,1,2,1,1,1,,,,,,,,,,,,,,,,1,1,1,1,1,2,,1,1,1,3,1,,2,1,1,2,2,2,1,,2,2,2,1,1,,,1,1,,,1,2,2,,,1,1,2,1,1,,,2,2,2,,,,,2,,,,,,1,1,2,2,1,1,,1,1,1,4,4,4,2,1,1,1,1,1
Ghana,GHA,158531920,0.714842223,2,44,2,4,1,1,1,1,1,2,2,1,2,,2,1,2,,,,1,1,1,1,1,,,,,,,,,,,,,,,,1,1,1,1,1,1,,1,1,2,,,,2,1,1,1,2,1,1,2,1,2,2,1,1,,,1,1,,,1,1,2,1,,,1,2,1,1,,,1,2,2,,,,,1,1,1,1,,,1,1,1,1,1,1,,1,1,1,4,4,1,1,1,1,1,1,1
Ghana,GHA,170520005,2.286984193,2,47,1,1,1,1,0,0,0,,,2,,,,,,,,,,,,,,1,1,1,1,1,2,1,2,2,2,2,2,2,2,2,,,,,2,,,2,2,2,,,,1,2,,1,1,2,2,1,5,1,1,2,,,,2,,,,2,,,,,,2,,,,,,,2,2,,,,,1,1,2,2,1,,1,1,4,1,4,1,,1,1,4,4,4,2,4,5,1,2,0,0
Ghana,GHA,129827105,2.090806619,2,44,1,4,1,2,1,0,1,,,2,,,,,,,,,,,,,,,2,2,2,4,2,2,2,2,,,,,,,1,1,2,2,2,,,2,1,2,,,,2,2,1,2,1,2,1,,2,2,1,1,1,,,1,1,,,2,,,,,,2,,,,,,,2,2,,,,,2,,,,,,1,1,2,3,1,1,,1,1,4,4,4,4,4,1,1,2,1,0
Ghana,GHA,168161142,1.018922518,2,37,2,5,1,2,1,1,1,2,2,1,2,,1,1,2,,,,1,1,1,1,1,,,,,,,,,,,,,,,,1,1,2,1,2,,,2,1,2,,,,1,1,1,2,2,2,2,,1,3,3,1,1,,,1,1,,,1,2,2,,,2,2,,,,,,,2,2,,,,,2,,,,,,3,3,3,3,,1,,1,0,4,4,4,4,3,1,1,1,1,0
Ghana,GHA,192555471,1.439635609,2,19,2,3,1,2,1,0,1,,,2,,,,,,,,,,,,,,,2,2,2,2,2,1,2,2,,,,,,,1,1,2,1,2,,,2,1,2,,,,2,2,1,2,2,2,2,,2,2,1,2,,,,2,,,,2,,,,,,2,,,,,,,2,2,,,,,2,,,,,,1,1,2,1,2,1,,1,0,4,4,4,4,4,5,1,1,1,0
Ghana,GHA,131561092,1.384900569,1,40,2,1,2,2,0,0,0,,,2,,,,,,,,,,,,,,2,2,2,2,2,2,2,2,2,,,,,,,,,,,2,,,2,1,2,,,,2,2,2,1,2,2,1,2,2,2,1,1,1,,,2,,,,1,2,2,,,1,2,,,,,,,2,2,,,,,1,1,2,2,1,,1,1,1,2,2,3,,1,1,4,4,4,2,2,1,2,2,0,0
Ghana,GHA,154079850,0.455435383,2,18,2,1,2,1,0,0,0,,,2,,,,,,,,,,,,,,2,2,2,2,2,2,1,2,2,2,2,2,1,2,2,,,,,2,,,2,2,2,,,,2,2,,2,2,2,2,,7,,,2,,,,2,,,,2,,,,,,2,,,,,,,2,2,,,,,2,,,,,,4,4,4,1,,1,,0,0,4,4,4,4,4,5,1,2,0,0
Ghana,GHA,180233241,0.86935366,2,21,2,5,1,2,1,1,1,2,2,1,2,,1,1,2,,,,1,1,1,2,1,,,,,,,,,,,,,,,,1,1,2,1,2,,,2,1,1,3,3,,2,1,1,2,2,2,2,,2,2,2,1,1,,,1,1,,,2,,,,,,1,2,2,2,1,,,2,2,,,,,2,,,,,,1,1,1,1,4,1,,1,0,2,4,4,4,4,1,1,1,1,1
Ghana,GHA,165832261,0.692381105,1,30,1,4,2,2,1,0,1,,,2,,,,,,,,,,,,,,,2,2,2,2,2,1,2,2,,,,,,,1,1,2,1,2,,,2,2,2,,,,2,2,1,2,2,2,2,,3,2,1,2,,,,1,1,,,1,2,2,,,1,2,,,,,,,2,2,,,,,1,1,2,1,,,1,1,1,2,1,1,,1,0,4,4,4,1,2,1,1,2,1,0
Ghana,GHA,139618267,0.888465782,1,50,2,5,1,2,1,1,1,2,2,2,,,1,2,2,,,,1,1,1,1,1,,,,,,,,,,,,,,,,1,2,2,2,2,,,2,1,2,,,,2,2,2,2,2,2,2,,3,2,2,1,2,1,1,1,1,,,1,2,2,,,1,2,,,,,,,2,2,,,,,2,,,,,,3,3,3,4,,1,,1,0,4,4,4,4,2,1,1,1,1,0
Ghana,GHA,141968400,0.332865319,2,29,2,4,1,2,1,0,1,,,2,,,,,,,,,,,,,,,2,2,2,2,2,2,2,1,,,,,,,1,1,2,1,2,,,2,1,2,,,,1,2,1,2,2,2,2,,2,3,1,1,1,,,1,1,,,1,2,1,1,,,1,2,2,1,,,1,2,2,,,,,2,,,,,,1,2,2,1,2,1,,1,0,1,4,4,4,1,1,1,2,1,0
Ghana,GHA,179115056,1.224332147,2,21,2,2,1,1,1,0,1,,,2,,,,,,,,,,,,,,,2,1,2,2,2,1,2,2,,,,,,,1,2,2,1,1,1,,2,1,2,,,,2,2,1,2,2,2,2,,2,2,1,2,,,,2,,,,2,,,,,,2,,,,,,,2,2,,,,,1,1,2,2,1,,1,1,1,1,4,1,,1,0,4,4,4,2,4,5,1,1,1,1
Ghana,GHA,157211870,0.532263108,1,25,2,3,1,1,1,1,1,2,2,2,,,1,2,2,,,,2,,1,2,1,,,,,,,,,,,,,,,,1,1,1,1,2,,,2,1,2,,,,2,2,1,1,2,2,1,1,2,1,1,1,1,,,1,1,,,1,2,2,,,1,2,,,,,,,2,2,,,,,1,1,2,2,1,,1,1,2,4,2,1,,1,1,4,4,4,2,2,1,1,2,1,0
Ghana,GHA,170513133,0.409774454,1,30,2,1,1,1,0,0,0,,,2,,,,,,,,,,,,,,1,2,1,2,2,1,1,2,2,,,,,,,,,,,2,,,2,2,1,1,1,,2,2,1,2,1,1,2,,2,1,1,2,,,,2,,,,2,,,,,,1,2,2,2,1,,,2,2,,,,,2,,,,,,1,1,1,1,4,1,,1,1,2,4,4,4,4,5,1,1,0,0
Ghana,GHA,180775988,1.148756317,1,35,1,1,1,1,0,0,0,,,2,,,,,,,,,,,,,,2,2,2,3,2,2,1,2,2,3,3,2,1,2,1,,,,,2,,,2,2,2,,,,2,2,,1,2,2,2,2,4,2,1,2,,,,2,,,,2,,,,,,2,,,,,,,2,2,,,,,1,1,2,2,1,,1,1,3,3,2,1,,1,0,4,4,4,2,4,5,2,2,0,0
Ghana,GHA,190037630,0.890789978,2,32,1,4,1,1,1,1,1,2,2,2,,,1,2,2,,,,2,,2,,1,,,,,,,,,,,,,,,,1,2,2,2,2,,,2,2,2,,,,2,2,2,2,2,2,1,,7,,,2,,,,2,,,,1,2,2,,,1,2,,,,,,,2,2,,,,,2,,,,,,2,1,3,1,4,1,,0,1,4,4,4,4,2,5,2,2,1,0
Ghana,GHA,138475025,1.61491482,1,20,1,2,1,1,1,0,1,,,2,,,,,,,,,,,,,,,1,1,2,2,2,1,2,2,,,,,,,2,1,2,1,1,2,,2,1,2,,,,1,2,1,2,1,2,1,,2,1,1,1,1,,,1,2,1,1,2,,,,,,2,,,,,,,2,2,,,,,1,1,2,1,,,1,1,1,1,2,1,,1,1,4,4,4,1,4,1,1,2,1,1
Ghana,GHA,200815305,0.713324844,1,31,2,3,1,2,1,0,1,,,2,,,,,,,,,,,,,,,2,2,2,2,2,2,2,2,,,,,,,1,1,2,1,2,,,2,2,2,,,,2,2,2,2,2,1,2,,4,1,1,1,1,,,1,1,,,1,2,2,,,1,2,,,,,,,2,2,,,,,2,,,,,,1,1,1,1,4,1,,0,1,4,4,4,4,2,1,1,2,1,0
Ghana,GHA,195611085,1.654995007,1,15,2,1,2,2,1,0,1,,,2,,,,,,,,,,,,,,,2,2,2,1,2,2,2,1,,,,,,,2,2,2,1,2,,,2,2,2,,,,2,2,2,2,2,2,1,,7,,,2,,,,1,1,,,1,2,2,,,1,2,,,,,,,2,2,,,,,2,,,,,,1,1,1,1,1,3,,0,1,4,4,4,4,2,1,1,1,1,0
Ghana,GHA,162075376,0.490129147,2,37,2,2,2,1,1,0,1,,,2,,,,,,,,,,,,,,,2,1,2,2,2,2,2,2,,,,,,,1,1,2,1,2,,,2,2,2,,,,2,2,2,2,2,2,1,,7,,,1,1,,,1,1,,,1,2,2,,,1,2,,,,,,,2,2,,,,,2,,,,,,1,1,1,2,1,3,,0,1,4,4,4,4,2,1,1,1,1,0
Ghana,GHA,113851228,0.306325514,2,31,2,5,1,1,1,0,1,,,3,,,,,,,,,,,,,,,2,2,1,2,2,2,2,2,,,,,,,1,1,2,1,1,1,,1,1,2,,,,2,2,1,2,2,2,2,,1,2,2,1,2,1,1,1,2,1,2,1,2,1,1,,,1,2,2,1,,,2,1,2,2,1,,,1,1,2,1,,,1,1,1,1,1,1,,1,0,1,1,4,1,1,2,1,2,1,1
Ghana,GHA,177099495,0.795199731,2,32,1,5,1,1,1,0,1,,,2,,,,,,,,,,,,,,,2,2,2,2,2,2,1,2,,,,,,,1,1,1,1,1,2,,2,1,2,,,,2,2,2,2,2,2,1,,2,2,1,1,1,,,1,1,,,2,,,,,,2,,,,,,,2,2,,,,,2,,,,,,2,1,2,1,4,2,,0,1,4,4,4,4,4,1,1,1,1,1
Ghana,GHA,152407108,0.938568163,2,46,1,3,1,1,1,0,1,,,2,,,,,,,,,,,,,,,2,2,2,2,2,1,2,2,,,,,,,1,2,2,2,2,,,2,2,2,,,,2,2,2,2,1,2,1,,6,1,1,1,1,,,2,,,,2,,,,,,2,,,,,,,2,2,,,,,2,,,,,,1,1,1,1,1,1,,1,1,4,4,4,4,4,1,1,2,1,0
Ghana,GHA,175927714,0.665730638,2,30,2,5,1,2,1,1,1,2,2,2,,,1,1,2,,,,1,2,1,2,1,,,,,,,,,,,,,,,,1,1,1,1,2,,,2,1,2,,,,2,1,1,1,2,2,1,1,1,2,2,1,1,,,1,1,,,1,2,2,,,1,2,,,,,,,2,2,,,,,2,,,,,,2,2,1,2,3,1,,1,1,4,4,4,4,2,1,1,1,1,0
Ghana,GHA,175218586,0.80745741,1,20,1,5,1,1,1,1,1,,,2,,,,,,,,,,,,,,,1,1,2,2,2,1,2,2,,,,,,,1,1,2,1,1,1,,1,1,2,,,,2,2,1,2,2,2,2,,3,1,1,1,1,,,1,1,,,1,2,1,2,,,1,2,2,2,1,,,2,2,,,,,1,1,1,1,,,1,1,1,2,1,1,,1,0,2,4,4,1,1,1,1,2,1,1
Ghana,GHA,187144956,3.156732859,1,60,1,2,1,2,1,0,1,,,2,,,,,,,,,,,,,,,2,2,2,2,2,1,2,2,,,,,,,1,2,2,2,2,,,1,1,2,,,,2,2,2,2,2,2,1,,2,1,1,1,1,,,1,2,1,1,1,2,2,,,1,1,2,2,2,1,,,2,2,,,,,2,,,,,,1,1,2,2,4,2,,0,1,2,4,4,4,2,1,1,2,1,0
Ghana,GHA,176274623,3.145283621,1,47,1,3,1,2,0,0,0,,,2,,,,,,,,,,,,,,2,2,2,2,2,2,1,2,1,2,2,2,2,1,2,,,,,2,,,2,2,2,,,,2,2,,2,2,2,2,,7,,,2,,,,2,,,,1,2,2,,,1,2,,,,,,,2,2,,,,,2,,,,,,1,1,3,3,2,1,,0,0,4,4,4,4,2,5,2,2,0,0
Ghana,GHA,141727898,0.332865319,2,30,2,5,1,2,1,1,1,2,2,2,,,2,1,2,,,,1,2,1,2,1,,,,,,,,,,,,,,,,1,1,1,1,1,2,,2,1,2,,,,2,1,1,2,2,2,2,,1,1,1,1,1,,,1,1,,,1,2,2,,,1,2,,,,,,,2,2,,,,,2,,,,,,1,1,1,1,2,1,,1,1,4,4,4,4,2,1,1,1,1,1
Ghana,GHA,190682121,3.015688068,2,65,2,2,2,2,1,1,1,1,1,1,2,,1,2,2,,,,1,2,1,1,1,,,,,,,,,,,,,,,,1,1,1,1,2,,,2,1,2,,,,1,1,2,2,1,2,1,,2,1,1,1,1,,,1,1,,,1,2,2,,,1,2,,,,,,,2,1,1,2,,,1,1,2,2,1,,1,1,1,1,4,1,,1,1,4,4,1,2,2,1,1,2,1,0
Ghana,GHA,153279410,1.608860646,1,55,1,5,1,1,1,1,1,,,1,2,,1,2,2,,,,1,1,1,1,1,,,,,,,,,,2,2,2,2,1,2,,,,,2,,,2,1,2,,,,1,1,,2,2,2,1,,2,1,1,1,2,1,1,1,2,1,1,2,,,,,,1,1,1,1,,,2,2,2,,,,,2,,,,,,1,1,1,1,4,1,,1,1,1,4,4,4,4,2,1,2,1,0
Ghana,GHA,129556168,2.255816641,1,15,1,2,2,1,1,0,1,,,2,,,,,,,,,,,,,,,2,2,2,2,2,1,2,2,,,,,,,1,2,2,1,2,,,2,1,2,,,,2,2,2,1,2,2,1,2,2,1,4,1,1,,,1,1,,,2,,,,,,2,,,,,,,2,2,,,,,2,,,,,,1,1,1,1,2,1,,1,1,4,4,4,4,4,1,1,2,1,0
Ghana,GHA,180960677,1.439635609,2,19,2,1,1,2,1,1,1,2,1,2,,,2,2,2,,,,2,,2,,2,,,,,,,,,,,,,,,,1,1,1,1,1,1,,2,1,2,,,,2,2,1,1,2,2,1,1,2,1,1,1,1,,,1,1,,,2,,,,,,2,,,,,,,2,2,,,,,2,,,,,,1,1,3,2,1,2,,1,1,4,4,4,4,4,1,1,1,1,1
Ghana,GHA,132635553,0.411026697,2,25,2,5,1,2,1,1,1,2,2,1,2,,1,1,2,,,,1,1,1,1,1,,,,,,,,,,,,,,,,1,1,1,1,3,,,2,1,2,,,,2,1,1,2,2,2,2,,1,3,1,1,1,,,1,1,,,1,2,2,,,1,1,2,2,2,1,,,2,2,,,,,2,,,,,,3,3,3,3,,1,,1,1,2,4,4,4,2,1,1,1,1,0
Ghana,GHA,169903739,0.306325514,2,31,3,5,1,2,1,1,1,1,1,1,2,,1,1,2,,,,1,1,1,1,1,,,,,,,,,,,,,,,,1,1,1,2,1,1,,1,1,1,1,2,,1,1,1,1,2,1,1,1,2,2,2,1,1,,,1,1,,,1,2,2,,,1,1,1,1,1,,,1,2,2,,,,,2,,,,,,1,1,1,1,2,1,,1,1,1,4,4,4,2,1,1,1,1,1
Ghana,GHA,164600064,0.707166741,1,39,1,1,2,1,0,0,0,,,2,,,,,,,,,,,,,,2,2,2,2,2,2,2,2,2,2,2,2,2,2,2,,,,,2,,,2,2,2,,,,2,2,,2,2,2,2,,8,,,2,,,,2,,,,2,,,,,,2,,,,,,,2,2,,,,,2,,,,,,4,1,1,1,3,1,,0,0,4,4,4,4,4,5,2,2,0,0
Ghana,GHA,186590965,0.550025857,2,27,2,3,1,1,1,1,1,1,2,1,2,,1,1,2,,,,1,2,1,2,1,,,,,,,,,,,,,,,,1,1,2,1,1,2,,2,1,2,,,,1,2,1,1,1,2,1,2,1,3,3,1,1,,,1,1,,,1,2,2,,,1,1,2,1,2,,,2,2,2,,,,,2,,,,,,2,1,1,4,1,1,,1,1,1,4,4,4,2,1,1,1,1,1
Ghana,GHA,163010383,1.135619889,2,34,1,5,2,2,1,1,0,2,2,2,,,2,1,2,,,,2,,1,1,1,,,,,,,,,,,,,,,,,,,,1,2,,2,1,1,1,2,,2,1,1,1,2,1,2,1,5,2,1,1,1,,,1,1,,,1,2,1,2,,,2,,,,,,,2,2,,,,,2,,,,,,1,1,1,1,4,1,,1,1,4,4,4,4,1,1,1,1,1,1
Ghana,GHA,209774552,1.134420565,2,23,1,3,1,1,1,0,1,,,2,,,,,,,,,,,,,,,1,2,2,2,2,1,2,2,,,,,,,1,2,2,1,2,,,2,1,2,,,,2,2,2,2,1,2,2,,7,,,1,2,1,2,2,,,,2,,,,,,2,,,,,,,2,2,,,,,2,,,,,,1,1,2,3,2,1,,0,1,4,4,4,4,4,3,2,2,1,0
Ghana,GHA,176651361,1.259005932,2,54,2,2,1,1,1,1,0,2,2,2,,,2,2,2,,,,2,,2,,2,,,,,,,,,,2,2,2,1,2,2,,,,,2,,,2,2,2,,,,2,2,,2,1,1,2,,3,2,1,1,2,1,2,2,,,,1,2,2,,,1,2,,,,,,,2,2,,,,,1,1,2,2,1,,1,1,1,1,2,1,,0,1,4,4,4,2,2,3,1,2,0,0
Ghana,GHA,121235205,1.450617647,1,37,2,5,1,2,1,1,1,2,2,1,2,,1,2,2,,,,1,1,1,1,1,,,,,,,,,,,,,,,,1,1,2,1,2,,,2,1,2,,,,1,1,1,2,2,2,2,,1,3,3,1,1,,,1,1,,,1,2,2,,,1,2,,,,,,,2,2,,,,,1,3,2,1,,,1,1,1,1,2,1,,1,0,4,4,4,1,2,1,1,1,1,0
Ghana,GHA,116260424,0.360558215,2,40,2,5,1,2,1,1,1,2,2,2,,,1,1,2,,,,2,,1,1,1,,,,,,,,,,,,,,,,1,1,2,1,2,,,1,1,2,,,,2,2,1,2,2,2,2,,1,3,2,1,1,,,1,2,2,2,1,2,1,1,,,2,,,,,,,2,2,,,,,2,,,,,,1,1,2,2,1,1,,1,0,4,4,4,4,1,1,1,1,1,0
Ghana,GHA,137899961,0.403132033,2,31,2,5,1,2,1,1,0,1,2,1,2,,1,1,2,,,,1,1,1,2,1,,,,,,,,,,,,,,,,,,,,2,,,2,1,1,2,1,,2,1,2,2,2,2,2,,1,2,2,1,1,,,1,1,,,1,2,2,,,1,1,2,2,2,1,,,2,2,,,,,2,,,,,,2,1,1,3,2,1,,1,1,2,4,4,4,2,1,1,1,1,0
Ghana,GHA,175165785,0.570532901,1,28,1,4,1,1,1,1,1,2,2,2,,,2,2,2,,,,2,,2,,2,,,,,,,,,,,,,,,,2,1,2,2,2,,,2,1,2,,,,2,2,2,2,2,1,1,,7,,,1,1,,,1,1,,,1,2,2,,,1,2,,,,,,,2,2,,,,,1,1,2,2,1,,2,1,1,1,2,1,,0,1,4,4,4,2,2,1,1,2,1,0
Ghana,GHA,180066177,0.80745741,1,19,1,3,1,1,1,0,1,,,2,,,,,,,,,,,,,,,1,1,1,2,2,1,2,2,,,,,,,1,1,1,1,1,1,,1,1,2,,,,1,2,1,2,1,2,1,,2,1,1,1,1,,,1,1,,,2,,,,,,1,2,2,1,,,2,2,2,,,,,1,1,2,1,,,1,1,2,1,1,1,,1,1,1,4,4,1,4,1,1,2,1,1
Ghana,GHA,171173241,0.792950147,2,22,2,3,1,2,1,0,1,,,2,,,,,,,,,,,,,,,1,2,1,1,2,2,2,2,,,,,,,1,1,2,1,2,,,2,1,2,,,,2,2,1,2,2,2,2,,2,2,1,1,1,,,1,2,1,2,2,,,,,,2,,,,,,,2,2,,,,,2,,,,,,2,2,3,3,1,2,,1,0,4,4,4,4,4,1,1,1,1,0
Ghana,GHA,122842994,0.786885085,2,27,1,3,1,2,0,0,0,,,2,,,,,,,,,,,,,,2,2,2,2,2,2,1,2,1,2,2,2,2,1,2,,,,,2,,,2,2,2,,,,2,2,,2,2,2,2,,2,2,1,2,,,,2,,,,1,2,2,,,1,1,2,2,2,1,,,2,2,,,,,1,3,2,2,1,,1,1,2,1,2,1,,0,0,2,4,4,2,2,5,1,2,0,0
Ghana,GHA,132218966,1.009012054,2,20,2,1,1,2,1,1,1,2,2,2,,,1,1,2,,,,1,1,1,1,1,,,,,,,,,,,,,,,,1,1,2,1,1,2,,1,1,1,2,2,,2,1,1,2,2,2,2,,2,1,1,2,,,,1,1,,,2,,,,,,2,,,,,,,2,2,,,,,2,,,,,,2,2,2,3,2,1,,1,0,4,4,4,4,4,1,1,1,1,1
Ghana,GHA,140675390,1.439635609,2,16,1,2,2,2,1,0,1,,,2,,,,,,,,,,,,,,,1,1,1,1,2,1,1,1,,,,,,,1,1,1,1,2,,,2,1,2,,,,2,2,1,1,2,2,2,2,6,1,1,1,1,,,1,1,,,2,,,,,,2,,,,,,,2,2,,,,,2,,,,,,1,1,2,1,4,1,,1,1,4,4,4,4,4,1,1,1,1,0
Ghana,GHA,190450568,0.578780097,2,26,1,1,2,1,0,0,0,,,2,,,,,,,,,,,,,,2,2,1,2,1,2,2,2,2,2,1,2,1,2,2,,,,,2,,,2,2,2,,,,2,2,,2,2,2,2,,2,2,1,2,,,,2,,,,2,,,,,,2,,,,,,,2,2,,,,,2,,,,,,1,2,1,1,2,1,,0,0,4,4,4,4,4,5,1,2,0,0
Ghana,GHA,189652903,0.840365855,2,34,1,3,1,2,1,0,1,,,2,,,,,,,,,,,,,,,2,2,2,2,2,2,2,2,,,,,,,1,1,2,1,2,,,2,1,2,,,,2,2,1,2,2,2,2,,7,,,1,1,,,1,1,,,1,2,2,,,1,1,2,2,2,1,,,2,2,,,,,2,,,,,,1,1,2,2,4,1,,1,0,2,4,4,4,2,1,1,2,1,0
Ghana,GHA,121648824,0.332865319,2,28,2,5,1,2,1,1,1,2,2,1,2,,1,1,1,1,2,2,2,,1,1,1,,,,,,,,,,,,,,,,1,1,1,1,1,2,,1,1,2,,,,2,1,1,1,2,2,2,2,1,3,3,1,1,,,1,2,1,1,1,2,1,2,,,1,2,2,1,,,2,2,2,,,,,1,1,2,1,,,3,2,3,3,,1,,1,1,1,4,4,1,1,1,1,1,1,1
Ghana,GHA,200788170,0.804590869,1,24,2,4,2,2,1,0,1,,,2,,,,,,,,,,,,,,,2,2,2,2,2,1,2,2,,,,,,,1,1,2,1,2,,,2,2,2,,,,2,2,1,2,2,2,2,,2,3,3,2,,,,1,1,,,1,2,2,,,1,2,,,,,,,2,2,,,,,2,,,,,,3,3,3,3,,3,,1,0,4,4,4,4,2,1,1,1,1,0
Ghana,GHA,190411673,1.005824872,2,47,1,5,1,1,0,0,0,,,2,,,,,,,,,,,,,,2,1,2,2,2,2,1,2,2,2,2,2,2,2,2,,,,,2,,,2,2,2,,,,1,2,,1,1,2,1,2,2,2,2,2,,,,2,,,,2,,,,,,2,,,,,,,2,2,,,,,1,1,2,2,1,,1,1,3,1,1,1,,1,1,4,4,4,2,4,5,1,2,0,0
Ghana,GHA,128650613,0.644231273,1,31,2,5,1,2,1,0,1,,,2,,,,,,,,,,,,,,,2,1,2,1,2,1,2,2,,,,,,,1,2,2,1,2,,,2,1,2,,,,2,2,2,2,1,2,1,,2,1,1,1,2,2,1,1,2,2,1,1,2,2,,,1,2,,,,,,,2,2,,,,,2,,,,,,2,1,1,1,2,1,,0,1,4,4,4,4,2,2,1,2,1,0
Ghana,GHA,117882398,0.665730638,2,29,2,5,1,2,1,1,1,1,2,1,1,2,1,2,2,,,,1,2,1,1,1,,,,,,,,,,,,,,,,1,1,1,1,2,,,2,1,1,1,1,,2,1,1,2,1,2,1,,2,2,2,1,1,,,1,1,,,2,,,,,,1,2,1,2,,,2,2,2,,,,,2,,,,,,1,1,2,2,2,1,,1,1,1,4,4,4,4,1,1,1,1,1
Ghana,GHA,176277294,1.007982032,1,35,1,2,1,1,0,0,0,,,2,,,,,,,,,,,,,,1,2,2,2,2,2,1,2,2,2,2,2,1,2,1,,,,,2,,,2,2,2,,,,1,2,,2,2,2,2,,6,2,1,2,,,,2,,,,2,,,,,,2,,,,,,,2,2,,,,,1,1,2,2,1,,1,1,1,1,2,1,,1,0,4,4,4,2,4,5,2,2,0,0
Ghana,GHA,164472512,1.458430429,1,27,1,4,1,2,1,0,1,,,2,,,,,,,,,,,,,,,2,2,2,2,2,1,2,2,,,,,,,1,1,2,1,2,,,2,2,2,,,,2,2,2,1,2,2,2,1,7,,,2,,,,1,2,1,1,1,2,2,,,1,2,,,,,,,2,2,,,,,2,,,,,,1,1,1,1,4,1,,1,1,4,4,4,4,2,2,1,2,1,0
Ghana,GHA,115194603,0.839001231,1,35,2,2,1,2,1,0,1,,,2,,,,,,,,,,,,,,,2,2,1,2,2,1,2,2,,,,,,,1,1,2,1,2,,,2,1,2,,,,2,2,2,2,2,2,2,,2,2,1,2,,,,2,,,,1,2,2,,,1,2,,,,,,,2,2,,,,,2,,,,,,3,1,2,2,4,1,,0,0,4,4,4,4,2,5,1,1,1,0
Ghana,GHA,136692449,2.45576625,2,18,1,2,2,2,0,0,0,,,2,,,,,,,,,,,,,,1,2,2,2,2,2,1,2,2,2,2,2,1,1,1,,,,,2,,,1,1,2,,,,2,2,,2,2,2,1,,2,1,1,2,,,,2,,,,1,2,1,2,,,2,,,,,,,2,2,,,,,1,2,2,2,1,,1,1,1,1,4,1,,0,1,4,4,4,2,1,5,1,2,0,0
Ghana,GHA,170237460,0.947731347,2,30,2,1,1,1,0,0,0,,,2,,,,,,,,,,,,,,1,2,1,1,1,2,1,2,2,2,2,2,1,2,2,,,,,2,,,2,2,2,,,,2,2,,2,2,2,2,,6,1,4,1,2,1,2,2,,,,2,,,,,,2,,,,,,,2,2,,,,,2,,,,,,1,1,2,2,4,1,,1,1,4,4,4,4,4,3,1,2,0,0
Ghana,GHA,124197960,0.498028355,2,34,2,1,2,2,1,1,0,2,2,2,,,1,1,2,,,,2,,2,,1,,,,,,,,,,,,,,,,,,,,2,,,2,1,2,,,,2,2,1,2,2,2,1,,2,1,4,1,1,,,1,1,,,2,,,,,,2,,,,,,,2,2,,,,,2,,,,,,1,4,1,1,4,1,,1,1,4,4,4,4,4,1,1,1,1,0
Ghana,GHA,111192989,1.362126314,1,37,1,5,1,1,1,0,1,,,2,,,,,,,,,,,,,,,2,2,1,1,2,2,2,2,,,,,,,1,1,2,1,2,,,2,2,2,,,,2,2,2,2,2,2,2,,3,3,3,1,1,,,1,1,,,2,,,,,,2,,,,,,,2,2,,,,,2,,,,,,2,1,1,2,4,1,,1,0,4,4,4,4,4,1,1,2,1,0
Ghana,GHA,124981103,1.124820806,1,17,2,3,1,2,0,0,0,,,2,,,,,,,,,,,,,,1,2,2,1,2,2,1,2,2,2,2,1,1,2,2,,,,,2,,,2,2,2,,,,2,2,,2,2,2,2,,7,,,2,,,,2,,,,2,,,,,,2,,,,,,,2,2,,,,,2,,,,,,1,1,2,3,3,1,,0,0,4,4,4,4,4,5,2,2,0,0
Ghana,GHA,204520128,1.851991465,1,64,1,4,1,2,1,1,0,2,2,2,,,2,2,2,,,,2,,2,,2,,,,,,,,,,,,,,,,,,,,2,,,2,2,2,,,,2,2,2,1,2,1,2,1,4,3,4,2,,,,2,,,,2,,,,,,2,,,,,,,2,2,,,,,2,,,,,,1,1,4,4,1,1,,1,1,4,4,4,4,4,5,1,2,0,0
Ghana,GHA,124980333,1.407583358,2,40,1,4,1,2,0,0,0,,,2,,,,,,,,,,,,,,2,2,2,2,2,2,1,2,2,,,,,,,,,,,2,,,2,2,2,,,,2,2,2,1,1,2,1,1,5,2,3,1,1,,,2,,,,1,2,1,1,,,2,,,,,,,2,2,,,,,2,,,,,,1,1,1,1,4,1,,1,1,4,4,4,4,1,1,1,2,0,0
Ghana,GHA,189109689,2.260335443,2,57,1,3,1,2,0,0,0,,,2,,,,,,,,,,,,,,2,2,2,2,2,2,1,2,2,2,2,2,2,1,2,,,,,2,,,2,2,2,,,,2,2,,2,2,2,2,,2,1,1,1,1,,,1,1,,,1,2,2,,,1,2,,,,,,,2,2,,,,,1,1,2,2,1,,1,1,3,3,1,3,,1,0,4,4,4,2,2,1,1,2,0,0
Ghana,GHA,153917533,0.504506027,2,21,2,1,2,2,0,0,0,,,2,,,,,,,,,,,,,,1,2,1,2,2,2,1,2,1,,,,,,,,,,,2,,,2,2,2,,,,2,2,2,1,1,2,1,2,2,1,1,1,1,,,2,,,,1,2,2,,,1,2,,,,,,,2,2,,,,,1,1,2,2,1,,1,1,1,1,1,1,,1,1,4,4,4,2,2,1,1,2,0,0
Ghana,GHA,118211414,0.744879807,1,26,2,2,1,1,1,0,1,,,2,,,,,,,,,,,,,,,1,2,2,2,2,1,2,2,,,,,,,1,1,1,1,2,,,2,1,2,,,,2,2,1,2,1,2,1,,2,1,4,1,1,,,1,1,,,1,2,2,,,1,2,,,,,,,2,2,,,,,1,1,2,2,1,,1,1,1,2,2,1,,1,1,4,4,4,2,2,1,1,1,1,0
Ghana,GHA,191728020,1.390202414,1,30,1,2,1,1,1,1,0,1,2,2,,,1,1,2,,,,1,2,1,1,1,,,,,,,,,,2,2,2,2,2,2,,,,,2,,,2,2,2,,,,1,1,,1,2,2,1,1,5,1,1,1,2,2,2,2,,,,2,,,,,,2,,,,,,,2,2,,,,,1,1,2,2,1,,1,1,1,1,2,2,,1,1,4,4,4,2,4,4,1,2,1,0
Ghana,GHA,128023367,0.558100385,1,29,1,2,1,1,1,0,1,,,2,,,,,,,,,,,,,,,2,2,2,1,2,2,2,2,,,,,,,2,1,2,2,2,,,2,2,2,,,,2,2,2,2,2,2,2,,7,,,1,2,1,1,2,,,,2,,,,,,2,,,,,,,2,2,,,,,2,,,,,,2,3,3,3,,3,,0,0,4,4,4,4,4,2,1,2,1,0
Ghana,GHA,195195422,0.306325514,2,30,3,5,1,2,1,1,1,1,1,1,2,,2,1,2,,,,1,2,1,1,1,,,,,,,,,,,,,,,,1,1,2,1,2,,,1,1,2,,,,1,1,1,1,2,2,2,2,1,3,3,1,1,,,1,1,,,1,2,2,,,1,1,1,1,2,,,1,2,1,1,1,,,2,,,,,,2,2,2,2,2,2,,1,0,1,4,1,4,2,1,1,1,1,0
Ghana,GHA,162632859,3.407628431,2,60,2,2,1,1,1,1,0,1,1,2,,,2,2,2,,,,2,,2,,2,,,,,,,,,,2,2,2,2,2,1,,,,,2,,,2,2,2,,,,2,2,,2,2,2,2,,7,,,2,,,,1,2,1,2,1,2,2,,,1,1,1,1,2,,,2,2,2,,,,,1,1,2,2,1,,1,1,1,1,3,1,,0,0,1,4,4,2,2,3,2,2,1,0
Ghana,GHA,198212138,2.439680259,1,25,1,2,2,2,0,0,0,,,2,,,,,,,,,,,,,,1,2,2,2,2,2,2,2,2,2,2,2,2,2,2,,,,,2,,,2,2,2,,,,2,2,,2,2,2,2,,7,,,2,,,,2,,,,2,,,,,,2,,,,,,,2,2,,,,,2,,,,,,3,2,2,2,2,3,,0,0,4,4,4,4,4,5,1,1,0,0
Ghana,GHA,210047396,1.252678713,2,53,1,3,1,1,0,0,0,,,2,,,,,,,,,,,,,,2,2,2,2,2,2,1,2,2,1,1,2,1,2,2,,,,,2,,,2,2,2,,,,2,2,,1,2,2,1,2,2,1,1,2,,,,2,,,,2,,,,,,2,,,,,,,2,2,,,,,1,1,2,2,1,,1,1,1,1,1,1,,1,1,4,4,4,2,4,5,1,2,0,0
Ghana,GHA,164034954,2.043189471,1,36,1,1,1,1,1,0,1,,,2,,,,,,,,,,,,,,,2,1,2,1,2,2,2,2,,,,,,,1,1,2,1,2,,,2,2,2,,,,1,2,1,2,2,2,2,,3,2,2,1,1,,,1,1,,,2,,,,,,2,,,,,,,2,2,,,,,2,,,,,,1,1,2,1,4,1,,1,0,4,4,4,4,4,1,1,2,1,0
Ghana,GHA,129722289,0.509461259,2,35,2,5,1,1,1,0,1,,,2,,,,,,,,,,,,,,,2,2,2,2,2,1,2,1,,,,,,,1,2,2,1,2,,,2,2,2,,,,1,2,2,1,2,2,2,1,1,2,1,2,,,,2,,,,2,,,,,,1,2,2,2,1,,,2,2,,,,,1,3,2,2,1,,1,1,3,3,2,1,,1,1,2,4,4,2,4,5,2,2,1,0
Ghana,GHA,139016533,2.145397596,2,56,3,4,1,2,1,1,1,1,1,1,2,,1,1,2,,,,1,2,1,1,1,,,,,,,,,,,,,,,,1,1,2,1,1,2,,1,1,2,,,,1,1,1,2,2,2,2,,1,3,3,1,1,,,1,1,,,1,2,1,2,,,1,1,1,2,,,2,2,2,,,,,2,,,,,,3,1,3,3,,2,,1,0,1,4,4,4,1,1,1,1,1,1
Ghana,GHA,177177961,1.109700341,2,16,2,2,2,2,0,0,0,,,2,,,,,,,,,,,,,,1,2,2,1,2,2,2,2,2,2,2,1,2,2,2,,,,,2,,,2,2,2,,,,2,2,,2,2,2,2,,2,1,1,2,,,,1,1,,,2,,,,,,2,,,,,,,1,2,2,2,2,2,2,,,,,,3,3,3,1,,3,,0,0,4,3,4,4,4,1,2,1,0,0
Ghana,GHA,193015709,0.570075234,2,23,2,3,1,2,0,0,0,,,2,,,,,,,,,,,,,,1,2,2,2,2,2,1,2,2,2,2,2,2,1,2,,,,,2,,,2,2,2,,,,2,2,,2,2,2,1,,7,,,2,,,,2,,,,1,2,2,,,1,1,2,2,2,1,,,2,2,,,,,2,,,,,,1,1,1,3,2,3,,0,1,2,4,4,4,2,5,1,1,0,0
Ghana,GHA,205490056,2.052748668,1,53,1,2,1,2,1,1,1,2,2,2,,,1,2,2,,,,2,,2,,2,,,,,,,,,,,,,,,,2,2,2,2,2,,,2,1,2,,,,2,2,2,2,2,2,2,,7,,,1,1,,,1,1,,,1,2,2,,,1,2,,,,,,,2,2,,,,,2,,,,,,1,1,3,1,4,1,,0,0,4,4,4,4,2,1,1,2,1,0
Ghana,GHA,112475434,0.306325514,2,23,3,4,1,1,1,0,1,,,2,,,,,,,,,,,,,,,1,2,2,2,2,1,1,2,2,2,2,2,1,2,,,,,2,,,2,1,2,,,,2,2,,2,2,2,2,,2,1,1,1,1,,,1,1,,,2,,,,,,2,,,,,,,2,2,,,,,1,1,2,1,,,1,1,1,1,2,1,,1,1,4,4,4,1,4,1,1,1,1,0
Ghana,GHA,142679627,0.306325514,2,29,3,5,1,2,1,1,1,2,2,1,2,,2,1,1,2,,4,1,1,1,1,1,,,,,,,,,,,,,,,,1,1,2,1,2,,,2,1,2,,,,1,2,1,1,2,2,2,2,1,3,3,1,1,,,2,,,,1,2,2,,,1,1,1,1,2,,,2,2,2,,,,,2,,,,,,3,3,3,3,,3,,1,0,1,4,4,4,2,1,1,1,1,0
Ghana,GHA,138507367,2.775841369,1,61,2,3,1,2,1,1,0,2,2,1,2,,2,2,2,,,,1,2,3,,1,,,,,,,,,,,,,,,,,,,,2,,,2,1,2,,,,2,1,2,2,2,2,2,,1,3,3,1,2,1,1,2,,,,1,2,2,,,1,2,,,,,,,2,2,,,,,2,,,,,,3,3,3,3,,1,,1,0,4,4,4,4,2,2,1,1,1,0
Ghana,GHA,143182808,1.363838871,1,19,2,5,1,2,1,0,1,,,2,,,,,,,,,,,,,,,2,2,1,2,2,1,2,2,,,,,,,2,2,2,1,2,,,2,2,2,,,,2,2,2,1,2,2,1,2,4,2,4,2,,,,1,2,1,2,2,,,,,,1,2,2,2,1,,,2,2,,,,,2,,,,,,1,1,1,1,4,2,,1,1,2,4,4,4,4,3,2,2,1,0
Ghana,GHA,139780159,1.971275632,2,35,1,2,1,1,0,0,0,,,2,,,,,,,,,,,,,,1,2,2,2,2,2,1,2,2,2,2,2,1,2,2,,,,,2,,,2,2,2,,,,1,2,,2,1,2,1,,5,3,3,1,2,1,2,2,,,,2,,,,,,2,,,,,,,1,2,2,2,2,2,1,1,2,2,1,,2,2,3,3,2,1,,1,1,4,3,4,2,4,3,1,2,0,0
Ghana,GHA,172205138,0.998595956,2,25,2,2,1,2,1,0,1,,,2,,,,,,,,,,,,,,,1,1,2,2,2,1,1,1,,,,,,,1,1,1,1,2,,,2,1,1,1,2,,2,2,1,2,2,2,1,,2,1,1,1,1,,,1,1,,,2,,,,,,2,,,,,,,2,2,,,,,2,,,,,,1,1,2,1,2,1,,1,1,4,4,4,4,4,1,1,1,1,1
Ghana,GHA,207284144,0.714842223,2,38,2,3,1,1,1,1,1,2,2,2,,,2,2,2,,,,1,2,1,2,1,,,,,,,,,,,,,,,,1,1,1,1,2,,,2,1,2,,,,2,1,2,2,2,2,1,,1,3,1,1,1,,,1,1,,,1,2,2,,,1,2,,,,,,,2,2,,,,,1,1,2,1,,,3,2,3,1,4,1,,1,1,4,4,4,1,2,1,1,2,1,0
Ghana,GHA,119337594,0.376375302,1,31,2,3,1,2,1,0,1,,,2,,,,,,,,,,,,,,,2,2,1,2,3,2,2,1,,,,,,,1,2,1,2,2,,,2,1,2,,,,2,2,1,2,2,2,2,,7,,,1,2,1,2,1,1,,,2,,,,,,2,,,,,,,2,2,,,,,2,,,,,,2,2,3,3,2,2,,1,1,4,4,4,4,4,1,1,1,1,0
Ghana,GHA,177170670,0.306325514,2,29,1,5,1,2,1,0,1,,,2,,,,,,,,,,,,,,,1,1,1,2,2,2,2,2,,,,,,,1,1,2,2,2,,,2,1,2,,,,2,2,1,2,1,2,1,,2,2,1,1,1,,,1,1,,,2,,,,,,2,,,,,,,2,2,,,,,2,,,,,,2,1,2,3,2,1,,1,1,4,4,4,4,4,1,1,1,1,0
Ghana,GHA,202116944,1.393143457,1,19,2,1,2,2,1,0,1,,,2,,,,,,,,,,,,,,,2,2,2,2,2,1,1,2,,,,,,,2,1,1,1,2,,,2,1,2,,,,2,2,2,2,2,2,1,,2,3,2,1,1,,,1,1,,,1,2,2,,,1,2,,,,,,,2,2,,,,,2,,,,,,1,1,1,1,1,1,,1,1,4,4,4,4,2,1,1,1,1,0
Ghana,GHA,127689391,0.737130007,2,26,2,5,1,2,1,0,1,,,2,,,,,,,,,,,,,,,1,2,2,1,2,2,2,2,,,,,,,1,2,2,1,1,2,,1,1,2,,,,1,2,1,1,2,2,1,2,3,3,3,1,1,,,2,,,,1,2,1,2,,,1,2,2,2,1,,,2,2,,,,,2,,,,,,3,2,3,3,,3,,1,1,2,4,4,4,1,1,1,1,1,1
Ghana,GHA,193722287,1.147978913,1,25,2,3,1,2,1,0,1,,,2,,,,,,,,,,,,,,,2,2,2,2,2,2,2,2,,,,,,,2,2,2,1,2,,,2,1,2,,,,2,2,2,2,2,2,2,,7,,,1,1,,,1,1,,,2,,,,,,1,2,2,2,2,2,,2,2,,,,,2,,,,,,3,1,3,1,2,1,,0,0,3,4,4,4,4,1,1,1,1,0
Ghana,GHA,119878564,0.388935744,2,30,2,4,1,1,1,1,1,1,2,2,,,1,2,2,,,,1,1,2,,1,,,,,,,,,,,,,,,,1,1,2,1,2,,,2,1,2,,,,2,2,2,1,1,2,1,2,2,3,2,1,1,,,1,1,,,2,,,,,,2,,,,,,,2,2,,,,,2,,,,,,1,1,1,1,4,1,,1,1,4,4,4,4,4,1,1,2,1,0
Ghana,GHA,208066556,1.351963166,2,48,2,2,1,1,0,0,0,,,2,,,,,,,,,,,,,,2,2,2,2,1,2,1,2,1,2,2,2,1,1,2,,,,,2,,,2,2,2,,,,2,2,,1,1,2,1,2,2,2,1,1,2,1,2,1,2,1,1,1,2,2,,,1,2,,,,,,,2,2,,,,,1,1,2,2,1,,1,1,1,3,3,1,,1,1,4,4,4,2,2,2,1,2,0,0
Ghana,GHA,188549577,0.487926321,1,22,2,5,1,2,1,1,1,2,2,1,2,,1,1,2,,,,1,2,1,2,1,,,,,,,,,,,,,,,,1,2,2,1,1,1,,2,2,2,,,,2,2,2,1,2,2,2,2,1,2,1,2,,,,1,1,,,2,,,,,,1,2,2,1,,,2,2,2,,,,,2,,,,,,1,1,1,2,2,1,,1,0,1,4,4,4,4,1,1,1,1,1
Ghana,GHA,182919677,0.792950147,2,17,2,1,2,2,1,0,1,,,2,,,,,,,,,,,,,,,3,2,1,2,2,2,2,2,,,,,,,1,2,2,1,2,,,2,1,2,,,,2,2,2,2,2,2,2,,7,,,1,1,,,1,1,,,2,,,,,,2,,,,,,,2,2,,,,,2,,,,,,3,2,3,3,,2,,1,0,4,4,4,4,4,1,1,1,1,0
Ghana,GHA,165457913,0.959976148,2,18,2,2,1,2,1,0,1,,,2,,,,,,,,,,,,,,,2,2,1,2,2,2,2,2,,,,,,,1,1,2,1,2,,,2,1,2,,,,2,2,1,2,2,2,2,,7,,,1,1,,,1,1,,,2,,,,,,2,,,,,,,2,2,,,,,2,,,,,,1,1,2,1,4,1,,1,0,4,4,4,4,4,1,1,1,1,0
Ghana,GHA,111470296,1.450617647,1,39,2,4,1,2,1,0,1,,,2,,,,,,,,,,,,,,,1,2,2,2,2,2,2,1,,,,,,,1,1,2,1,2,,,2,1,2,,,,1,2,1,2,2,2,2,,1,3,3,1,1,,,1,1,,,2,,,,,,2,,,,,,,2,2,,,,,2,,,,,,1,1,1,1,2,1,,1,0,4,4,4,4,4,1,1,2,1,0
Ghana,GHA,135253254,0.415720886,2,23,2,4,1,1,1,0,1,,,2,,,,,,,,,,,,,,,2,1,2,2,2,2,2,1,,,,,,,1,1,2,1,2,,,2,1,2,,,,2,2,2,2,2,2,1,,2,1,1,2,,,,2,,,,2,,,,,,2,,,,,,,2,2,,,,,2,,,,,,1,1,1,1,2,1,,0,1,4,4,4,4,4,5,1,1,1,0
Ghana,GHA,203988855,0.306325514,1,27,1,3,2,2,0,0,0,,,2,,,,,,,,,,,,,,2,2,2,2,2,2,1,2,2,2,2,2,1,2,1,,,,,2,,,2,2,2,,,,2,2,,2,2,2,2,,3,1,1,2,,,,1,2,1,2,2,,,,,,2,,,,,,,2,2,,,,,1,1,2,2,1,,1,1,1,1,2,1,,0,0,4,4,4,2,4,3,2,2,0,0
Ghana,GHA,126159925,0.769738027,2,30,2,4,1,1,0,0,0,,,2,,,,,,,,,,,,,,2,1,2,2,2,2,2,2,2,1,2,2,2,1,2,,,,,2,,,2,2,2,,,,2,2,,2,2,2,2,,3,1,1,2,,,,2,,,,2,,,,,,2,,,,,,,2,2,,,,,2,,,,,,1,1,1,2,2,1,,0,0,4,4,4,4,4,5,1,2,0,0
Ghana,GHA,125650202,0.411026697,2,25,2,5,1,2,1,1,1,2,2,1,2,,1,1,2,,,,1,1,1,1,1,,,,,,,,,,,,,,,,1,1,2,1,2,,,2,1,2,,,,2,2,1,2,2,2,2,,1,3,1,1,1,,,1,1,,,1,2,1,1,,,1,2,2,1,,,2,2,2,,,,,2,,,,,,3,3,3,3,,1,,1,0,1,4,4,4,1,1,1,1,1,0
Ghana,GHA,127680195,1.595213921,1,32,1,3,1,1,0,0,0,,,2,,,,,,,,,,,,,,2,2,2,2,2,2,2,2,2,2,2,2,2,2,2,,,,,3,,,2,2,2,,,,2,2,,1,2,2,2,2,7,,,2,,,,2,,,,2,,,,,,2,,,,,,,2,2,,,,,1,1,2,2,1,,2,2,2,3,2,2,,1,0,4,4,4,2,4,5,1,2,0,0
Ghana,GHA,200576297,0.403132033,2,25,2,5,1,2,1,1,1,2,2,2,,,1,1,2,,,,1,1,1,1,1,,,,,,,,,,,,,,,,1,1,2,1,2,,,2,1,2,,,,1,1,1,1,2,2,1,2,1,3,3,1,1,,,1,1,,,1,2,2,,,1,1,2,2,2,1,,,2,2,,,,,2,,,,,,3,3,3,3,,1,,1,1,2,4,4,4,2,1,1,1,1,0
Ghana,GHA,193203322,0.769738027,2,30,1,4,1,2,1,0,1,,,2,,,,,,,,,,,,,,,2,1,2,1,2,1,2,2,,,,,,,1,2,2,2,2,,,2,1,2,,,,2,2,2,2,2,2,1,,2,2,1,1,1,,,2,,,,2,,,,,,2,,,,,,,2,2,,,,,1,3,2,2,1,,1,1,1,1,2,1,,1,1,4,4,4,2,4,1,1,2,1,0
Ghana,GHA,181905033,0.905817306,1,66,2,4,2,2,0,0,0,,,2,,,,,,,,,,,,,,1,2,2,2,2,2,1,2,2,2,2,2,1,1,1,,,,,2,,,2,2,2,,,,2,2,,2,1,2,1,,3,2,1,1,2,1,2,1,2,1,2,1,2,2,,,1,2,,,,,,,2,2,,,,,1,2,2,2,1,,2,2,2,4,2,1,,1,1,4,4,4,2,2,3,2,2,0,0
Ghana,GHA,202324918,0.644231273,1,29,2,1,2,2,1,0,1,,,2,,,,,,,,,,,,,,,1,2,2,1,2,2,2,1,,,,,,,2,2,2,1,2,,,2,2,2,,,,2,2,2,1,2,2,2,2,2,3,3,1,2,1,1,1,2,2,1,1,2,2,,,1,2,,,,,,,2,2,,,,,2,,,,,,3,3,3,3,,1,,1,0,4,4,4,4,2,2,1,2,1,0
Ghana,GHA,179693908,0.411026697,2,25,2,4,1,1,0,0,0,,,2,,,,,,,,,,,,,,2,2,2,2,2,2,2,2,2,2,2,2,2,1,2,,,,,2,,,2,2,2,,,,2,2,,2,2,2,2,,4,1,4,2,,,,2,,,,2,,,,,,2,,,,,,,2,2,,,,,1,3,2,2,1,,1,1,3,1,4,1,,0,0,4,4,4,2,4,5,1,1,0,0
Ghana,GHA,174187766,1.73634029,2,27,1,2,1,1,1,0,1,,,2,,,,,,,,,,,,,,,1,1,2,2,2,1,2,2,,,,,,,1,1,2,2,2,,,2,1,2,,,,2,2,1,2,1,2,1,,5,2,1,1,1,,,1,1,,,1,2,1,1,,,1,2,2,1,,,2,2,2,,,,,1,1,2,1,,,1,1,1,1,2,2,,1,1,1,4,4,1,1,1,1,2,1,0
Ghana,GHA,150861350,1.439635609,2,20,2,2,2,2,1,0,1,,,2,,,,,,,,,,,,,,,1,1,1,2,1,1,2,1,,,,,,,1,1,1,1,2,,,2,1,2,,,,2,2,2,2,1,2,1,,2,1,1,2,,,,1,1,,,2,,,,,,2,,,,,,,2,2,,,,,2,,,,,,1,1,1,1,3,1,,1,1,4,4,4,4,4,1,1,1,1,0
Ghana,GHA,131998971,0.490129147,2,42,2,5,1,1,1,1,1,1,1,1,2,,2,2,2,,,,1,2,1,1,1,,,,,,,,,,,,,,,,1,2,1,1,2,,,2,1,2,,,,1,1,2,2,2,2,2,,7,,,1,1,,,2,,,,1,2,2,,,1,1,2,1,2,,,2,2,2,,,,,1,1,2,2,1,,1,1,1,1,4,1,,1,1,1,4,4,2,2,1,1,2,1,0
Ghana,GHA,150015807,0.351362133,2,24,2,5,1,2,1,1,1,1,2,1,2,,2,2,2,,,,1,2,1,2,1,,,,,,,,,,,,,,,,1,1,2,1,2,,,2,1,2,,,,2,2,1,2,2,2,1,,3,2,3,1,1,,,1,1,,,2,,,,,,1,2,2,1,,,2,2,2,,,,,2,,,,,,2,3,2,3,3,2,,1,1,1,4,4,4,4,1,1,1,1,0
Ghana,GHA,184904561,1.439964222,2,18,2,1,2,2,1,0,1,,,2,,,,,,,,,,,,,,,1,1,2,2,2,1,2,2,,,,,,,1,1,2,1,2,,,2,1,2,,,,2,2,1,1,1,2,1,2,2,3,3,1,1,,,1,1,,,2,,,,,,1,2,2,2,1,,,2,2,,,,,1,1,2,2,1,,1,1,1,1,2,1,,1,1,2,4,4,2,4,1,1,2,1,0
Ghana,GHA,116103404,0.89834895,2,23,2,1,1,2,1,0,1,,,2,,,,,,,,,,,,,,,2,2,2,2,2,1,2,2,,,,,,,1,2,1,1,1,1,,2,1,1,1,2,,1,2,1,2,2,2,2,,2,1,1,1,1,,,1,1,,,2,,,,,,2,,,,,,,1,2,2,2,2,2,2,,,,,,2,2,2,3,2,2,,1,1,4,3,4,4,4,1,1,1,1,1
Ghana,GHA,189084941,0.825162869,2,39,2,1,1,2,1,1,1,,,2,,,,,,,,,,,,,,,2,2,2,1,2,1,2,2,,,,,,,1,1,2,1,2,,,2,1,2,,,,2,2,1,1,2,2,2,2,7,,,1,1,,,2,,,,1,2,2,,,1,2,,,,,,,1,2,2,2,2,1,2,,,,,,1,1,1,1,2,1,,1,0,4,1,4,4,2,1,1,1,1,0
Ghana,GHA,152849383,1.184793088,1,15,2,1,1,1,1,1,1,1,2,2,,,1,1,2,,,,2,,2,,1,,,,,,,,,,,,,,,,1,1,2,1,1,2,,2,1,2,,,,2,2,1,2,2,2,2,,2,3,1,1,2,1,1,1,2,1,1,2,,,,,,1,2,2,1,,,2,2,2,,,,,2,,,,,,1,1,1,1,4,1,,1,0,1,4,4,4,4,2,2,1,1,1
Ghana,GHA,163236275,0.55485017,2,24,2,5,1,2,0,0,0,,,2,,,,,,,,,,,,,,2,2,2,2,2,2,1,2,1,2,2,2,2,2,2,,,,,2,,,2,2,2,,,,2,2,,2,2,2,2,,1,2,2,2,,,,2,,,,1,2,2,,,1,1,2,2,2,1,,,2,2,,,,,1,3,2,2,1,,1,1,2,3,2,1,,0,0,2,4,4,2,2,5,2,2,0,0
Ghana,GHA,142685683,0.376375302,1,25,2,3,1,1,1,1,0,2,2,2,,,2,2,2,,,,1,1,2,,1,,,,,,,,,,2,2,2,2,2,2,,,,,2,,,2,2,2,,,,2,2,,1,1,2,1,1,4,1,1,2,,,,2,,,,2,,,,,,2,,,,,,,2,2,,,,,2,,,,,,3,3,3,3,,3,,1,1,4,4,4,4,4,5,1,1,0,0
Ghana,GHA,131639781,1.439635609,2,20,2,5,1,2,1,1,1,1,2,1,2,,1,1,2,,,,1,2,1,1,1,,,,,,,,,,,,,,,,1,1,2,1,1,2,,1,1,2,,,,2,1,1,2,2,2,1,,1,3,3,1,1,,,1,1,,,1,2,2,,,1,2,,,,,,,2,2,,,,,2,,,,,,2,1,1,2,2,1,,1,1,4,4,4,4,2,1,1,1,1,1
Ghana,GHA,124909035,0.306325514,2,27,2,3,1,1,1,1,1,1,1,1,2,,1,2,2,,,,1,1,1,1,1,,,,,,,,,,,,,,,,1,1,2,1,2,,,2,1,2,,,,1,1,1,2,2,2,2,,1,3,2,1,1,,,1,1,,,2,,,,,,1,1,1,2,,,2,1,2,1,2,,,2,,,,,,1,2,2,2,2,2,,1,0,1,1,4,4,4,1,1,1,1,0
Ghana,GHA,182566063,0.368565003,2,27,2,4,2,2,1,0,1,,,2,,,,,,,,,,,,,,,2,2,2,1,2,2,2,2,,,,,,,1,1,2,1,2,,,2,1,2,,,,1,2,1,2,2,2,2,,1,1,1,1,1,,,1,1,,,1,2,2,,,1,2,,,,,,,2,2,,,,,2,,,,,,1,1,1,1,4,1,,1,0,4,4,4,4,2,1,1,1,1,0
Ghana,GHA,174549036,2.861421735,1,40,1,1,1,1,0,0,0,,,2,,,,,,,,,,,,,,2,2,2,1,2,2,1,2,2,2,2,2,2,1,1,,,,,2,,,2,2,2,,,,1,2,,2,2,2,2,,5,3,3,2,,,,1,2,1,2,2,,,,,,2,,,,,,,1,2,2,2,2,2,1,1,2,2,1,,1,1,4,1,4,1,,1,0,4,3,4,2,4,3,1,2,0,0
Ghana,GHA,197465747,1.594036006,2,21,2,3,1,2,1,0,1,,,2,,,,,,,,,,,,,,,2,2,2,1,2,2,2,1,,,,,,,2,1,2,1,2,,,2,1,2,,,,1,2,1,2,2,2,1,,2,1,1,1,1,,,2,,,,2,,,,,,1,2,2,2,1,,,2,2,,,,,2,,,,,,1,1,1,1,1,1,,1,1,2,4,4,4,4,1,1,1,1,0
Ghana,GHA,144382947,1.720272798,1,20,5,3,2,2,1,1,1,2,2,1,4,,1,1,2,,,,1,1,1,1,1,,,,,,,,,,,,,,,,1,1,2,1,2,,,2,1,2,,,,2,2,1,2,2,2,2,,7,,,1,1,,,1,1,,,2,,,,,,2,,,,,,,2,2,,,,,2,,,,,,3,3,3,3,,1,,1,0,4,4,4,4,4,1,1,1,1,0
Ghana,GHA,154202207,0.395429802,2,30,2,5,1,2,1,1,1,1,2,2,,,1,2,2,,,,1,2,1,2,1,,,,,,,,,,,,,,,,1,2,2,1,2,,,2,1,2,,,,2,1,2,1,2,2,2,2,1,1,1,1,1,,,1,1,,,1,2,2,,,1,1,2,1,2,,,2,2,2,,,,,2,,,,,,1,1,1,1,1,1,,1,0,1,4,4,4,2,1,1,1,1,0
Ghana,GHA,207029749,1.185121301,2,24,2,5,1,2,1,0,1,,,2,,,,,,,,,,,,,,,2,2,2,2,2,2,2,2,,,,,,,1,1,2,1,3,,,2,1,2,,,,1,2,1,2,2,2,2,,8,,,1,1,,,1,1,,,2,,,,,,2,,,,,,,2,2,,,,,2,,,,,,3,3,3,3,,2,,1,0,4,4,4,4,4,1,1,1,1,0
Ghana,GHA,133380737,0.368565003,2,27,2,4,1,2,1,1,1,1,2,1,2,,2,2,2,,,,1,2,1,2,1,,,,,,,,,,,,,,,,2,1,2,1,2,,,2,2,2,,,,2,2,2,2,2,2,2,,1,2,1,1,2,1,2,2,,,,1,2,2,,,1,2,,,,,,,2,2,,,,,2,,,,,,2,1,1,1,2,1,,1,0,4,4,4,4,2,3,1,1,1,0
Ghana,GHA,120003038,0.306325514,2,27,2,5,1,2,1,1,1,1,2,2,,,1,1,2,,,,1,2,1,2,1,,,,,,,,,,,,,,,,1,1,2,1,2,,,2,1,1,1,1,,2,2,1,2,2,2,1,,1,3,2,1,1,,,1,1,,,1,2,2,,,1,1,2,1,1,,,1,2,2,,,,,2,,,,,,2,2,2,2,3,2,,1,1,1,4,4,4,2,1,1,1,1,1
Ghana,GHA,170482483,1.211104997,1,71,2,4,1,1,0,0,0,,,2,,,,,,,,,,,,,,2,2,2,2,3,2,1,2,2,2,2,2,2,2,2,,,,,2,,,2,2,2,,,,2,2,,2,2,2,1,,7,,,2,,,,1,1,,,1,2,2,,,1,2,,,,,,,2,2,,,,,2,,,,,,1,1,4,4,5,1,,0,1,4,4,4,4,2,1,2,2,0,0
Ghana,GHA,210167778,2.094678151,1,55,1,2,1,2,0,0,0,,,2,,,,,,,,,,,,,,2,2,2,2,2,2,1,2,2,2,2,2,2,2,2,,,,,2,,,2,2,2,,,,2,2,,2,2,2,2,,7,,,2,,,,1,2,1,2,1,2,2,,,1,1,2,2,2,1,,,2,2,,,,,2,,,,,,1,1,3,1,2,3,,0,0,2,4,4,4,2,3,2,2,0,0
Ghana,GHA,145071534,1.393143457,1,18,2,5,1,2,1,0,1,,,2,,,,,,,,,,,,,,,2,2,2,2,2,2,2,2,,,,,,,1,1,1,1,2,,,2,1,1,3,2,,2,2,1,1,2,2,1,2,2,1,4,1,1,,,1,1,,,2,,,,,,1,2,2,2,1,,,2,2,,,,,2,,,,,,2,1,2,2,2,2,,1,1,2,4,4,4,4,1,1,1,1,1
Ghana,GHA,123939842,0.959757073,2,23,2,4,1,2,1,1,1,1,2,1,2,,1,1,2,,,,1,2,1,1,1,,,,,,,,,,,,,,,,1,1,1,1,1,2,,2,1,2,,,,2,2,1,1,2,2,1,2,1,1,1,1,1,,,1,1,,,1,2,2,,,1,2,,,,,,,2,2,,,,,2,,,,,,1,3,1,1,3,1,,1,1,4,4,4,4,2,1,1,1,1,1
Ghana,GHA,208110394,0.790859603,2,26,1,3,1,1,1,1,1,1,2,1,2,,2,2,2,,,,2,,2,,2,,,,,,,,,,,,,,,,1,1,2,1,2,,,2,1,2,,,,2,2,1,2,2,2,2,,1,3,3,1,1,,,1,1,,,1,2,2,,,1,1,1,1,2,,,2,2,2,,,,,2,,,,,,1,1,2,1,2,1,,1,0,1,4,4,4,2,1,1,1,1,0
Ghana,GHA,169366943,0.306325514,2,28,3,5,1,2,1,1,1,1,2,1,2,,2,1,2,,,,1,1,1,1,1,,,,,,,,,,,,,,,,1,1,1,1,2,,,2,1,2,,,,2,1,2,2,2,2,1,,1,2,2,1,1,,,1,1,,,1,2,2,,,1,1,2,1,2,,,2,2,2,,,,,2,,,,,,2,1,1,2,2,1,,1,1,1,4,4,4,2,1,1,1,1,0
Ghana,GHA,184982062,0.603022768,2,29,3,5,1,2,1,1,1,2,2,1,2,,1,1,2,,,,1,1,1,1,1,,,,,,,,,,,,,,,,1,1,2,1,2,,,1,1,1,3,1,,2,1,1,2,2,2,1,,2,2,1,1,1,,,1,1,,,1,2,2,,,1,2,,,,,,,2,2,,,,,2,,,,,,1,1,1,1,3,1,,1,1,4,4,4,4,2,1,1,1,1,1
Ghana,GHA,118864956,0.813161489,2,62,2,2,1,1,0,0,0,,,2,,,,,,,,,,,,,,2,2,2,1,2,2,1,2,2,2,2,1,2,1,1,,,,,2,,,2,2,2,,,,2,2,,2,1,2,1,,7,,,2,,,,1,1,,,2,,,,,,2,,,,,,,2,2,,,,,1,1,2,2,1,,1,1,3,1,2,1,,0,1,4,4,4,2,4,1,1,2,0,0
Ghana,GHA,129569219,0.560088747,1,32,1,5,1,1,1,0,1,,,2,,,,,,,,,,,,,,,1,1,2,2,2,2,2,1,,,,,,,2,1,2,2,2,,,2,1,2,,,,2,2,2,2,2,2,1,,6,1,1,2,,,,1,1,,,2,,,,,,2,,,,,,,2,2,,,,,1,1,2,2,1,,2,2,1,1,1,2,,0,1,4,4,4,2,4,1,1,2,1,0
Ghana,GHA,120951814,0.560713012,2,20,1,4,1,1,0,0,0,,,2,,,,,,,,,,,,,,2,2,1,1,1,2,1,2,2,,,,,,,,,,,2,,,2,1,2,,,,2,2,2,2,2,2,2,,2,1,1,1,2,1,1,1,1,,,2,,,,,,2,,,,,,,2,2,,,,,2,,,,,,1,1,1,1,3,2,,0,0,4,4,4,4,4,1,1,2,0,0
Ghana,GHA,148099270,2.015964065,1,35,1,4,2,2,0,0,0,,,2,,,,,,,,,,,,,,1,2,2,2,2,2,2,2,2,2,2,2,2,1,1,,,,,2,,,2,2,2,,,,3,2,,2,2,2,2,,9,,,1,1,,,1,1,,,2,,,,,,2,,,,,,,2,2,,,,,2,,,,,,3,3,3,3,,2,,0,0,4,4,4,4,4,1,2,2,0,0
Ghana,GHA,172532771,1.008418914,2,21,2,4,2,2,1,1,1,1,1,1,2,,2,2,2,,,,2,,2,,2,,,,,,,,,,,,,,,,1,1,2,1,2,,,2,1,2,,,,2,2,1,2,2,2,2,,3,2,1,1,1,,,2,,,,1,2,2,,,2,1,1,2,1,,,2,2,2,,,,,2,,,,,,1,1,1,1,1,1,,1,0,1,4,4,4,3,1,1,1,1,0
Ghana,GHA,185851023,0.332865319,2,27,2,5,1,2,1,1,1,2,2,2,,,1,1,2,,,,1,1,1,2,1,,,,,,,,,,,,,,,,1,1,1,1,1,1,,1,1,2,,,,2,1,1,2,2,2,1,,1,3,3,1,1,,,1,1,,,1,2,1,1,,,2,,,,,,,2,2,,,,,2,,,,,,2,1,2,3,2,1,,1,1,4,4,4,4,1,1,1,1,1,1
Ghana,GHA,165609820,0.769738027,2,,2,5,1,2,1,1,1,2,2,2,,,2,2,2,,,,1,1,1,1,1,,,,,,,,,,,,,,,,1,2,2,2,2,,,2,1,2,,,,2,2,2,2,2,2,1,,2,3,2,1,2,2,2,1,2,2,2,1,2,2,,,1,2,,,,,,,2,2,,,,,1,3,2,2,1,,1,2,2,3,2,1,,1,1,4,4,4,2,2,4,2,1,1,0
Ghana,GHA,145057900,0.332865319,2,29,1,3,1,2,1,1,1,2,2,2,,,1,2,2,,,,1,1,1,1,1,,,,,,,,,,,,,,,,1,1,2,1,2,,,2,1,2,,,,1,1,1,2,2,2,2,,2,2,1,1,1,,,1,1,,,1,2,2,,,1,2,,,,,,,2,2,,,,,2,,,,,,1,1,1,1,2,1,,1,0,4,4,4,4,2,1,1,1,1,0
Ghana,GHA,127423387,0.560713012,2,23,2,5,1,2,1,0,1,,,2,,,,,,,,,,,,,,,2,2,2,2,2,2,1,2,,,,,,,1,1,2,1,1,2,,1,1,1,1,2,,2,2,1,2,2,2,2,,5,3,2,1,1,,,1,1,,,1,2,1,2,,,2,,,,,,,2,2,,,,,2,,,,,,2,2,3,4,2,2,,1,0,4,4,4,4,1,1,1,1,1,1
Ghana,GHA,156776418,0.798514739,1,40,2,4,1,2,1,0,1,,,2,,,,,,,,,,,,,,,2,2,2,1,2,2,2,1,,,,,,,1,1,2,2,2,,,2,2,2,,,,2,2,1,2,2,2,2,,6,1,1,1,1,,,1,1,,,2,,,,,,2,,,,,,,2,2,,,,,2,,,,,,2,2,1,2,2,2,,1,0,4,4,4,4,4,1,1,1,1,0
Ghana,GHA,168039244,1.060626623,2,52,1,5,1,2,0,0,0,,,2,,,,,,,,,,,,,,2,2,2,1,2,2,1,2,2,2,2,2,2,1,1,,,,,2,,,2,2,2,,,,2,2,,1,2,2,1,2,2,1,1,2,,,,1,2,1,1,1,2,2,,,1,2,,,,,,,2,2,,,,,1,1,2,2,1,,1,1,1,3,2,1,,1,1,4,4,4,2,2,2,2,2,0,0
Ghana,GHA,124462959,1.68723121,1,18,2,4,2,1,0,0,0,,,2,,,,,,,,,,,,,,1,2,3,2,2,2,1,2,2,2,2,1,1,2,1,,,,,2,,,2,2,2,,,,2,2,,2,1,2,1,,7,,,2,,,,2,,,,2,,,,,,2,,,,,,,2,2,,,,,1,1,2,2,1,,1,1,2,1,4,1,,0,1,4,4,4,2,4,5,2,2,0,0
Ghana,GHA,205147739,0.909225914,1,18,2,2,1,2,0,0,0,,,2,,,,,,,,,,,,,,2,1,1,1,1,2,1,2,2,2,2,1,2,1,2,,,,,2,,,2,2,2,,,,2,2,,2,2,2,2,,3,1,1,1,2,1,2,1,2,1,2,2,,,,,,2,,,,,,,2,2,,,,,2,,,,,,2,1,4,4,2,1,,1,1,4,4,4,4,4,3,1,1,0,0
Ghana,GHA,179738832,1.073863246,1,23,2,3,1,2,1,1,0,2,2,2,,,2,2,2,,,,1,2,2,,1,,,,,,,,,,2,2,1,1,2,1,,,,,2,,,2,2,2,,,,2,2,,2,2,2,2,,1,2,1,2,,,,2,,,,2,,,,,,2,,,,,,,2,2,,,,,2,,,,,,1,1,1,1,4,1,,1,0,4,4,4,4,4,5,2,2,0,0
Ghana,GHA,195410971,0.349948053,2,27,2,1,1,2,1,1,1,2,2,1,2,,1,1,2,,,,1,2,1,2,1,,,,,,,,,,,,,,,,1,1,1,1,1,2,,1,1,2,,,,2,2,1,1,2,2,2,2,4,1,1,1,1,,,1,1,,,2,,,,,,2,,,,,,,2,2,,,,,2,,,,,,1,1,1,1,1,1,,1,1,4,4,4,4,4,1,1,1,1,1
Ghana,GHA,166983835,0.980258295,2,44,2,4,1,1,1,1,1,2,2,1,2,,2,2,2,,,,1,2,1,2,2,,,,,,,,,,,,,,,,1,1,2,2,2,,,2,2,2,,,,2,2,1,2,2,2,2,,3,1,4,1,1,,,1,1,,,1,2,2,,,1,1,1,1,2,,,2,2,2,,,,,1,1,2,2,2,2,1,1,1,1,4,2,,1,0,1,4,4,3,2,1,1,2,1,0
Ghana,GHA,182436086,0.967078431,1,35,2,4,1,2,1,1,1,2,2,1,2,,2,2,2,,,,1,1,1,1,1,,,,,,,,,,,,,,,,1,1,2,1,2,,,2,1,2,,,,2,1,1,2,2,2,2,,1,2,1,2,,,,1,2,2,1,2,,,,,,2,,,,,,,2,2,,,,,2,,,,,,2,3,3,3,,3,,1,0,4,4,4,4,4,2,1,1,1,0
Ghana,GHA,179187205,0.599169227,1,53,2,4,1,2,1,0,1,,,2,,,,,,,,,,,,,,,2,1,2,1,2,1,2,2,,,,,,,1,1,1,1,2,,,2,1,2,,,,2,2,2,2,1,1,1,,2,1,1,1,1,,,1,1,,,2,,,,,,2,,,,,,,2,2,,,,,2,,,,,,1,1,1,1,1,1,,0,1,4,4,4,4,4,1,1,2,1,0
Ghana,GHA,193690465,2.195570291,1,20,1,4,2,1,0,0,0,,,2,,,,,,,,,,,,,,1,1,2,1,1,2,2,2,2,,,,,,,,,,,2,,,2,1,2,,,,2,2,2,2,2,2,1,,2,2,2,2,,,,2,,,,2,,,,,,1,2,2,2,1,,,2,2,,,,,2,,,,,,1,1,1,1,4,1,,1,1,2,4,4,4,4,5,1,2,0,0
Ghana,GHA,174648453,1.589711028,2,53,2,5,1,2,1,1,1,2,2,1,2,,1,1,2,,,,1,2,1,1,1,,,,,,,,,,,,,,,,1,1,2,1,2,,,2,1,2,,,,1,1,1,2,2,2,2,,1,3,3,1,1,,,1,1,,,1,2,2,,,1,2,,,,,,,2,2,,,,,1,1,1,1,,,3,1,3,3,,1,,1,0,4,4,4,1,2,1,1,1,1,0
Ghana,GHA,136809267,0.332941299,2,29,2,4,1,2,1,0,1,,,2,,,,,,,,,,,,,,,2,2,1,2,2,2,2,2,,,,,,,1,1,2,1,2,,,2,1,2,,,,2,2,1,2,2,2,2,,3,2,1,1,1,,,1,1,,,2,,,,,,2,,,,,,,2,2,,,,,2,,,,,,1,1,2,1,2,1,,1,0,4,4,4,4,4,1,1,1,1,0
Ghana,GHA,189471427,0.801574528,1,64,2,4,1,2,1,1,0,2,1,2,,,1,2,2,,,,1,2,1,2,2,,,,,,,,,,2,2,2,1,2,2,,,,,2,,,2,2,2,,,,2,2,,2,1,1,1,,4,1,1,1,2,1,1,1,2,1,1,1,2,2,,,1,2,,,,,,,2,1,1,2,,,1,1,2,2,1,,1,1,1,1,2,1,,0,1,4,4,1,2,2,2,1,2,1,0
Ghana,GHA,136932862,0.821825731,1,28,2,3,1,1,1,0,1,,,2,,,,,,,,,,,,,,,1,2,2,2,1,2,2,2,,,,,,,1,1,2,1,2,,,1,1,2,,,,1,2,1,2,2,2,1,,2,2,1,1,2,2,1,1,2,2,1,2,,,,,,1,1,2,1,,,2,2,2,,,,,1,1,2,1,,,1,1,1,1,2,3,,1,1,1,4,4,1,4,2,1,2,1,0
Ghana,GHA,160819991,0.825038786,2,28,2,1,1,1,1,1,1,1,2,2,,,1,2,2,,,,1,2,1,2,1,,,,,,,,,,,,,,,,1,1,2,1,2,,,2,1,2,,,,2,1,1,1,2,2,1,2,1,3,2,1,1,,,1,1,,,1,2,2,,,1,1,2,1,1,,,2,2,2,,,,,2,,,,,,2,1,2,4,2,2,,1,1,1,4,4,4,2,1,1,1,1,0
Ghana,GHA,183881484,1.076735384,2,20,2,3,2,2,1,1,1,2,2,2,,,1,1,2,,,,1,2,1,1,1,,,,,,,,,,,,,,,,1,2,2,1,1,2,,1,1,1,3,2,,2,1,2,2,2,2,1,,1,2,2,1,1,,,1,1,,,2,,,,,,2,,,,,,,2,2,,,,,2,,,,,,2,1,3,2,1,1,,1,1,4,4,4,4,4,1,1,1,1,1
Ghana,GHA,181409809,3.768735686,1,48,1,2,2,2,0,0,0,,,2,,,,,,,,,,,,,,2,2,2,2,1,2,2,2,2,2,2,2,2,2,2,,,,,2,,,2,2,2,,,,2,2,,2,2,2,2,,6,2,1,2,,,,2,,,,2,,,,,,2,,,,,,,2,2,,,,,2,,,,,,2,3,3,3,,3,,1,0,4,4,4,4,4,5,1,2,0,0
Ghana,GHA,202509824,0.583548516,1,29,3,5,1,2,1,1,1,1,1,1,2,,1,1,2,,,,1,2,1,1,1,,,,,,,,,,,,,,,,1,1,2,1,1,1,,1,1,1,3,1,,1,1,1,2,2,1,2,,1,3,2,2,,,,1,1,,,1,2,2,,,1,1,1,1,2,,,2,2,2,,,,,2,,,,,,1,1,1,2,2,1,,1,1,1,4,4,4,2,1,1,1,1,1
Ghana,GHA,183670004,0.499675945,2,40,2,5,1,2,1,1,1,2,2,1,2,,1,2,2,,,,1,1,1,2,1,,,,,,,,,,,,,,,,1,1,1,1,2,,,2,1,2,,,,2,2,2,1,2,1,1,2,1,3,3,1,1,,,1,1,,,1,2,2,,,1,2,,,,,,,2,2,,,,,2,,,,,,2,1,1,1,1,1,,1,1,4,4,4,4,2,1,1,1,1,0
Ghana,GHA,144657328,0.306325514,2,25,2,5,1,1,1,1,1,1,1,1,2,,2,2,2,,,,1,2,1,2,1,,,,,,,,,,,,,,,,1,1,2,1,2,,,2,2,2,,,,1,1,1,2,2,2,2,,1,1,1,1,1,,,1,1,,,2,,,,,,2,,,,,,,1,2,1,2,,,2,,,,,,2,2,2,1,2,1,,1,0,4,1,4,4,4,1,1,1,1,0
Ghana,GHA,116507897,0.457292049,1,28,3,5,1,1,1,1,1,1,1,1,2,,1,1,2,,,,1,2,1,1,1,,,,,,,,,,,,,,,,1,1,1,1,1,1,,1,1,2,,,,1,1,2,2,2,1,2,,4,3,3,1,1,,,2,,,,1,1,1,1,,,1,1,1,2,,,1,1,2,1,2,,,2,,,,,,3,2,1,1,3,1,,1,1,1,1,4,4,1,1,1,1,1,1
Ghana,GHA,194819526,0.975852641,1,22,2,5,1,2,1,1,1,2,2,2,,,2,2,2,,,,1,1,1,1,1,,,,,,,,,,,,,,,,1,1,2,1,1,1,,2,2,2,,,,1,2,2,2,2,2,1,,4,2,1,1,1,,,1,1,,,1,2,2,,,1,1,2,2,2,1,,,2,2,,,,,2,,,,,,1,1,1,2,2,2,,1,1,2,4,4,4,2,1,1,1,1,1
Ghana,GHA,129930184,0.408110716,2,22,2,3,1,1,1,0,1,,,2,,,,,,,,,,,,,,,2,2,2,2,2,1,2,2,,,,,,,1,1,2,1,2,,,2,2,2,,,,2,2,1,2,2,3,2,,5,1,2,2,,,,1,1,,,2,,,,,,2,,,,,,,2,2,,,,,1,1,2,2,1,,1,1,4,1,4,1,,1,0,4,4,4,2,4,1,1,1,1,0
Ghana,GHA,205330884,0.397752841,1,34,1,1,1,1,1,1,1,2,2,2,,,2,2,2,,,,1,1,1,2,1,,,,,,,,,,,,,,,,1,1,2,1,2,,,2,2,2,,,,2,2,2,2,1,2,1,,2,2,1,2,,,,1,2,2,2,1,2,2,,,1,2,,,,,,,2,2,,,,,2,,,,,,1,1,1,1,2,1,,0,1,4,4,4,4,2,4,1,2,1,0
Ghana,GHA,141553297,0.435689361,2,34,2,1,1,1,0,0,0,,,2,,,,,,,,,,,,,,2,2,2,2,2,2,1,2,1,2,2,2,2,1,2,,,,,2,,,2,2,2,,,,2,2,,1,1,2,1,2,5,2,1,2,,,,1,1,,,1,2,2,,,1,2,,,,,,,2,2,,,,,2,,,,,,1,1,1,1,4,1,,1,1,4,4,4,4,2,1,1,2,0,0
Ghana,GHA,113972686,0.358911795,2,24,2,4,2,2,1,1,1,2,2,1,2,,1,1,2,,,,1,2,1,2,1,,,,,,,,,,,,,,,,1,1,2,1,1,2,,1,1,1,3,1,,2,2,2,2,2,2,2,,1,2,3,1,1,,,1,1,,,1,2,1,1,,,2,,,,,,,2,2,,,,,2,,,,,,1,1,1,1,2,1,,1,0,4,4,4,4,1,1,1,1,1,1
Ghana,GHA,124807493,0.411026697,2,26,2,5,1,2,1,1,1,2,2,1,2,,1,1,2,,,,1,1,1,1,1,,,,,,,,,,,,,,,,1,1,2,1,2,,,2,1,2,,,,1,1,2,2,2,2,2,,1,2,1,1,1,,,1,1,,,1,2,2,,,1,1,2,2,2,1,,,2,2,,,,,2,,,,,,3,3,3,3,,1,,1,0,2,4,4,4,2,1,1,1,1,0
Ghana,GHA,125506461,0.466511388,1,36,2,3,1,2,1,0,1,,,2,,,,,,,,,,,,,,,2,2,1,2,2,2,2,2,,,,,,,1,1,2,1,2,,,2,1,2,,,,2,2,1,2,2,2,1,,3,1,4,1,1,,,1,1,,,2,,,,,,2,,,,,,,2,2,,,,,2,,,,,,1,1,2,3,2,1,,1,1,4,4,4,4,4,1,1,2,1,0
Ghana,GHA,184203223,0.51491099,2,44,3,5,1,2,1,1,1,2,1,2,,,1,1,2,,,,1,2,1,2,2,,,,,,,,,,,,,,,,1,1,1,1,2,,,2,1,2,,,,1,1,2,2,2,1,2,,4,3,3,1,1,,,1,1,,,1,2,2,,,1,1,1,1,2,,,2,2,2,,,,,2,,,,,,1,1,2,3,1,1,,1,1,1,4,4,4,2,1,1,1,1,0
Ghana,GHA,194154926,0.833155148,2,32,2,4,1,2,0,0,0,,,2,,,,,,,,,,,,,,1,2,2,2,1,2,2,2,2,2,2,2,2,1,2,,,,,2,,,1,2,2,,,,2,2,,2,2,2,1,,2,1,1,2,,,,2,,,,1,2,1,1,,,2,,,,,,,2,2,,,,,2,,,,,,2,1,2,1,2,1,,0,1,4,4,4,4,1,5,1,2,0,0
Ghana,GHA,171488482,0.607831204,1,21,1,2,2,1,1,0,1,,,2,,,,,,,,,,,,,,,2,2,2,2,2,1,2,2,,,,,,,1,2,2,1,2,,,2,2,2,,,,2,2,2,2,2,2,1,,2,3,1,1,2,1,2,1,1,,,2,,,,,,2,,,,,,,2,2,,,,,1,1,2,2,1,,1,2,2,3,1,2,,0,1,4,4,4,2,4,1,2,2,1,0
Ghana,GHA,176596588,2.675634442,2,50,1,1,1,1,0,0,0,,,2,,,,,,,,,,,,,,2,2,2,2,2,2,1,2,2,,,,,,,,,,,2,,,2,2,2,,,,2,2,2,2,2,2,1,,5,2,1,1,2,1,2,1,1,,,1,2,2,,,1,2,,,,,,,2,2,,,,,1,3,2,2,1,,1,1,3,1,2,1,,0,1,4,4,4,2,2,1,1,2,0,0
Ghana,GHA,207766003,0.560713012,2,23,2,4,1,1,1,0,1,,,2,,,,,,,,,,,,,,,2,2,2,1,2,2,2,2,,,,,,,1,1,2,1,2,,,2,1,2,,,,2,2,1,1,2,2,1,1,3,3,3,1,1,,,1,1,,,2,,,,,,1,2,2,1,,,2,1,2,2,2,2,2,1,1,2,2,1,,3,3,3,4,,1,,1,1,1,3,4,2,4,1,1,2,1,0
Ghana,GHA,160501930,0.621039112,1,49,2,1,1,2,1,1,0,,,1,1,2,1,2,2,,,,2,,2,,1,,,,,,,,,,2,2,2,1,2,2,,,,,2,,,2,2,2,,,,2,2,,2,2,2,2,,8,,,2,,,,2,,,,2,,,,,,2,,,,,,,2,2,,,,,2,,,,,,1,1,1,1,1,1,,0,0,4,4,4,4,4,5,1,2,1,0
Ghana,GHA,164498333,1.018922518,2,39,1,1,1,1,1,0,1,,,2,,,,,,,,,,,,,,,2,2,2,2,2,2,2,2,,,,,,,1,1,2,2,2,,,1,2,2,,,,2,2,1,2,1,2,2,,2,2,2,2,,,,2,,,,2,,,,,,2,,,,,,,2,2,,,,,2,,,,,,1,3,3,2,4,1,,1,1,4,4,4,4,4,5,1,2,1,0
Ghana,GHA,208636397,0.306325514,2,28,2,1,2,2,1,0,1,,,2,,,,,,,,,,,,,,,2,2,2,2,2,1,2,2,,,,,,,1,1,2,1,2,,,2,1,2,,,,2,2,1,2,1,2,1,,2,1,1,2,,,,2,,,,1,2,2,,,1,2,,,,,,,2,2,,,,,2,,,,,,1,1,1,1,4,1,,1,1,4,4,4,4,2,5,1,1,1,0
Ghana,GHA,180538452,1.393143457,1,23,2,3,2,2,1,0,1,,,2,,,,,,,,,,,,,,,2,2,2,2,2,1,1,1,,,,,,,1,1,2,1,2,,,2,1,2,,,,2,2,1,2,2,2,2,,2,2,1,2,,,,1,1,,,2,,,,,,2,,,,,,,2,2,,,,,2,,,,,,3,2,3,2,4,1,,1,0,4,4,4,4,4,1,1,1,1,0
Ghana,GHA,141128621,0.644231273,1,27,2,4,1,2,1,1,1,1,2,2,,,1,2,2,,,,2,,2,,1,,,,,,,,,,,,,,,,1,1,1,1,2,,,2,1,2,,,,2,2,1,1,2,2,1,2,2,2,2,1,1,,,1,1,,,2,,,,,,2,,,,,,,2,2,,,,,2,,,,,,1,1,2,2,2,1,,1,1,4,4,4,4,4,1,1,1,1,0
Ghana,GHA,126363601,0.765319276,1,25,2,2,1,1,1,0,1,,,2,,,,,,,,,,,,,,,2,2,2,1,2,1,2,2,,,,,,,2,1,2,1,2,,,2,2,2,,,,2,2,2,2,2,2,1,,2,2,1,2,,,,1,1,,,2,,,,,,1,2,2,2,1,,,2,2,,,,,2,,,,,,1,1,1,1,1,3,,0,1,2,4,4,4,4,1,1,2,1,0
Ghana,GHA,164433544,0.529903676,2,46,2,5,1,2,1,1,1,2,2,2,,,1,2,2,,,,2,,1,2,2,,,,,,,,,,,,,,,,1,1,2,1,2,,,2,1,2,,,,2,2,1,1,2,2,1,2,2,1,1,1,1,,,1,1,,,1,2,2,,,1,2,,,,,,,2,2,,,,,2,,,,,,1,1,1,1,2,1,,1,1,4,4,4,4,2,1,1,2,1,0
Ghana,GHA,201157388,1.237744304,2,41,2,5,1,2,1,1,1,1,1,1,1,2,1,1,2,,,,1,1,1,2,1,,,,,,,,,,,,,,,,1,1,2,1,1,1,,1,1,1,3,1,,2,1,1,2,2,2,1,,1,3,3,1,1,,,1,1,,,1,2,1,1,,,1,2,1,2,,,1,2,2,,,,,2,,,,,,2,1,2,2,2,1,,1,1,1,4,4,4,1,1,1,1,1,1
Ghana,GHA,122833563,0.938568163,2,50,1,3,2,1,0,0,0,,,2,,,,,,,,,,,,,,2,2,2,2,2,2,2,2,2,2,2,1,1,2,1,,,,,2,,,2,2,2,,,,2,2,,2,2,2,2,,8,,,3,,,,2,,,,2,,,,,,2,,,,,,,2,2,,,,,2,,,,,,1,1,1,1,1,1,,0,0,4,4,4,4,4,6,2,2,0,0
Ghana,GHA,138599365,3.768735686,2,55,1,2,1,2,1,1,0,2,2,2,,,2,2,2,,,,1,2,1,2,1,,,,,,,,,,2,2,2,2,2,2,,,,,2,,,2,1,2,,,,2,1,,2,2,1,1,,1,2,2,1,1,,,2,,,,1,2,2,,,1,2,,,,,,,2,2,,,,,1,3,2,2,1,,2,1,3,1,2,2,,1,1,4,4,4,2,2,1,1,2,1,0
Ghana,GHA,118465227,0.645895647,2,28,1,4,1,1,0,0,0,,,2,,,,,,,,,,,,,,2,2,3,3,2,2,2,2,4,2,3,3,2,2,2,,,,,2,,,2,2,2,,,,2,2,,2,2,2,2,,5,1,1,2,,,,2,,,,2,,,,,,2,,,,,,,2,2,,,,,1,1,2,2,1,,1,1,3,3,2,1,,0,0,4,4,4,2,4,5,1,2,0,0
Ghana,GHA,133447501,1.026374334,1,45,1,1,1,2,0,0,0,,,2,,,,,,,,,,,,,,1,1,1,2,1,2,1,2,1,2,1,2,1,1,2,,,,,2,,,2,2,1,2,1,,1,2,,1,2,2,2,2,2,1,1,1,1,,,1,2,2,2,2,,,,,,2,,,,,,,2,1,2,2,1,,2,,,,,,1,2,1,1,1,2,,1,0,4,4,2,4,4,1,1,2,0,0
Ghana,GHA,151639752,0.306325514,1,26,2,2,1,2,1,0,1,,,2,,,,,,,,,,,,,,,2,2,2,2,2,1,2,2,,,,,,,1,1,2,1,2,,,2,1,2,,,,2,2,1,2,1,2,1,,2,1,1,1,1,,,1,1,,,1,2,2,,,1,2,,,,,,,2,2,,,,,2,,,,,,1,1,1,1,4,1,,1,1,4,4,4,4,2,1,1,1,1,0
Ghana,GHA,200969408,1.150582731,1,46,3,5,1,2,1,1,1,1,1,1,1,1,1,1,2,,,,1,2,1,1,1,,,,,,,,,,,,,,,,1,1,2,1,1,2,,1,1,1,3,1,,1,1,2,2,2,1,2,,1,3,3,1,1,,,1,1,,,1,2,1,2,,,1,1,1,2,,,2,2,2,,,,,2,,,,,,1,1,1,1,4,1,,1,1,1,4,4,4,1,1,1,1,1,1
Ghana,GHA,127103316,0.382659638,1,25,2,4,1,1,1,1,1,1,2,2,,,2,2,2,,,,1,2,1,2,1,,,,,,,,,,,,,,,,1,1,2,1,2,,,2,1,2,,,,2,1,2,1,2,2,1,2,1,2,1,1,1,,,1,1,,,1,2,2,,,1,2,,,,,,,2,2,,,,,2,,,,,,1,1,1,1,2,1,,1,1,4,4,4,4,2,1,1,2,1,0
Ghana,GHA,191220104,0.306325514,2,34,3,5,2,2,1,1,1,2,2,1,2,,2,2,2,,,,2,,2,,2,,,,,,,,,,,,,,,,1,1,1,1,2,,,2,1,2,,,,2,2,2,2,2,2,2,,2,1,1,2,,,,2,,,,1,2,2,,,1,2,,,,,,,2,2,,,,,2,,,,,,1,1,1,1,2,1,,0,1,4,4,4,4,2,5,1,1,1,0
Ghana,GHA,189255044,1.18942522,2,20,2,3,1,1,1,0,1,,,2,,,,,,,,,,,,,,,2,1,2,1,2,2,2,2,,,,,,,1,2,1,1,1,2,,1,1,2,,,,2,2,1,2,2,2,2,,2,1,1,1,1,,,1,1,,,1,2,1,2,,,1,2,2,2,1,,,2,2,,,,,2,,,,,,1,1,1,1,1,1,,1,1,2,4,4,4,1,1,1,1,1,1
Ghana,GHA,183928706,0.644378326,1,26,2,1,2,2,1,1,1,2,2,1,1,2,1,2,2,,,,1,2,2,,1,,,,,,,,,,,,,,,,1,1,1,1,2,,,2,1,1,3,2,,2,2,1,2,2,2,1,,1,2,1,1,1,,,1,1,,,2,,,,,,2,,,,,,,2,2,,,,,2,,,,,,3,3,4,4,,3,,1,1,4,4,4,4,4,1,1,1,1,1
Ghana,GHA,202375372,1.184793088,1,19,2,1,1,1,0,0,0,,,2,,,,,,,,,,,,,,2,2,2,2,1,2,1,2,2,2,1,2,1,2,2,,,,,2,,,2,2,2,,,,2,2,,1,1,2,1,2,7,,,1,2,1,1,1,1,,,1,2,2,,,1,2,,,,,,,2,2,,,,,2,,,,,,1,1,1,1,2,2,,1,1,4,4,4,4,2,1,1,1,0,0
Ghana,GHA,139870051,0.434252864,2,42,2,5,1,1,1,1,1,1,1,1,2,,1,2,2,,,,1,1,1,1,1,,,,,,,,,,,,,,,,1,1,2,1,1,2,,1,2,2,,,,1,1,2,2,2,2,2,,3,2,1,1,1,,,1,1,,,1,2,1,1,,,1,1,1,1,,,2,2,2,,,,,1,1,2,1,,,2,2,3,2,2,1,,1,0,1,4,4,1,1,1,1,1,1,1
Ghana,GHA,139117594,1.103330005,1,24,2,3,1,1,1,0,1,,,2,,,,,,,,,,,,,,,2,2,1,2,2,2,1,2,,,,,,,1,2,2,1,2,,,2,1,2,,,,2,2,2,1,2,2,2,2,2,2,2,1,1,,,1,1,,,2,,,,,,1,2,2,2,1,,,2,2,,,,,2,,,,,,3,2,2,2,2,2,,1,0,2,4,4,4,4,1,1,1,1,0
Ghana,GHA,151824528,0.789862059,1,23,2,3,1,1,0,0,0,,,2,,,,,,,,,,,,,,2,2,1,2,1,1,1,2,1,2,1,2,2,1,2,,,,,2,,,2,2,2,,,,2,2,,1,2,2,2,2,5,1,1,2,,,,1,1,,,2,,,,,,2,,,,,,,2,2,,,,,1,1,2,2,1,,1,1,1,1,1,1,,1,0,4,4,4,2,4,1,1,2,0,0
Ghana,GHA,151707601,1.439635609,2,19,2,3,1,2,1,1,1,1,2,1,1,1,1,1,2,,,,1,1,1,1,1,,,,,,,,,,,,,,,,1,1,2,1,1,2,,1,1,1,3,1,,2,1,1,1,2,2,2,2,1,2,2,1,1,,,1,1,,,1,2,1,2,,,1,2,1,2,,,1,2,2,,,,,2,,,,,,1,1,1,1,4,2,,1,0,1,4,4,4,1,1,1,1,1,1
Ghana,GHA,170572205,0.840365855,2,30,1,4,1,1,0,0,0,,,2,,,,,,,,,,,,,,2,2,2,2,1,2,2,2,2,1,1,1,2,2,1,,,,,2,,,2,2,2,,,,2,2,,2,1,2,1,,2,1,1,1,2,1,2,2,,,,1,2,2,,,1,2,,,,,,,2,2,,,,,1,1,2,2,1,,1,1,1,1,3,1,,1,1,4,4,4,2,2,3,2,2,0,0
Ghana,GHA,187348089,0.479878536,2,23,2,3,1,2,1,1,1,1,1,1,2,,1,1,2,,,,1,2,1,2,1,,,,,,,,,,,,,,,,1,1,2,1,2,,,2,1,1,3,1,,2,1,1,2,2,2,1,,1,2,1,1,1,,,1,1,,,1,2,2,,,1,1,2,1,1,,,2,1,2,2,2,1,,2,,,,,,1,1,1,1,2,1,,1,1,1,2,4,4,2,1,1,1,1,1
Ghana,GHA,203108313,3.383724961,1,18,1,4,1,1,1,1,1,2,1,2,,,2,2,2,,,,2,,1,2,1,,,,,,,,,,,,,,,,1,2,2,2,2,,,2,1,2,,,,2,2,2,1,2,2,2,2,7,,,1,1,,,1,2,1,2,1,2,2,,,1,2,,,,,,,2,2,,,,,1,1,2,2,1,,1,1,1,1,4,1,,1,0,4,4,4,2,2,1,1,2,1,0
Ghana,GHA,170784859,1.261917622,1,22,2,5,2,2,1,0,1,,,2,,,,,,,,,,,,,,,2,2,2,2,2,1,2,2,,,,,,,1,1,2,1,1,1,,2,1,1,2,2,,2,2,1,2,2,2,1,,2,3,2,1,1,,,1,1,,,2,,,,,,2,,,,,,,2,2,,,,,2,,,,,,3,2,3,1,4,1,,1,1,4,4,4,4,4,1,1,2,1,1
Ghana,GHA,177328026,0.325861731,2,33,2,5,1,2,1,1,1,2,2,2,,,2,2,2,,,,2,,2,,1,,,,,,,,,,,,,,,,1,1,2,1,1,2,,2,1,1,1,1,,2,1,1,2,2,2,2,,1,3,3,1,1,,,1,1,,,2,,,,,,2,,,,,,,2,2,,,,,2,,,,,,3,3,3,3,,3,,1,0,4,4,4,4,4,1,1,2,1,1
Ghana,GHA,167734614,0.774891076,1,17,2,1,2,2,0,0,0,,,2,,,,,,,,,,,,,,2,2,2,1,2,2,1,2,2,2,2,1,1,2,1,,,,,2,,,2,2,2,,,,2,2,,2,2,2,2,,2,1,1,2,,,,2,,,,2,,,,,,2,,,,,,,2,2,,,,,2,,,,,,2,1,1,1,4,1,,0,0,4,4,4,4,4,5,1,2,0,0
Ghana,GHA,195681708,0.980262634,1,19,2,1,1,1,0,0,0,,,2,,,,,,,,,,,,,,2,2,2,2,2,2,1,2,2,2,2,2,1,2,1,,,,,2,,,2,2,2,,,,2,2,,2,2,2,2,,5,1,1,2,,,,2,,,,2,,,,,,2,,,,,,,2,2,,,,,2,,,,,,1,1,4,1,4,1,,0,0,4,4,4,4,4,5,2,2,0,0
Ghana,GHA,175855239,0.997591209,1,22,1,5,1,2,1,0,1,,,2,,,,,,,,,,,,,,,2,2,2,2,2,1,2,2,,,,,,,1,1,1,1,2,,,2,2,2,,,,2,1,1,2,2,2,2,,2,2,1,2,,,,1,1,,,2,,,,,,2,,,,,,,2,2,,,,,2,,,,,,1,1,1,1,1,2,,1,1,4,4,4,4,4,1,1,1,1,0
Ghana,GHA,161923640,0.619522457,2,80,3,5,2,2,1,1,0,1,2,1,2,,2,2,2,,,,1,1,1,1,1,,,,,,,,,,,,,,,,,,,,2,,,2,1,2,,,,2,2,2,2,2,2,2,,2,2,3,2,,,,1,1,,,1,2,2,,,1,2,,,,,,,2,1,1,2,,,1,1,2,2,1,,1,2,2,3,3,2,,0,0,4,4,1,2,2,1,1,2,1,0
Ghana,GHA,123339331,1.265915182,2,52,1,1,1,1,0,0,0,,,2,,,,,,,,,,,,,,1,2,2,2,2,2,1,2,1,2,2,1,1,2,1,,,,,2,,,2,2,2,,,,2,2,,2,2,2,2,,7,,,2,,,,2,,,,2,,,,,,2,,,,,,,2,2,,,,,2,,,,,,1,1,1,1,2,1,,0,1,4,4,4,4,4,5,2,2,0,0
Ghana,GHA,140450966,1.121426024,2,24,2,3,1,2,0,0,0,,,2,,,,,,,,,,,,,,2,2,2,2,2,1,1,2,2,2,2,2,1,1,2,,,,,2,,,2,2,2,,,,2,2,,2,2,2,2,,5,2,1,2,,,,2,,,,1,2,2,,,2,1,2,2,2,1,,,2,2,,,,,2,,,,,,3,1,1,3,2,1,,0,0,2,4,4,4,3,5,1,2,0,0
Ghana,GHA,130805016,1.146848532,1,23,2,2,1,1,0,0,0,,,2,,,,,,,,,,,,,,2,2,2,2,2,2,1,2,2,2,2,2,2,2,2,,,,,2,,,2,1,2,,,,2,2,,2,2,2,2,,5,1,1,2,,,,2,,,,2,,,,,,2,,,,,,,2,2,,,,,2,,,,,,1,1,2,1,4,1,,0,0,4,4,4,4,4,5,1,1,0,0
Ghana,GHA,166409095,1.073863246,1,18,2,3,2,1,1,0,1,,,2,,,,,,,,,,,,,,,2,2,2,2,2,1,2,2,,,,,,,1,2,2,1,1,1,,2,2,2,,,,2,2,2,2,2,2,2,,2,1,1,2,,,,1,1,,,2,,,,,,2,,,,,,,2,2,,,,,2,,,,,,3,2,3,2,4,2,,0,0,4,4,4,4,4,1,1,1,1,1
Ghana,GHA,191893580,3.205390679,1,40,1,1,1,1,0,0,0,,,2,,,,,,,,,,,,,,1,1,2,2,2,2,1,2,2,1,2,2,1,2,1,,,,,2,,,2,2,2,,,,2,2,,2,2,2,2,,7,,,2,,,,1,1,,,1,2,2,,,1,2,,,,,,,2,2,,,,,1,1,2,2,1,,1,1,1,1,4,1,,0,0,4,4,4,2,2,1,2,2,0,0
Ghana,GHA,174025189,1.68723121,1,17,2,5,2,2,1,0,1,,,2,,,,,,,,,,,,,,,2,2,2,2,2,1,2,2,,,,,,,1,1,2,1,2,,,2,2,2,,,,2,2,2,2,2,2,2,,2,3,3,2,,,,1,1,,,2,,,,,,2,,,,,,,2,2,,,,,2,,,,,,3,1,3,1,4,1,,1,0,4,4,4,4,4,1,1,1,1,0
Ghana,GHA,115022974,1.564735799,1,29,1,2,1,1,1,0,1,,,2,,,,,,,,,,,,,,,2,2,1,2,2,1,2,2,,,,,,,1,1,2,2,2,,,2,2,2,,,,2,2,1,2,2,2,2,,1,1,4,1,1,,,1,1,,,2,,,,,,1,2,2,2,1,,,2,2,,,,,1,1,2,2,1,,1,1,1,1,4,1,,1,1,2,4,4,2,4,1,1,2,1,0
Ghana,GHA,118237062,1.414333482,1,35,1,2,1,2,1,1,0,2,2,2,,,2,2,2,,,,2,,2,,2,,,,,,,,,,2,2,2,1,1,2,,,,,2,,,2,2,2,,,,2,2,,2,1,2,1,,1,2,1,2,,,,2,,,,1,2,2,,,1,1,2,2,2,1,,,2,2,,,,,2,,,,,,2,1,1,1,1,1,,1,1,2,4,4,4,2,5,1,2,0,0
Ghana,GHA,139823064,0.881454751,1,17,2,5,2,1,0,0,0,,,2,,,,,,,,,,,,,,2,2,2,2,2,2,1,2,2,2,2,2,1,2,1,,,,,2,,,2,2,2,,,,2,2,,2,2,2,2,,7,,,2,,,,2,,,,2,,,,,,2,,,,,,,2,2,,,,,1,1,2,2,1,,5,1,1,1,4,1,,0,0,4,4,4,2,4,5,2,2,0,0
Ghana,GHA,159828153,0.946019932,1,30,2,1,1,2,1,0,1,,,2,,,,,,,,,,,,,,,2,1,2,1,2,1,2,2,,,,,,,1,1,2,2,2,,,2,2,2,,,,2,2,2,2,1,2,1,,3,1,1,1,2,1,2,1,1,,,1,2,2,,,1,2,,,,,,,2,2,,,,,2,,,,,,1,1,1,1,2,1,,0,1,4,4,4,4,2,1,1,1,1,0
Ghana,GHA,125666331,0.998595956,2,28,2,1,1,2,1,0,1,,,2,,,,,,,,,,,,,,,2,2,2,2,2,1,2,2,,,,,,,2,1,2,1,2,,,2,1,2,,,,2,2,1,2,2,2,2,,2,1,1,1,1,,,1,1,,,2,,,,,,2,,,,,,,2,2,,,,,2,,,,,,1,1,1,1,1,1,,1,0,4,4,4,4,4,1,1,1,1,0
Ghana,GHA,199704957,1.887668383,1,40,1,3,1,1,0,0,0,,,2,,,,,,,,,,,,,,2,2,2,2,2,2,1,2,2,2,2,2,1,2,2,,,,,2,,,2,2,2,,,,1,2,,1,1,2,2,2,1,2,1,2,,,,1,1,,,2,,,,,,2,,,,,,,2,2,,,,,1,1,2,2,1,,1,1,3,1,1,1,,1,1,4,4,4,2,4,1,2,2,0,0
Ghana,GHA,171679355,1.121426024,2,24,2,4,1,1,1,0,1,,,2,,,,,,,,,,,,,,,2,2,2,1,2,2,2,2,,,,,,,1,1,2,1,2,,,2,1,2,,,,2,2,1,2,2,2,2,,5,1,4,1,1,,,1,1,,,2,,,,,,2,,,,,,,2,2,,,,,2,,,,,,1,1,1,1,2,1,,1,0,4,4,4,4,4,1,1,1,1,0
Ghana,GHA,165362152,0.332865319,2,25,2,5,1,2,1,1,0,1,2,2,,,2,2,2,,,,2,,2,,1,,,,,,,,,,,,,,,,,,,,3,,,2,1,3,,,,2,2,2,1,2,2,1,2,1,1,1,1,1,,,1,1,,,1,2,2,,,1,2,,,,,,,2,2,,,,,2,,,,,,1,1,1,1,1,1,,1,1,4,4,4,4,2,1,1,1,1,0
Ghana,GHA,146879949,1.589711028,2,47,2,5,1,2,1,1,1,1,1,1,2,,1,1,2,,,,1,1,1,1,1,,,,,,,,,,,,,,,,1,1,2,1,2,,,2,1,2,,,,1,1,1,2,2,2,1,,1,3,3,1,1,,,1,1,,,1,2,2,,,1,1,1,1,2,,,1,1,2,2,1,,,2,,,,,,1,1,1,2,1,1,,1,1,1,1,4,4,2,1,1,1,1,0
Ghana,GHA,200939723,1.336132587,1,20,1,1,1,1,0,0,0,,,2,,,,,,,,,,,,,,1,2,2,2,2,2,1,2,2,2,2,2,1,2,2,,,,,2,,,2,2,2,,,,1,2,,2,2,2,2,,3,1,1,2,,,,2,,,,2,,,,,,2,,,,,,,2,2,,,,,1,1,2,2,1,,1,1,1,1,2,2,,1,0,4,4,4,2,4,5,2,2,0,0
Ghana,GHA,143105740,1.962722086,2,17,1,3,1,2,1,0,1,,,2,,,,,,,,,,,,,,,2,2,2,2,2,2,2,2,,,,,,,1,1,2,2,2,,,2,1,2,,,,1,2,1,2,2,2,1,,2,1,1,1,1,,,1,1,,,2,,,,,,2,,,,,,,2,2,,,,,2,,,,,,1,1,2,2,2,1,,1,1,4,4,4,4,4,1,1,1,1,0
Ghana,GHA,182016027,2.004198881,1,17,1,1,1,1,0,0,0,,,2,,,,,,,,,,,,,,1,2,2,2,2,2,1,2,2,2,2,2,1,2,2,,,,,2,,,2,2,2,,,,1,2,,1,2,2,2,2,5,1,1,2,,,,2,,,,2,,,,,,1,2,2,2,1,,,2,2,,,,,2,,,,,,1,1,4,1,2,1,,1,0,2,4,4,4,4,5,2,2,0,0
Ghana,GHA,139874818,0.315339977,1,32,2,4,1,2,1,1,1,1,2,2,,,1,1,2,,,,1,1,2,,2,,,,,,,,,,,,,,,,2,2,2,2,2,,,2,2,2,,,,2,2,2,2,2,2,2,,3,1,1,2,,,,1,1,,,2,,,,,,2,,,,,,,2,2,,,,,2,,,,,,1,1,1,4,2,1,,0,0,4,4,4,4,4,1,1,2,1,0
Ghana,GHA,134675463,0.855669922,1,48,2,1,1,2,1,0,1,,,2,,,,,,,,,,,,,,,2,2,2,2,2,2,2,2,,,,,,,1,1,2,1,2,,,2,2,2,,,,1,2,1,2,2,2,2,,1,2,1,1,1,,,1,1,,,1,2,1,2,,,2,,,,,,,2,2,,,,,2,,,,,,2,1,1,1,2,1,,1,0,4,4,4,4,1,1,1,1,1,0
Ghana,GHA,119142426,0.555436765,2,25,2,2,1,2,0,0,0,,,2,,,,,,,,,,,,,,1,2,2,2,2,2,1,2,2,,,,,,,,,,,2,,,2,2,2,,,,1,2,1,1,2,2,2,2,1,1,1,1,1,,,1,2,1,1,1,2,2,,,1,2,,,,,,,2,2,,,,,2,,,,,,1,1,2,1,2,1,,1,0,4,4,4,4,2,1,1,2,0,0
Ghana,GHA,182429876,0.813226753,1,27,1,1,1,1,0,0,0,,,2,,,,,,,,,,,,,,2,1,2,1,2,2,2,2,2,1,2,2,2,2,2,,,,,2,,,2,2,2,,,,2,2,,2,2,2,1,,2,1,1,1,2,1,2,1,2,1,2,2,,,,,,1,2,2,2,1,,,2,2,,,,,2,,,,,,1,1,1,1,2,1,,0,1,2,4,4,4,4,3,1,2,0,0
Ghana,GHA,123146174,2.764160309,2,52,1,3,1,1,1,0,1,,,2,,,,,,,,,,,,,,,1,2,2,3,4,1,2,2,,,,,,,1,1,2,2,2,,,2,2,3,,,,2,2,3,2,2,2,1,,2,1,1,1,1,,,1,2,1,1,2,,,,,,2,,,,,,,2,2,,,,,1,1,2,2,1,,1,1,2,3,2,1,,0,1,4,4,4,2,4,1,1,2,1,0
Ghana,GHA,112731601,0.325863541,2,29,2,5,1,2,1,1,0,,,2,,,,,,,,,,,,,,,2,2,1,2,2,1,2,2,2,2,2,2,2,2,,,,,2,,,2,2,2,,,,1,2,,2,2,2,2,,7,,,2,,,,2,,,,1,1,2,1,,,2,,,,,,,2,2,,,,,2,,,,,,3,1,2,1,4,1,,1,0,4,4,4,4,1,5,1,1,1,0
Ghana,GHA,152868684,0.306325514,2,31,3,5,1,2,1,1,1,1,2,1,2,,1,1,2,,,,1,2,1,1,1,,,,,,,,,,,,,,,,1,1,1,1,1,1,,2,1,1,3,1,,1,1,1,2,1,2,1,,1,3,1,1,1,,,1,1,,,1,2,2,,,1,1,1,1,2,,,2,2,2,,,,,2,,,,,,2,1,2,2,2,1,,1,1,1,4,4,4,2,1,1,1,1,1
Ghana,GHA,114111202,2.082664121,1,41,1,1,1,1,0,0,0,,,2,,,,,,,,,,,,,,2,1,3,1,1,2,1,2,3,2,2,2,1,1,1,,,,,2,,,2,2,2,,,,2,2,,2,1,2,1,,2,1,1,2,,,,2,,,,2,,,,,,2,,,,,,,2,2,,,,,1,1,2,2,1,,1,1,2,3,2,1,,0,1,4,4,4,2,4,5,2,2,0,0
Ghana,GHA,190798475,0.928762304,1,19,2,5,2,2,1,0,1,,,2,,,,,,,,,,,,,,,2,2,1,2,2,1,2,2,,,,,,,1,1,2,1,2,,,2,1,2,,,,2,2,1,2,2,2,1,,2,1,1,1,2,1,2,1,1,,,2,,,,,,2,,,,,,,2,2,,,,,2,,,,,,3,2,3,1,4,1,,1,1,4,4,4,4,4,1,1,1,1,0
Ghana,GHA,171124636,0.408110716,2,19,2,4,1,1,1,0,1,,,2,,,,,,,,,,,,,,,1,2,2,1,2,1,2,2,,,,,,,1,1,2,1,1,1,,2,1,2,,,,1,2,1,2,1,2,1,,5,2,1,1,1,,,1,1,,,2,,,,,,2,,,,,,,2,2,,,,,1,1,2,1,,,1,1,1,1,2,1,,1,1,4,4,4,1,4,1,1,2,1,1
Ghana,GHA,115659610,1.180678385,2,75,2,4,2,1,1,0,1,,,2,,,,,,,,,,,,,,,2,2,2,2,2,1,2,1,,,,,,,1,2,2,1,2,,,2,2,2,,,,2,2,2,2,2,2,2,,2,3,3,2,,,,1,1,,,2,,,,,,2,,,,,,,2,2,,,,,2,,,,,,3,3,2,4,,3,,0,0,4,4,4,4,4,1,2,2,1,0
Ghana,GHA,167281735,0.403132033,2,27,2,5,1,2,1,1,1,2,2,1,1,2,1,1,2,,,,1,1,1,1,1,,,,,,,,,,,,,,,,1,1,2,1,2,,,2,1,2,,,,2,1,1,1,2,2,2,2,1,3,2,1,1,,,1,1,,,1,2,2,,,1,2,,,,,,,2,2,,,,,2,,,,,,3,1,1,3,2,1,,1,0,4,4,4,4,2,1,1,1,1,0
Ghana,GHA,128154032,0.403132033,2,27,2,5,1,2,1,0,1,,,2,,,,,,,,,,,,,,,2,2,2,2,2,2,2,2,,,,,,,1,1,2,1,2,,,2,1,2,,,,2,2,1,2,2,2,2,,2,1,2,1,1,,,1,1,,,1,2,1,1,,,2,,,,,,,2,2,,,,,2,,,,,,1,1,1,1,2,1,,1,1,4,4,4,4,1,1,1,1,1,0
Ghana,GHA,196220958,0.790859603,2,26,1,5,1,2,1,0,1,,,2,,,,,,,,,,,,,,,2,1,1,2,2,1,2,2,,,,,,,1,1,2,1,2,,,2,1,2,,,,2,2,2,2,2,2,2,,2,1,4,1,1,,,1,1,,,1,2,2,,,1,2,,,,,,,2,2,,,,,1,1,2,2,1,,1,1,1,1,3,2,,0,0,4,4,4,2,2,1,1,2,1,0
Ghana,GHA,179677549,0.831441773,2,21,2,1,1,1,1,1,1,1,2,2,,,1,1,2,,,,1,1,2,,1,,,,,,,,,,,,,,,,1,1,1,1,1,2,,1,1,1,1,2,,2,2,2,1,1,1,2,2,2,3,2,1,1,,,1,1,,,2,,,,,,1,2,2,1,,,2,1,2,2,1,,,2,,,,,,2,2,2,2,3,2,,1,1,1,1,4,4,4,1,1,1,1,1
Ghana,GHA,174770020,0.403132033,2,32,2,5,1,2,1,1,1,2,2,1,2,,1,1,2,,,,1,1,1,2,1,,,,,,,,,,,,,,,,1,2,2,1,2,,,2,1,2,,,,1,1,2,2,2,2,2,,1,2,2,1,1,,,1,1,,,1,2,2,,,1,2,,,,,,,2,2,,,,,2,,,,,,1,1,1,4,2,1,,1,0,4,4,4,4,2,1,1,1,1,0
Ghana,GHA,141965531,0.833155148,2,25,2,1,2,2,0,0,0,,,2,,,,,,,,,,,,,,2,2,2,2,2,2,1,2,2,2,1,2,1,2,1,,,,,2,,,2,2,2,,,,2,2,,2,2,2,2,,2,1,1,2,,,,2,,,,2,,,,,,2,,,,,,,2,2,,,,,1,2,2,2,1,,1,1,1,1,1,1,,0,0,4,4,4,2,4,5,1,2,0,0
Ghana,GHA,148354065,0.925736402,2,40,3,5,1,2,1,1,1,1,1,1,2,,1,1,2,,,,1,2,1,1,1,,,,,,,,,,,,,,,,1,1,2,1,1,2,,1,1,1,3,2,,1,2,1,2,2,1,2,,1,3,3,1,1,,,1,1,,,1,2,1,2,,,1,1,1,2,,,2,2,2,,,,,2,,,,,,2,2,2,3,3,2,,1,1,1,4,4,4,1,1,1,1,1,1
Ghana,GHA,163134872,1.409353067,2,15,2,1,2,2,0,0,0,,,2,,,,,,,,,,,,,,1,2,2,1,2,2,1,2,1,2,2,1,1,2,2,,,,,2,,,2,2,2,,,,2,2,,1,2,2,1,1,7,,,2,,,,2,,,,2,,,,,,2,,,,,,,2,2,,,,,2,,,,,,1,2,3,1,4,2,,1,1,4,4,4,4,4,5,1,2,0,0
Ghana,GHA,162611069,2.043189471,1,40,1,5,1,1,1,0,1,,,2,,,,,,,,,,,,,,,2,2,1,2,2,2,2,2,,,,,,,1,1,2,1,2,,,2,2,2,,,,1,2,1,2,2,2,2,,1,2,2,1,2,1,1,1,2,2,1,2,,,,,,2,,,,,,,2,2,,,,,2,,,,,,2,1,2,2,4,1,,1,0,4,4,4,4,4,2,1,2,1,0
Ghana,GHA,194316174,0.390113131,1,30,2,5,1,2,1,1,1,2,2,1,2,,1,1,2,,,,1,1,1,1,1,,,,,,,,,,,,,,,,1,1,2,1,2,,,2,1,2,,,,2,2,1,2,2,2,2,,1,3,3,1,1,,,2,,,,2,,,,,,2,,,,,,,2,2,,,,,2,,,,,,3,3,3,3,,1,,1,0,4,4,4,4,4,1,1,1,1,0
Ghana,GHA,165355826,0.399257369,1,37,2,4,1,2,1,1,1,2,2,1,2,,1,2,2,,,,1,1,1,1,1,,,,,,,,,,,,,,,,1,1,1,1,1,2,,2,1,2,,,,2,1,1,1,2,1,1,2,1,3,1,1,1,,,1,1,,,1,2,2,,,1,2,,,,,,,1,2,2,2,1,,2,,,,,,1,1,1,1,2,1,,1,1,4,2,4,4,2,1,1,1,1,1
Ghana,GHA,137897930,0.998595956,2,28,2,3,1,2,1,1,1,2,2,2,,,1,2,2,,,,1,2,1,2,1,,,,,,,,,,,,,,,,1,1,2,1,1,2,,1,1,1,3,1,,2,1,1,1,2,2,2,2,1,3,3,1,1,,,2,,,,1,2,1,2,,,2,,,,,,,2,2,,,,,1,1,1,1,,,1,1,1,1,4,2,,1,0,4,4,4,1,1,1,1,1,1,1
Ghana,GHA,167635368,0.91811577,2,,2,4,1,1,1,1,1,1,2,2,,,1,1,2,,,,2,,1,2,1,,,,,,,,,,,,,,,,1,1,1,1,2,,,2,1,2,,,,2,1,1,1,2,2,1,1,1,2,1,1,1,,,1,1,,,1,2,1,1,,,1,2,1,1,,,1,2,2,,,,,1,1,2,2,1,,1,1,1,1,1,1,,1,1,1,4,4,2,1,1,1,1,1,0
Ghana,GHA,135138602,0.562410403,1,22,2,1,2,2,0,0,0,,,2,,,,,,,,,,,,,,1,2,2,2,2,2,1,2,1,2,2,2,1,2,2,,,,,2,,,2,2,2,,,,2,2,,2,2,2,1,,3,2,1,2,,,,2,,,,2,,,,,,2,,,,,,,2,2,,,,,2,,,,,,1,1,1,1,1,1,,0,1,4,4,4,4,4,5,1,1,0,0
Ghana,GHA,204334391,0.306325514,1,29,3,5,1,1,1,1,1,1,1,1,2,,2,2,2,,,,1,2,1,2,1,,,,,,,,,,,,,,,,2,1,1,1,2,,,2,1,2,,,,2,1,2,1,2,2,1,2,3,3,3,1,1,,,1,1,,,1,2,2,,,1,1,1,1,2,,,1,1,2,1,2,,,2,,,,,,1,1,1,1,2,1,,1,1,1,1,4,4,2,1,2,1,1,0
Ghana,GHA,209185167,0.707166741,1,40,1,1,1,1,0,0,0,,,2,,,,,,,,,,,,,,2,2,2,2,2,2,2,2,2,2,2,2,2,2,2,,,,,2,,,2,2,2,,,,2,2,,2,2,2,2,,8,,,2,,,,2,,,,2,,,,,,2,,,,,,,2,2,,,,,2,,,,,,2,3,4,4,,3,,0,0,4,4,4,4,4,5,2,2,0,0
Ghana,GHA,204549122,0.959757073,2,22,1,2,1,2,1,0,1,,,2,,,,,,,,,,,,,,,2,2,2,1,2,1,2,1,,,,,,,1,1,2,1,2,,,2,1,1,2,1,,2,2,1,2,2,2,1,,2,1,1,1,1,,,1,1,,,2,,,,,,1,2,2,2,1,,,2,2,,,,,2,,,,,,1,1,1,1,1,1,,1,1,2,4,4,4,4,1,1,1,1,0
Ghana,GHA,168429218,1.439635609,2,18,2,5,2,2,0,0,0,,,2,,,,,,,,,,,,,,1,2,2,2,2,2,2,2,2,,,,,,,,,,,1,1,,2,1,2,,,,2,2,2,2,2,2,2,,2,3,2,2,,,,2,,,,2,,,,,,2,,,,,,,2,2,,,,,2,,,,,,2,3,3,3,,1,,0,0,4,4,4,4,4,5,1,1,0,0
Ghana,GHA,180039028,1.162358463,2,22,2,3,2,2,1,0,1,,,2,,,,,,,,,,,,,,,2,2,2,2,2,1,2,2,,,,,,,2,1,2,1,1,2,,2,1,2,,,,2,2,2,2,2,2,2,,2,2,1,1,1,,,1,1,,,2,,,,,,2,,,,,,,2,2,,,,,2,,,,,,2,1,3,1,4,2,,0,0,4,4,4,4,4,1,1,1,1,1
Ghana,GHA,202337622,0.959976148,2,16,2,4,2,2,1,0,1,,,2,,,,,,,,,,,,,,,2,2,1,2,2,1,2,2,,,,,,,1,1,2,1,2,,,2,1,2,,,,2,2,1,2,2,2,2,,7,,,1,1,,,1,1,,,2,,,,,,2,,,,,,,2,2,,,,,2,,,,,,3,1,3,1,2,1,,1,0,4,4,4,4,4,1,1,1,1,0
Ghana,GHA,145960955,0.350349545,2,27,2,4,1,1,1,1,1,1,2,1,2,,2,2,2,,,,2,,2,,2,,,,,,,,,,,,,,,,1,1,1,1,2,,,2,1,2,,,,2,2,1,1,2,2,2,2,4,2,1,1,1,,,1,1,,,2,,,,,,2,,,,,,,2,2,,,,,1,1,2,2,1,,2,2,2,3,2,1,,1,1,4,4,4,2,4,1,1,1,1,0
Ghana,GHA,116547608,0.913661288,2,38,2,4,1,2,1,1,1,2,2,2,,,1,2,2,,,,2,,1,1,2,,,,,,,,,,,,,,,,1,1,1,1,2,,,2,1,2,,,,2,2,2,2,2,2,2,,2,2,2,1,1,,,1,1,,,1,2,2,,,1,2,,,,,,,2,2,,,,,2,,,,,,1,1,1,1,4,1,,0,1,4,4,4,4,2,1,1,1,1,0
Ghana,GHA,177511358,1.372293371,1,45,1,3,1,2,1,1,0,2,2,2,,,2,2,2,,,,2,,2,,2,,,,,,,,,,2,2,2,2,1,2,,,,,2,,,2,1,2,,,,2,2,,1,2,2,2,2,3,1,1,1,1,,,1,1,,,1,2,2,,,1,2,,,,,,,2,2,,,,,2,,,,,,1,1,1,1,3,1,,1,1,4,4,4,4,2,1,1,2,1,0
Ghana,GHA,167140390,0.692381105,1,25,1,1,1,2,1,0,1,,,2,,,,,,,,,,,,,,,2,2,2,1,2,1,2,2,,,,,,,2,2,2,1,2,,,2,1,2,,,,2,2,2,2,2,2,2,,7,,,2,,,,2,,,,1,2,2,,,1,2,,,,,,,2,2,,,,,2,,,,,,1,1,1,1,1,1,,0,0,4,4,4,4,2,5,1,2,1,0
Ghana,GHA,128137575,1.743537694,2,17,2,5,2,2,0,0,0,,,2,,,,,,,,,,,,,,1,2,2,1,2,2,2,2,2,2,2,1,2,2,2,,,,,2,,,2,2,2,,,,2,2,,2,2,2,2,,2,3,3,2,,,,1,2,1,2,2,,,,,,2,,,,,,,2,2,,,,,2,,,,,,3,2,3,1,4,1,,1,1,4,4,4,4,4,3,1,1,0,0
Ghana,GHA,123804081,0.390859044,1,35,2,5,1,2,1,1,0,2,2,2,,,1,2,2,,,,1,1,2,,1,,,,,,,,,,,,,,,,,,,,2,,,2,2,2,,,,1,1,1,2,2,2,2,,1,3,3,1,1,,,1,1,,,1,2,2,,,1,2,,,,,,,2,2,,,,,2,,,,,,3,2,3,2,2,2,,1,0,4,4,4,4,2,1,1,1,1,0
Ghana,GHA,200512071,0.953807245,1,38,1,2,1,2,0,0,0,,,2,,,,,,,,,,,,,,2,2,2,2,2,2,2,1,1,2,2,2,2,1,1,,,,,2,,,2,2,2,,,,2,2,,2,2,2,1,,6,1,1,2,,,,2,,,,1,2,2,,,1,2,,,,,,,2,1,2,2,2,2,2,,,,,,1,1,1,1,2,1,,1,1,4,4,3,4,2,5,2,2,0,0
Ghana,GHA,170098342,1.258501847,1,40,2,2,1,2,1,0,1,,,2,,,,,,,,,,,,,,,2,2,2,2,2,2,2,2,,,,,,,1,2,2,1,2,,,2,1,2,,,,2,2,2,2,2,2,2,,2,1,1,1,1,,,1,1,,,1,2,2,,,1,1,2,2,2,1,,,2,2,,,,,1,1,2,2,1,,1,1,2,1,4,1,,0,0,2,4,4,2,2,1,1,2,1,0
Ghana,GHA,131965506,1.157560193,2,32,1,3,1,1,1,0,1,,,2,,,,,,,,,,,,,,,2,2,1,2,2,2,2,2,,,,,,,1,1,2,1,2,,,2,2,2,,,,2,2,1,2,2,2,2,,5,2,2,1,2,1,1,1,2,2,1,2,,,,,,2,,,,,,,2,2,,,,,2,,,,,,1,1,1,1,2,1,,1,0,4,4,4,4,4,2,2,2,1,0
Ghana,GHA,159619488,1.450617647,1,38,2,5,1,2,1,1,1,2,2,1,2,,2,2,2,,,,1,1,1,2,1,,,,,,,,,,,,,,,,1,1,2,1,2,,,2,1,2,,,,1,1,1,1,2,2,2,2,1,3,3,1,1,,,1,1,,,1,2,2,,,1,2,,,,,,,2,2,,,,,2,,,,,,1,1,1,1,2,1,,1,1,4,4,4,4,2,1,1,1,1,0
Ghana,GHA,131421110,0.483539216,1,39,2,4,1,2,0,0,0,,,2,,,,,,,,,,,,,,1,2,2,2,2,2,2,2,2,2,2,2,2,2,2,,,,,3,,,2,2,2,,,,2,2,,2,2,1,2,,7,,,2,,,,1,1,,,1,2,2,,,1,2,,,,,,,2,2,,,,,2,,,,,,2,2,3,2,4,1,,0,1,4,4,4,4,2,1,1,2,0,0
Ghana,GHA,167417448,1.68723121,1,15,2,4,2,2,0,0,0,,,2,,,,,,,,,,,,,,1,2,2,2,2,2,2,2,2,2,2,1,2,2,1,,,,,2,,,2,2,2,,,,2,2,,2,2,2,2,,2,3,2,2,,,,1,2,1,2,2,,,,,,2,,,,,,,2,2,,,,,2,,,,,,4,4,4,1,,1,,1,0,4,4,4,4,4,3,2,1,0,0
Ghana,GHA,188907132,1.162336614,1,24,2,1,1,1,0,0,0,,,2,,,,,,,,,,,,,,1,1,1,1,2,2,2,2,2,2,2,1,2,2,1,,,,,2,,,3,2,2,,,,1,2,,2,2,2,2,,3,2,3,2,,,,2,,,,2,,,,,,2,,,,,,,2,2,,,,,2,,,,,,1,2,2,2,4,1,,1,0,4,4,4,4,4,5,1,2,0,0
Ghana,GHA,150083545,0.338646694,1,27,2,1,2,2,1,0,1,,,2,,,,,,,,,,,,,,,2,2,2,2,2,2,2,2,,,,,,,1,1,2,1,1,1,,2,1,2,,,,2,2,1,2,2,2,1,,2,1,1,1,1,,,1,1,,,2,,,,,,2,,,,,,,2,2,,,,,2,,,,,,1,1,1,1,1,1,,1,1,4,4,4,4,4,1,1,1,1,1
Ghana,GHA,181404366,0.824224797,2,31,1,5,1,2,0,0,0,,,2,,,,,,,,,,,,,,1,2,2,1,2,2,2,1,2,2,1,1,2,2,2,,,,,2,,,2,2,2,,,,1,2,,2,2,2,1,,1,2,2,1,2,1,2,1,2,1,2,1,2,2,,,1,1,2,2,2,1,,,2,2,,,,,2,,,,,,1,1,1,1,2,1,,1,1,2,4,4,4,2,3,1,2,0,0
Ghana,GHA,182770240,0.780226261,1,26,2,5,1,2,1,1,0,2,2,2,,,1,1,2,,,,1,1,1,1,1,,,,,,,,,,,,,,,,,,,,2,,,2,1,2,,,,1,1,1,2,2,2,2,,3,3,2,1,1,,,1,1,,,2,,,,,,1,2,2,2,1,,,2,2,,,,,2,,,,,,3,3,3,3,,3,,1,0,2,4,4,4,4,1,1,1,1,0
Ghana,GHA,150598527,0.671194824,1,52,1,3,1,1,1,0,1,,,2,,,,,,,,,,,,,,,2,1,2,2,2,1,1,1,,,,,,,2,2,2,2,2,,,2,2,2,,,,2,2,2,1,2,2,1,2,2,1,1,2,,,,1,1,,,1,2,1,1,,,2,,,,,,,2,2,,,,,1,1,2,2,1,,1,1,1,1,4,1,,1,1,4,4,4,2,1,1,1,2,1,0
Ghana,GHA,192791132,1.247162659,2,24,2,4,1,1,1,0,1,,,2,,,,,,,,,,,,,,,1,2,2,2,2,1,2,1,,,,,,,1,1,2,1,2,,,2,1,2,,,,2,2,2,2,2,1,1,,6,1,1,2,,,,2,,,,2,,,,,,2,,,,,,,2,2,,,,,2,,,,,,1,1,1,3,3,1,,0,1,4,4,4,4,4,5,1,1,1,0
Ghana,GHA,168385045,1.028371725,1,17,2,3,1,2,1,1,1,2,2,2,,,2,2,2,,,,2,,2,,2,,,,,,,,,,,,,,,,1,1,2,1,2,,,2,2,2,,,,2,2,2,1,2,2,2,2,4,1,1,2,,,,2,,,,1,2,2,,,1,1,2,2,2,1,,,2,2,,,,,2,,,,,,1,1,1,1,1,1,,1,0,2,4,4,4,2,5,1,2,1,0
Ghana,GHA,203392246,0.665730638,2,28,2,3,1,2,1,1,1,1,2,2,,,1,1,2,,,,1,2,1,2,1,,,,,,,,,,,,,,,,1,1,2,1,1,2,,2,1,2,,,,2,2,1,2,1,1,1,,2,3,1,1,1,,,1,1,,,2,,,,,,2,,,,,,,2,2,,,,,2,,,,,,2,2,2,1,4,1,,1,1,4,4,4,4,4,1,1,1,1,1
Ghana,GHA,209667146,1.041962873,1,21,2,5,1,2,1,1,1,1,1,1,2,,2,1,2,,,,1,1,1,2,1,,,,,,,,,,,,,,,,1,2,1,1,1,2,,1,1,1,3,1,,2,1,1,2,1,2,1,,1,2,2,1,1,,,1,1,,,1,2,1,2,,,1,2,1,1,,,1,2,2,,,,,2,,,,,,1,1,1,1,2,2,,1,1,1,4,4,4,1,1,1,1,1,1
Ghana,GHA,141903217,0.644231273,1,25,2,4,1,2,1,1,1,1,2,1,2,,1,1,2,,,,1,1,1,1,1,,,,,,,,,,,,,,,,1,1,1,1,2,,,1,1,2,,,,2,2,1,2,2,2,2,,2,2,1,1,2,1,1,1,1,,,1,2,1,2,,,1,2,1,1,,,2,2,2,,,,,2,,,,,,2,1,1,2,2,1,,1,1,1,4,4,4,1,1,1,1,1,0
Ghana,GHA,161072746,0.549472869,1,30,1,1,1,2,1,1,0,1,1,2,,,2,2,2,,,,2,,2,,2,,,,,,,,,,,,,,,,,,,,2,,,2,2,2,,,,2,2,1,2,2,2,1,,1,1,1,1,1,,,1,2,2,1,1,2,2,,,1,2,,,,,,,2,2,,,,,2,,,,,,1,1,1,1,2,1,,1,1,4,4,4,4,2,1,1,1,1,0
Ghana,GHA,206160460,1.120177494,1,29,1,1,1,1,1,0,1,,,2,,,,,,,,,,,,,,,1,2,2,2,2,1,2,2,,,,,,,2,2,2,2,1,1,,2,1,2,,,,2,2,2,2,1,2,1,,2,1,1,1,1,,,1,1,,,2,,,,,,2,,,,,,,2,2,,,,,1,1,2,2,1,,1,1,1,1,4,2,,1,1,4,4,4,2,4,1,1,2,1,1
Ghana,GHA,131281246,1.627815383,1,21,1,1,2,2,1,0,1,,,2,,,,,,,,,,,,,,,2,2,1,2,2,1,2,2,,,,,,,1,1,2,1,2,,,2,1,2,,,,2,2,2,2,1,2,1,,7,,,2,,,,1,1,,,2,,,,,,2,,,,,,,2,2,,,,,2,,,,,,1,2,1,3,3,3,,0,1,4,4,4,4,4,1,1,2,1,0
Ghana,GHA,172359017,2.136927119,1,38,1,1,1,1,1,1,0,,,2,,,,,,,,,,,,,,,2,2,2,1,2,1,2,2,2,2,2,1,2,1,,,,,2,,,2,2,2,,,,2,2,,2,2,2,2,,7,,,2,,,,1,1,,,2,,,,,,2,,,,,,,2,2,,,,,1,1,1,2,,,1,1,1,1,4,1,,0,0,4,4,4,1,4,1,1,2,1,0
Ghana,GHA,203380809,0.98862154,1,40,1,5,1,2,0,0,0,,,2,,,,,,,,,,,,,,1,2,2,2,1,2,2,2,2,2,2,2,2,2,2,,,,,2,,,2,2,2,,,,2,2,,1,2,2,2,2,7,,,2,,,,2,,,,2,,,,,,2,,,,,,,2,2,,,,,2,,,,,,2,1,2,2,4,1,,1,0,4,4,4,4,4,5,1,2,0,0
Ghana,GHA,184932511,0.566167866,2,26,2,3,2,1,0,0,0,,,2,,,,,,,,,,,,,,1,1,1,2,2,1,2,1,1,1,1,2,1,2,2,,,,,2,,,2,2,2,,,,2,2,,2,2,2,2,,5,2,1,2,,,,2,,,,2,,,,,,2,,,,,,,2,2,,,,,1,1,2,2,1,,1,1,1,1,1,3,,0,0,4,4,4,2,4,5,2,2,0,0
Ghana,GHA,128035110,0.43467683,2,23,2,5,2,2,1,1,1,2,2,1,2,,2,1,2,,,,1,2,1,2,1,,,,,,,,,,,,,,,,1,1,1,1,2,,,2,1,1,3,1,,2,1,2,2,2,2,2,,2,1,1,2,,,,1,1,,,2,,,,,,2,,,,,,,2,2,,,,,2,,,,,,1,1,1,1,4,1,,1,1,4,4,4,4,4,1,1,1,1,1
Ghana,GHA,136110304,0.390113131,1,25,2,5,1,2,1,1,1,2,2,2,,,1,1,2,,,,1,1,1,1,1,,,,,,,,,,,,,,,,1,1,2,1,2,,,2,1,2,,,,2,2,1,2,2,2,2,,8,,,1,1,,,1,1,,,1,2,2,,,1,1,2,2,2,1,,,2,2,,,,,2,,,,,,3,3,3,3,,2,,1,0,2,4,4,4,2,1,1,1,1,0
Ghana,GHA,136892470,0.403132033,2,25,2,5,1,2,1,1,1,2,2,1,2,,1,1,2,,,,1,1,1,1,1,,,,,,,,,,,,,,,,1,1,2,1,2,,,2,1,2,,,,1,2,1,2,2,2,2,,1,3,3,1,1,,,1,1,,,1,2,2,,,1,2,,,,,,,2,2,,,,,2,,,,,,3,3,3,3,,1,,1,0,4,4,4,4,2,1,1,1,1,0
Ghana,GHA,188580348,1.716391428,1,41,1,1,2,2,1,0,1,,,2,,,,,,,,,,,,,,,2,2,2,2,2,1,2,2,,,,,,,1,1,2,2,2,,,2,1,2,,,,2,2,2,2,2,2,2,,7,,,1,1,,,1,1,,,2,,,,,,2,,,,,,,2,2,,,,,1,1,2,2,1,,3,3,3,3,,1,,1,0,4,4,4,2,4,1,1,2,1,0
Ghana,GHA,117545174,1.261917622,1,24,3,5,1,2,1,1,1,1,2,1,2,,1,1,2,,,,1,2,1,2,1,,,,,,,,,,,,,,,,1,1,1,1,2,,,2,1,1,2,1,,2,1,1,2,2,2,1,,3,3,2,1,1,,,1,1,,,2,,,,,,1,1,1,2,,,2,1,2,1,2,,,2,,,,,,1,1,1,1,2,1,,1,1,1,1,4,4,4,1,1,1,1,0
Ghana,GHA,140507738,0.628115821,2,24,2,3,1,1,1,0,1,,,2,,,,,,,,,,,,,,,1,2,1,2,2,1,2,2,,,,,,,1,1,2,1,2,,,2,1,1,1,2,,1,2,1,2,2,2,2,,1,3,1,1,1,,,1,1,,,1,2,2,,,1,1,2,2,1,,,2,2,2,,,,,1,1,2,2,1,,1,2,2,1,4,1,,1,0,1,4,4,2,2,1,1,1,1,1
Ghana,GHA,208019735,0.792950147,2,15,2,1,1,1,1,0,1,,,2,,,,,,,,,,,,,,,2,2,2,2,2,1,1,2,,,,,,,1,1,2,1,2,,,2,2,2,,,,2,2,1,2,2,2,2,,2,1,1,2,,,,1,1,,,1,2,2,,,1,2,,,,,,,2,2,,,,,1,1,2,1,,,1,1,3,1,4,1,,1,0,4,4,4,1,2,1,1,2,1,0
Ghana,GHA,208059333,0.306325514,2,24,2,5,1,1,1,1,1,1,1,1,2,,1,1,2,,,,2,,2,,1,,,,,,,,,,,,,,,,1,1,2,1,2,,,2,1,2,,,,1,2,1,2,2,2,1,,5,2,2,1,1,,,1,1,,,2,,,,,,2,,,,,,,1,2,1,2,,,2,,,,,,1,1,2,1,4,1,,1,1,4,1,4,4,4,1,1,1,1,0
Ghana,GHA,166276904,0.665730638,2,33,2,4,1,2,1,1,1,1,2,1,1,2,1,1,2,,,,1,1,1,1,1,,,,,,,,,,,,,,,,1,1,2,1,1,1,,1,1,1,2,1,,2,1,1,1,2,2,1,2,1,2,2,1,1,,,1,1,,,1,2,1,1,,,1,2,1,2,,,2,2,2,,,,,2,,,,,,1,1,2,2,2,2,,1,1,1,4,4,4,1,1,1,1,1,1
Ghana,GHA,131810761,0.372439904,1,30,2,5,1,2,1,1,1,,,2,,,,,,,,,,,,,,,2,2,2,2,2,2,2,1,,,,,,,1,2,1,2,2,,,2,1,2,,,,2,2,2,2,2,2,1,,1,2,1,1,1,,,2,,,,1,2,2,,,1,1,2,2,2,1,,,2,2,,,,,1,1,1,2,,,1,1,1,1,2,2,,1,1,2,4,4,1,2,1,1,1,1,0
Ghana,GHA,151868797,0.721116431,2,42,2,4,1,2,1,0,1,,,2,,,,,,,,,,,,,,,2,2,1,2,2,2,2,1,,,,,,,1,1,1,1,2,,,2,1,1,1,2,,2,2,1,1,2,2,2,2,5,2,1,1,1,,,1,1,,,2,,,,,,2,,,,,,,2,2,,,,,2,,,,,,2,1,2,1,2,1,,1,1,4,4,4,4,4,1,1,1,1,1
Ghana,GHA,140270938,0.523160096,2,32,3,5,1,2,1,1,1,1,1,1,2,,1,2,2,,,,1,2,1,1,1,,,,,,,,,,,,,,,,1,2,1,1,2,,,2,1,2,,,,1,1,2,2,2,1,2,,1,3,3,1,1,,,2,,,,1,2,2,,,1,1,1,1,2,,,2,2,2,,,,,2,,,,,,2,1,2,1,2,2,,1,1,1,4,4,4,2,1,1,1,1,0
Ghana,GHA,185725468,0.448117034,1,15,1,1,1,2,1,1,0,2,2,1,2,,1,1,2,,,,1,2,2,,2,,,,,,,,,,2,2,2,1,2,2,,,,,2,,,2,2,2,,,,2,1,,2,1,2,1,,2,1,1,1,2,2,2,2,,,,1,2,2,,,1,2,,,,,,,2,2,,,,,2,,,,,,1,1,1,1,4,1,,1,1,4,4,4,4,2,4,2,2,1,0
Ghana,GHA,163093975,0.872680993,2,26,2,1,1,2,1,1,1,2,2,1,1,2,1,1,2,,,,1,2,1,1,1,,,,,,,,,,,,,,,,1,2,1,1,2,,,2,1,1,3,2,,2,2,2,2,1,2,1,,2,3,3,1,1,,,1,1,,,1,1,1,2,,,2,,,,,,,2,2,,,,,2,,,,,,1,1,1,1,1,1,,0,1,4,4,4,4,1,1,1,1,1,1
Ghana,GHA,187802832,0.551315872,2,30,3,5,1,2,1,1,1,1,1,1,1,1,1,1,1,1,1,1,1,2,1,1,1,,,,,,,,,,,,,,,,1,1,1,1,1,1,,1,1,1,3,1,,1,1,2,2,2,1,1,,1,3,2,1,1,,,1,1,,,1,1,1,1,,,1,1,1,2,,,1,1,2,1,2,,,2,,,,,,4,4,4,4,,1,,1,1,1,1,4,4,1,1,1,1,1,1
Ghana,GHA,198459620,1.89890373,1,24,1,3,1,2,0,0,0,,,2,,,,,,,,,,,,,,2,2,1,2,2,2,1,1,1,2,2,1,1,1,2,,,,,2,,,2,2,2,,,,2,2,,1,1,2,1,1,2,1,1,1,1,,,1,1,,,1,2,2,,,1,2,,,,,,,2,2,,,,,2,,,,,,1,1,1,2,1,1,,1,1,4,4,4,4,2,1,1,2,0,0
Ghana,GHA,151574911,0.338447624,1,28,2,4,1,2,1,0,1,,,2,,,,,,,,,,,,,,,2,2,2,2,2,1,2,2,,,,,,,1,1,2,1,2,,,2,1,2,,,,2,2,1,2,2,2,2,,3,3,2,1,1,,,1,1,,,2,,,,,,2,,,,,,,2,2,,,,,2,,,,,,1,1,1,1,4,1,,1,0,4,4,4,4,4,1,1,2,1,0
Ghana,GHA,181387863,0.875322774,1,32,3,4,1,2,1,1,1,1,1,1,2,,1,1,2,,,,1,2,1,2,1,,,,,,,,,,,,,,,,1,1,2,1,2,,,2,1,1,2,1,,1,1,1,2,2,2,1,,1,3,3,1,1,,,1,1,,,1,2,2,,,1,1,1,1,2,,,2,2,2,,,,,2,,,,,,1,1,1,2,2,1,,1,1,1,4,4,4,2,1,1,1,1,0
Ghana,GHA,120632000,0.86202246,1,30,1,3,2,2,1,0,1,,,2,,,,,,,,,,,,,,,2,2,1,1,2,1,2,2,,,,,,,2,1,2,2,2,,,2,1,2,,,,2,2,2,2,2,2,2,,7,,,1,1,,,1,1,,,2,,,,,,1,2,2,2,1,,,2,2,,,,,2,,,,,,2,1,1,2,1,1,,0,0,2,4,4,4,4,1,1,2,1,0
