year,economy,economycode,regionwb,pop_adult,wpid_random,wgt,female,age,educ,inc_q,emp_in,urbanicity,account_fin,account_mob,account,dig_account,borrowed,saved,receive_wages,receive_transfers,receive_pensions,receive_agriculture,merchantpay_dig,pay_utilities,domestic_remittances,anydigpayment,fin2,fin3,fin4,fin5,fin6,fin7,fin8,fin9a,fin9b,fin10,fin11_0,fin11_1,fin11_2,fin11a,fin11b,fin11c,fin11d,fin11e,fin11f,fin13_1,fin13a,fin13b,fin13c,fin13d,fin13e,fin13f,fin13f_1,fin14a,fin14b,fin14c,fin14d,fin14e,fin15,fin16,fin17a,fin17b,fin17c,fin17d,fin17e,fin17f,fin18,fin19,fin20,fin21,fin22a,fin22a_1,fin22b,fin22c,fin22d,fin22e,fin22f,fin22g,fin22h,fin23,fin24,fin24a,fin24b,fin24c,fin24d1,fin24d2,fin24d3,fin25e1,fin25e2,fin25e3,fin25e4,fin26a,fin26b,fin27,fh1,fin28,fh2,fin29,fh2a,fin30,fin31a,fin31b,fin31c,fin31d,fin32,fin33,fin34a,fin34b,fin34c,fin34d,fin35,fin36,fin36a,fin37,fin38,fin39a,fin39b,fin39c,fin39d,fin40,fin41,fin41a,fin42,fin43a,fin43b,fin43c,fin43d,fin44,fin45,internet_use,con1,con2a,con2b,con2c,con2d,con2e,con2f,con2g,con3,con4,con5,con6,con7,con8,con9,con10,con11,con12,con13,con14,con15,con16,con17,con18,con19,con20,con21,con22,con23,con24,con25,con26,con27,con28,con29,con30a,con30b,con30c,con30d,con30e,con30f,con30g,con30h,con31a,con31b,con31c,con31d,con31e,con31f,con31g,con31h,con32,fin46,fin47,fin48a,fin48b,fin48c,fin48d,fin48e,fin48f,fin49a,fin49b,fin49c,fin49d,fin49e,fin49f,fin50,fin51
2024,Ghana,GHA,Sub-Saharan Africa (excluding high income),21563813,111377352,1.757569891,1,45,2,3,1,1,1,1,1,1,0,1,4,4,4,2,0,4,1,1,2,2,2,3,2,,1,2,1,2,,,,,,,,,,,2,3,3,1,2,2,,,,,,,,,1,1,2,3,2,2,,2,2,,2,2,2,,2,2,2,,,2,2,1,2,2,,,,2,2,,4,2,2,,1,1,1,1,2,2,,,,,2,,,,,,,,,2,2,,,,,,,,1,2,2,1,,2,3,0,1,,,,,,,,,,,,,,2,2,1,1,,1,,2,2,2,,2,1,2,2,2,2,,,,,,,,,,,,,1,2,2,2,2,2,2,2,1,1,1,,,,,,,,,,,,,,
2024,Ghana,GHA,Sub-Saharan Africa (excluding high income),21563813,111425422,0.90521605,1,37,2,5,2,1,0,1,1,1,1,1,1,4,4,4,1,1,1,1,2,,,,,,,,,,,,,,,,,,,1,1,1,1,1,1,2,,,,,,,,,2,1,2,2,2,1,,2,1,1,1,1,2,,1,2,1,,,,1,2,4,2,,,,1,1,1,,1,2,,1,1,1,1,1,1,2,1,,,1,2,2,1,,,1,2,,2,2,,,,,,,,2,,,,,,4,1,1,,,,,,,,,,,,,,1,,1,1,,1,,1,2,1,1,2,1,2,2,1,,1,1,2,,1,1,1,1,2,2,2,2,,,,,,,,,,1,2,,,,,,,,,,,,,,
2024,Ghana,GHA,Sub-Saharan Africa (excluding high income),21563813,111524531,3.010034935,1,53,1,4,1,2,0,1,1,1,1,1,4,4,4,2,0,1,1,1,2,,,,,,,,,,,,,,,,,,,1,1,1,1,1,1,1,1,,,,,,,,2,1,1,2,1,1,,1,2,,2,2,2,1,2,2,2,,,,1,3,4,2,,,,1,2,,4,2,2,,1,1,1,2,2,1,2,1,,,2,,,,,,,,,2,2,,,,,,,,1,2,2,1,,1,3,1,1,,,,,,,,,,,,,,1,,1,1,,1,,2,2,2,,2,1,2,2,1,,1,1,2,,1,1,1,2,1,2,2,2,,,,,,,,,,1,2,,,,,,,,,,,,,,
2024,Ghana,GHA,Sub-Saharan Africa (excluding high income),21563813,111573128,0.954273761,1,23,1,4,1,1,0,1,1,1,1,1,4,4,4,4,1,1,1,1,2,,,,,,,,,,,,,,,,,,,1,1,1,1,1,1,1,2,,,,,,,,2,1,2,2,2,2,,2,1,1,2,1,1,,2,2,2,,,,2,2,3,2,,,,2,1,1,,1,2,,1,1,1,1,2,1,2,1,,,2,,,,,,,,,2,2,,,,,,,,2,,,,,,2,1,1,,,,,,,,,,,,,,1,,1,1,,1,,1,4,1,1,2,1,2,1,2,1,1,1,2,,1,1,1,2,2,2,2,2,,,,,,,,,,1,2,,,,,,,,,,,,,,
2024,Ghana,GHA,Sub-Saharan Africa (excluding high income),21563813,111729119,0.900292481,1,35,2,4,1,2,1,1,1,1,0,1,4,4,4,4,0,2,3,1,1,1,2,2,2,,1,1,1,2,,,,,,,,,,,2,2,1,1,1,1,1,,,,,,,,2,1,2,2,1,2,,2,2,,2,2,2,,2,2,2,,,2,6,3,3,2,,,,2,2,,4,2,2,,2,,2,,2,1,2,2,,1,2,,,,,,,,,2,2,,,,,,,,2,,,,,,3,1,1,,,,,,,,,,,,,,1,,1,1,,1,,1,2,1,1,2,1,1,1,1,,1,1,2,,1,1,1,1,1,2,2,2,,,,,,,,,,1,2,,,,,,,,,,,,,,
2024,Ghana,GHA,Sub-Saharan Africa (excluding high income),21563813,111962256,0.915584978,2,40,3,5,1,1,1,1,1,1,1,1,1,4,4,4,1,1,1,1,1,1,2,2,2,,1,1,1,2,,,,,,,,,,,1,1,1,1,2,2,,,,,,,,,1,1,2,2,1,1,,1,2,,1,2,2,,2,2,2,,,,1,3,4,2,,,,1,1,1,,1,1,2,1,1,1,1,1,1,2,1,,,1,2,1,1,,,2,2,,2,2,,,,,,,,2,,,,,,2,1,1,,,,,,,,,,,,,,1,,1,1,,1,,1,1,1,1,2,2,,2,1,,1,1,2,,1,1,1,1,1,1,1,2,,,,,,,,,,1,2,,,,,,,,,,,,,,
2024,Ghana,GHA,Sub-Saharan Africa (excluding high income),21563813,111997695,1.374452173,2,35,2,4,1,1,1,1,1,1,1,1,4,4,4,1,1,1,1,1,2,1,1,3,3,1,1,1,1,2,,,,,,,,,,,1,1,1,1,1,2,,,,,,,,,1,1,2,1,1,2,,2,1,1,2,1,2,,2,2,2,,,,1,2,2,2,,,,2,2,,4,1,1,1,1,1,1,1,2,1,2,1,,,2,,,,,,,,,2,2,,,,,,,,1,2,1,,,1,4,1,1,,,,,,,,,,,,,,1,,1,1,,1,,1,1,1,1,2,2,,2,1,,1,1,2,,1,1,1,1,1,2,1,2,,,,,,,,,,1,2,,,,,,,,,,,,,,
2024,Ghana,GHA,Sub-Saharan Africa (excluding high income),21563813,112022318,1.748054658,2,23,2,5,1,2,0,1,1,1,1,1,4,4,4,4,1,4,1,1,2,,,,,,,,,,,,,,,,,,,1,2,3,3,1,2,2,,,,,,,,,2,1,2,2,1,2,,2,2,,2,2,1,,2,2,2,,,,2,1,4,2,,,,1,1,3,,2,1,1,1,1,1,1,2,2,,,,,2,,,,,,,,,2,2,,,,,,,,2,,,,,,6,1,1,,,,,,,,,,,,,,1,,1,1,,1,,1,1,2,,2,2,,2,1,,1,1,3,,1,1,1,1,1,2,2,2,,,,,,,,,,1,2,,,,,,,,,,,,,,
2024,Ghana,GHA,Sub-Saharan Africa (excluding high income),21563813,112077408,2.232938522,2,61,2,3,1,2,1,1,1,1,1,1,4,4,4,1,1,2,1,1,2,2,2,3,3,1,2,2,2,2,,,,,,,,,,,1,1,1,1,1,1,1,,,,,,,,2,1,2,2,1,1,,1,1,1,2,1,2,,1,2,1,,,,7,,2,2,,,,2,1,3,,2,2,,2,,1,1,2,1,2,2,,1,2,,,,,,,,,2,2,,,,,,,,1,2,1,,,1,4,1,1,,,,,,,,,,,,,,1,,1,1,,1,,1,2,2,,2,2,,2,1,,2,1,1,,1,1,1,1,2,2,2,2,,,,,,,,,,1,1,,,,,,,,,,,,,,
2024,Ghana,GHA,Sub-Saharan Africa (excluding high income),21563813,112104171,0.686780255,2,28,2,5,1,2,1,1,1,1,1,1,1,1,4,4,1,1,1,1,2,1,2,1,2,,1,1,2,2,,,,,,,,,,,1,2,1,1,1,2,,,,,,,,,2,1,1,2,1,1,,2,2,,2,2,1,2,2,2,2,,,,1,2,2,2,,,,2,2,,2,1,1,3,1,1,1,1,2,1,1,2,,,1,2,2,1,,,2,2,,1,2,1,1,,,2,1,,2,,,,,,2,1,1,,,,,,,,,,,,,,1,,1,2,,1,,1,1,1,1,2,1,2,2,1,,1,1,2,,1,2,1,2,2,2,2,2,,,,,,,,,,1,2,,,,,,,,,,,,,,
2024,Ghana,GHA,Sub-Saharan Africa (excluding high income),21563813,112116254,1.823897495,1,43,1,2,1,1,1,1,1,1,1,1,4,1,4,1,1,1,1,1,2,,,,,,,,,,,,,,,,,,,2,3,3,3,1,1,1,2,,,,,,,,2,2,1,,,,,2,1,1,2,2,1,1,2,1,1,,,,3,2,4,1,1,1,2,2,1,1,,1,2,,1,1,1,1,1,1,2,1,,,2,,,,,,,,,1,2,2,1,,,1,1,,1,1,1,,,2,4,0,1,,,,,,,,,,,,,,2,2,1,1,,1,,2,2,1,1,2,2,,2,2,2,,,,,,,,,,,,,1,1,1,2,2,2,2,2,1,1,2,,,,,,,,,,,,,,
2024,Ghana,GHA,Sub-Saharan Africa (excluding high income),21563813,112147772,0.766979791,2,21,2,5,2,1,0,1,1,1,0,1,4,4,4,4,1,4,1,1,2,,,,,,,,,,,,,,,,,,,1,3,3,3,1,2,2,,,,,,,,,2,1,2,3,1,2,,2,2,,2,2,2,,2,2,2,,,2,2,1,4,2,,,,2,1,3,,2,1,1,1,1,1,1,2,2,,,,,2,,,,,,,,,2,2,,,,,,,,2,,,,,,5,1,1,,,,,,,,,,,,,,1,,1,1,,1,,1,4,1,1,2,1,2,2,1,,1,1,2,,1,1,1,2,2,2,2,2,,,,,,,,,,1,2,,,,,,,,,,,,,,
2024,Ghana,GHA,Sub-Saharan Africa (excluding high income),21563813,112255047,1.079040309,1,20,2,1,2,1,0,1,1,1,1,1,4,4,4,4,0,4,2,1,2,,,,,,,,,,,,,,,,,,,2,3,2,2,2,2,2,,,,,,,,,2,1,2,3,2,2,,2,2,,2,2,1,,2,2,2,,,,2,1,3,2,,,,2,2,,5,2,2,,2,,1,2,2,2,,,,,2,,,,,,,,,2,2,,,,,,,,2,,,,,,5,1,1,,,,,,,,,,,,,,2,2,1,1,,1,,2,2,2,,1,2,,2,2,1,3,2,,2,2,2,1,2,1,2,1,2,1,2,2,2,1,2,1,2,5,1,2,,,,,,,,,,,,,,
2024,Ghana,GHA,Sub-Saharan Africa (excluding high income),21563813,112394499,0.411331319,2,25,2,5,1,1,1,1,1,1,1,1,1,4,4,4,0,2,1,1,1,2,1,2,2,,1,1,1,2,,,,,,,,,,,2,1,2,1,2,2,,,,,,,,,1,1,2,2,1,2,,2,2,,2,2,1,,2,2,2,,,,2,2,2,2,,,,2,2,,1,2,2,,1,1,1,1,2,1,2,2,,1,1,2,1,2,,,2,2,,2,2,,,,,,,,2,,,,,,3,1,1,,,,,,,,,,,,,,1,,1,1,,1,,1,1,1,1,2,2,,2,1,,1,1,2,,1,1,1,1,1,2,1,2,,,,,,,,,,1,2,,,,,,,,,,,,,,
2024,Ghana,GHA,Sub-Saharan Africa (excluding high income),21563813,112530175,1.814142494,1,22,1,3,1,2,0,1,1,1,1,1,1,4,4,4,0,4,3,1,2,,,,,,,,,,,,,,,,,,,2,2,2,1,1,1,2,,,,,,,,,2,1,2,2,1,2,,2,1,1,2,1,1,,2,2,1,,,,7,,2,2,,,,2,2,,4,2,2,,2,,2,,2,2,,,,,1,2,2,1,,,1,2,,2,2,,,,,,,,2,,,,,,4,1,1,,,,,,,,,,,,,,1,,1,1,,1,,1,2,1,1,2,1,2,1,1,,1,1,1,,1,1,1,2,1,1,2,2,,,,,,,,,,1,2,,,,,,,,,,,,,,
2024,Ghana,GHA,Sub-Saharan Africa (excluding high income),21563813,112550743,1.637533308,1,23,2,4,1,2,0,1,1,1,1,1,1,4,4,4,0,1,1,1,2,,,,,,,,,,,,,,,,,,,1,2,2,2,1,2,2,,,,,,,,,2,1,2,2,1,2,,2,2,,2,2,1,,2,2,2,,,,2,3,3,2,,,,2,2,,5,1,2,,1,1,1,1,2,1,2,1,,,1,2,2,1,,,2,2,,2,2,,,,,,,,2,,,,,,6,1,1,,,,,,,,,,,,,,1,,1,1,,1,,1,2,1,1,2,2,,2,1,,1,1,1,,1,1,1,1,2,2,2,2,,,,,,,,,,1,2,,,,,,,,,,,,,,
2024,Ghana,GHA,Sub-Saharan Africa (excluding high income),21563813,112688249,0.929737129,2,18,2,4,2,1,1,1,1,1,0,1,4,4,4,4,0,4,1,1,2,2,2,2,1,,1,1,2,2,,,,,,,,,,,1,2,2,1,2,1,2,,,,,,,,1,1,2,2,2,2,,2,1,2,2,2,2,,2,2,2,,,2,2,2,3,2,,,,2,2,,4,2,2,,1,2,1,1,2,2,,,,,2,,,,,,,,,2,2,,,,,,,,2,,,,,,1,0,1,,,,,,,,,,,,,,2,2,1,1,,1,,1,4,2,,2,1,2,1,2,2,,,,,,,,,,,,,1,2,2,2,2,2,2,2,1,1,2,,,,,,,,,,,,,,
2024,Ghana,GHA,Sub-Saharan Africa (excluding high income),21563813,112711863,0.823136579,2,42,2,3,1,1,1,1,1,1,1,1,1,4,4,2,1,1,2,1,2,2,1,3,2,,1,1,1,2,,,,,,,,,,,2,3,3,1,1,2,,,,,,,,,1,1,2,3,1,1,,1,2,,2,2,1,,1,2,2,,,,3,2,4,1,2,2,2,2,1,3,,1,2,,2,,1,2,2,1,2,1,,,1,1,1,2,,,2,2,,2,2,,,,,,,,1,2,2,1,,1,3,1,1,,,,,,,,,,,,,,1,,1,2,,1,,1,1,1,1,1,1,2,1,1,,2,1,2,,1,1,1,1,2,2,1,2,,,,,,,,,,1,2,,,,,,,,,,,,,,
2024,Ghana,GHA,Sub-Saharan Africa (excluding high income),21563813,112734006,0.464523554,1,24,1,3,1,1,1,1,1,1,1,1,1,4,4,4,1,4,1,1,2,2,1,2,3,,1,1,1,2,,,,,,,,,,,1,1,1,1,2,2,,,,,,,,,1,1,1,2,1,2,,2,2,,2,2,1,2,2,2,2,,,,4,2,3,2,,,,2,2,,4,2,1,1,1,1,1,1,2,2,,,,,1,2,1,2,,,2,2,,2,2,,,,,,,,2,,,,,,5,1,1,,,,,,,,,,,,,,1,,2,1,,1,,1,1,2,,2,2,,2,1,,1,1,1,,1,1,1,1,1,2,2,2,,,,,,,,,,2,,1,2,2,2,2,2,2,1,1,2,2,2,,
2024,Ghana,GHA,Sub-Saharan Africa (excluding high income),21563813,112811813,0.896751968,2,25,2,1,2,1,1,1,1,1,1,1,4,4,4,4,1,4,1,1,2,2,2,1,4,,1,1,1,2,,,,,,,,,,,2,1,1,1,2,2,,,,,,,,,1,1,2,1,1,2,,2,2,,2,2,2,,2,2,2,,,1,4,2,2,2,,,,1,1,1,,2,2,,1,1,1,1,1,2,,,,,2,,,,,,,,,2,2,,,,,,,,2,,,,,,2,1,1,,,,,,,,,,,,,,1,,1,1,,1,,1,1,1,1,2,1,2,2,1,,1,1,1,,1,1,1,2,1,2,2,1,,,,,,,,,,1,2,,,,,,,,,,,,,,
2024,Ghana,GHA,Sub-Saharan Africa (excluding high income),21563813,112879205,0.686780255,2,27,2,5,1,1,1,1,1,1,1,1,1,4,4,4,0,2,1,1,2,1,1,2,2,,1,1,1,2,,,,,,,,,,,1,1,1,1,2,2,,,,,,,,,1,1,2,2,2,2,,2,2,,2,1,1,,2,2,2,,,,1,3,3,2,,,,2,2,,4,2,2,,1,1,1,1,2,1,2,2,,1,1,2,1,1,,,2,2,,2,2,,,,,,,,2,,,,,,4,1,1,,,,,,,,,,,,,,1,,1,1,,1,,1,1,1,1,2,2,,2,1,,1,1,2,,1,1,1,1,1,1,1,2,,,,,,,,,,1,2,,,,,,,,,,,,,,
2024,Ghana,GHA,Sub-Saharan Africa (excluding high income),21563813,112897477,0.292104789,1,28,2,2,1,2,1,0,1,1,1,1,4,4,1,1,1,1,2,1,2,2,2,2,2,,2,1,1,2,,,,,,,,,,,,,,,,,,1,1,1,1,2,1,1,2,,1,,,,,1,1,1,1,,2,2,1,1,2,,,,4,2,3,4,,,,2,1,2,,1,2,,1,2,2,,2,1,2,1,,,2,,,,,,,,,2,1,1,2,,,2,1,,1,1,2,,,1,2,0,1,,,,,,,,,,,,,,1,,1,1,,2,,,2,2,,1,2,,2,2,2,,,,,1,1,1,1,2,2,2,2,,,,,,,,,,2,,1,1,2,2,1,1,1,2,1,1,1,2,,
2024,Ghana,GHA,Sub-Saharan Africa (excluding high income),21563813,113013319,0.900292481,1,38,2,5,1,2,1,1,1,1,1,1,4,4,4,4,0,2,1,1,2,2,2,3,3,1,1,1,1,2,,,,,,,,,,,1,1,1,1,1,1,2,,,,,,,,2,1,2,3,2,2,,2,2,,2,2,1,,2,2,2,,,,2,2,2,2,,,,2,2,,4,2,2,,1,1,1,1,1,1,2,2,,1,2,,,,,,,,,2,2,,,,,,,,2,,,,,,3,1,1,,,,,,,,,,,,,,1,,1,1,,1,,1,2,1,1,2,1,1,1,1,,1,1,2,,1,1,1,1,1,2,2,2,,,,,,,,,,1,2,,,,,,,,,,,,,,
2024,Ghana,GHA,Sub-Saharan Africa (excluding high income),21563813,113232434,1.178514582,2,33,2,3,1,2,1,1,1,1,1,1,1,4,4,4,1,2,1,1,1,1,2,2,2,,1,1,1,1,,,,,,,,,,,1,1,1,1,1,1,2,,,,,,,,1,1,2,2,1,1,,1,2,,2,1,2,,2,2,2,2,,,1,2,1,2,,,,2,1,2,,2,1,3,1,1,2,,1,1,2,2,,1,1,2,2,1,,,2,2,,2,2,,,,,,,,2,,,,,,4,1,1,,,,,,,,,,,,,,1,,1,1,,1,,1,4,1,1,2,2,,1,1,,1,1,1,,1,1,1,1,1,1,2,2,,,,,,,,,,1,2,,,,,,,,,,,,,,
2024,Ghana,GHA,Sub-Saharan Africa (excluding high income),21563813,113360782,0.705454679,1,47,1,3,1,2,0,1,1,1,1,1,4,4,4,4,0,2,1,1,2,,,,,,,,,,,,,,,,,,,3,1,2,2,1,1,2,,,,,,,,,2,1,1,3,3,2,,2,2,,2,2,1,1,2,1,1,,,,2,2,3,1,2,2,2,2,2,,4,2,2,,1,1,1,1,2,1,2,2,,1,2,,,,,,,,,2,2,,,,,,,,2,,,,,,3,0,1,,,,,,,,,,,,,,2,2,1,1,,2,,,2,2,,2,1,2,2,2,2,,,,,,,,,,,,,1,2,2,1,2,2,2,2,1,1,2,,,,,,,,,,,,,,
2024,Ghana,GHA,Sub-Saharan Africa (excluding high income),21563813,113392334,1.091193778,2,25,2,4,2,1,0,1,1,1,1,1,4,4,4,4,0,4,1,1,2,,,,,,,,,,,,,,,,,,,1,3,3,5,1,1,2,,,,,,,,,2,1,2,3,1,2,,2,2,,2,2,1,,2,2,2,,,,2,1,4,2,,,,2,2,,4,2,2,,2,,1,1,2,2,,,,,2,,,,,,,,,2,2,,,,,,,,2,,,,,,4,0,1,,,,,,,,,,,,,,2,2,1,1,,1,,1,1,2,,2,2,,2,2,2,,,,,,,,,,,,,1,2,2,2,2,8,2,2,1,1,2,,,,,,,,,,,,,,
2024,Ghana,GHA,Sub-Saharan Africa (excluding high income),21563813,113397555,0.476076855,1,25,2,2,1,2,0,1,1,1,1,1,4,4,4,5,1,4,1,1,2,,,,,,,,,,,,,,,,,,,2,1,3,1,1,1,2,,,,,,,,,2,1,1,1,3,2,,2,2,,2,2,2,2,2,2,1,,,2,2,1,2,2,,,,2,1,3,,2,2,,1,1,1,1,2,2,,,,,2,,,,,,,,,2,2,,,,,,,,3,,,,,,4,1,1,,,,,,,,,,,,,,1,,1,1,,1,,1,2,2,,2,1,2,2,1,,1,1,1,,1,1,1,2,2,2,2,2,,,,,,,,,,1,2,,,,,,,,,,,,,,
2024,Ghana,GHA,Sub-Saharan Africa (excluding high income),21563813,113553222,0.726145218,1,18,2,1,2,2,1,1,1,1,1,1,1,1,4,1,1,3,2,1,2,1,2,3,2,,2,1,2,1,,,,,,,,,,,,,,,,,,,,,,,,,2,,1,,,,,2,2,,1,,2,1,1,1,2,1,1,,5,2,2,2,,,,2,1,2,,1,2,,2,,1,2,2,1,2,2,,2,1,1,1,1,,,2,2,,1,2,1,2,,,2,2,,1,1,1,,,2,5,0,2,2,1,1,2,2,1,1,3,2,,,,1,,,,,,,,,,,,,,,,2,2,,,,,,,,,,,,,,,,,,,,,,1,1,,,,,,,,,,,,,,
2024,Ghana,GHA,Sub-Saharan Africa (excluding high income),21563813,113556460,0.571540434,1,21,3,5,1,2,1,1,1,1,1,1,4,4,4,1,0,4,1,1,2,,,,,,,,,,,,,,,,,,,1,1,1,1,1,1,2,,,,,,,,,1,1,1,1,1,2,,2,1,1,2,1,1,1,2,1,1,,,,5,1,4,1,1,1,1,3,3,,1,3,2,,1,1,1,1,1,2,,,,,2,,,,,,,,,2,2,,,,,,,,1,1,2,,,1,2,1,1,,,,,,,,,,,,,,1,,1,1,,1,,1,4,1,1,1,2,,1,1,,1,1,1,,1,1,1,1,1,1,1,1,,,,,,,,,,1,1,,,,,,,,,,,,,,
2024,Ghana,GHA,Sub-Saharan Africa (excluding high income),21563813,113913026,0.505005483,1,24,2,4,1,1,1,1,1,1,1,1,1,1,4,1,1,4,1,1,2,1,1,2,2,,2,1,1,2,,,,,,,,,,,1,1,1,1,1,1,1,,,,,,,,1,1,1,2,1,1,,1,1,1,1,1,1,1,2,1,1,,,,1,3,4,2,,,,1,1,2,,2,1,1,1,1,1,1,1,2,,,,,1,1,1,1,,,1,2,,1,2,1,1,,,2,1,,1,1,1,,,1,3,1,1,,,,,,,,,,,,,,1,,1,1,,1,,1,4,1,1,2,1,1,1,1,,1,1,1,,1,1,1,1,1,1,1,1,,,,,,,,,,1,2,,,,,,,,,,,,,,
2024,Ghana,GHA,Sub-Saharan Africa (excluding high income),21563813,114067829,2.056763675,1,55,1,2,1,1,1,1,1,1,1,1,4,4,4,2,0,4,1,1,2,1,2,1,4,,1,2,2,2,,,,,,,,,,,3,4,2,1,1,2,,,,,,,,,2,2,2,,,,1,2,2,,2,2,2,,2,2,1,,,2,5,1,4,2,,,,2,2,,4,2,2,,2,,1,1,2,2,,,,,2,,,,,,,,,2,2,,,,,,,,1,2,2,1,,2,4,0,1,,,,,,,,,,,,,,2,2,1,1,,2,,,2,2,,2,2,,2,2,2,,,,,,,,,,,,,1,2,2,1,2,2,2,2,1,1,2,,,,,,,,,,,,,,
2024,Ghana,GHA,Sub-Saharan Africa (excluding high income),21563813,114092092,0.448043214,1,29,2,4,1,1,1,1,1,1,1,1,4,4,4,4,0,4,1,1,2,2,2,2,2,,1,1,2,2,,,,,,,,,,,3,3,1,2,1,2,,,,,,,,,1,2,2,1,1,2,,2,1,1,1,1,2,,2,1,2,,,,1,2,4,2,,,,2,2,,4,2,2,,1,1,2,,2,2,,,,,2,,,,,,,,,2,2,,,,,,,,2,,,,,,2,1,1,,,,,,,,,,,,,,1,,1,1,,1,,1,1,1,1,2,1,2,1,1,,2,1,2,,1,1,1,2,2,1,2,2,,,,,,,,,,1,2,,,,,,,,,,,,,,
2024,Ghana,GHA,Sub-Saharan Africa (excluding high income),21563813,114114193,0.694131534,2,32,3,5,1,1,1,1,1,1,1,1,1,4,4,4,1,4,1,1,1,1,1,2,3,,1,1,1,2,,,,,,,,,,,1,1,1,2,2,2,,,,,,,,,1,2,2,2,2,1,,1,2,,2,2,1,,2,2,2,,,,1,3,4,2,,,,2,1,3,,2,2,,1,1,1,1,2,2,,,,,1,1,1,2,,,2,2,,2,2,,,,,,,,2,,,,,,6,1,1,,,,,,,,,,,,,,1,,1,1,,1,,1,4,2,,2,2,,2,1,,1,1,2,,1,1,2,2,1,2,1,2,,,,,,,,,,1,2,,,,,,,,,,,,,,
2024,Ghana,GHA,Sub-Saharan Africa (excluding high income),21563813,114202666,0.589257291,2,32,2,3,1,2,0,1,1,1,1,0,4,4,4,4,0,2,1,1,2,,,,,,,,,,,,,,,,,,,2,3,3,3,2,2,2,,,,,,,,,2,2,2,,,,2,2,2,,2,2,1,,2,2,1,,,,7,,5,2,,,,2,2,,4,2,2,,1,1,1,1,2,1,2,2,,1,2,,,,,,,,,2,2,,,,,,,,2,,,,,,4,0,1,,,,,,,,,,,,,,2,2,1,1,,1,,1,1,2,,2,2,,2,2,2,,,,,,,,,,,,,1,1,2,2,2,2,2,2,1,1,1,,,,,,,,,,,,,,
2024,Ghana,GHA,Sub-Saharan Africa (excluding high income),21563813,114468301,1.61064353,1,32,1,1,1,1,0,1,1,1,1,1,4,4,4,4,0,4,2,1,2,,,,,,,,,,,,,,,,,,,2,3,2,2,1,1,1,2,,,,,,,,2,1,1,3,2,2,,2,2,,2,2,1,2,1,1,1,,,,2,1,3,2,,,,2,2,,3,2,2,,2,,1,2,2,2,,,,,2,,,,,,,,,2,2,,,,,,,,2,,,,,,1,0,1,,,,,,,,,,,,,,2,2,2,1,,2,,,2,2,,2,1,2,2,2,2,,,,,,,,,,,,,1,2,2,1,2,2,2,1,4,1,2,,,,,,,,,,,,,,
2024,Ghana,GHA,Sub-Saharan Africa (excluding high income),21563813,114771142,0.899588528,1,37,2,4,1,2,1,1,1,1,1,1,4,4,4,4,0,4,1,1,1,1,2,3,3,2,1,2,2,2,,,,,,,,,,,2,3,2,2,1,2,,,,,,,,,2,2,1,,,,,2,2,,2,2,1,2,2,2,2,,,,2,2,1,2,,,,2,2,,2,2,2,,1,1,1,1,2,2,,,,,2,,,,,,,,,2,2,,,,,,,,2,,,,,,4,1,1,,,,,,,,,,,,,,1,,1,1,,1,,1,1,2,,2,1,2,1,1,,2,1,1,,1,2,1,2,2,2,2,2,,,,,,,,,,1,2,,,,,,,,,,,,,,
2024,Ghana,GHA,Sub-Saharan Africa (excluding high income),21563813,114907695,0.940028077,1,20,2,1,2,2,0,1,1,1,0,1,4,4,4,4,0,4,1,1,2,,,,,,,,,,,,,,,,,,,2,3,3,3,1,2,2,,,,,,,,,2,2,2,,,,1,2,1,2,2,2,2,,2,2,2,,,2,2,1,4,1,2,2,2,2,2,,4,2,2,,1,1,1,1,2,2,,,,,2,,,,,,,,,2,2,,,,,,,,2,,,,,,5,1,1,,,,,,,,,,,,,,1,,1,1,,1,,1,1,1,2,2,2,,2,1,,1,1,1,,1,1,1,1,1,2,2,2,,,,,,,,,,1,2,,,,,,,,,,,,,,
2024,Ghana,GHA,Sub-Saharan Africa (excluding high income),21563813,115050068,1.338547498,2,38,2,3,1,1,1,1,1,1,1,1,1,4,4,4,1,1,1,1,1,1,1,2,2,,1,1,1,2,,,,,,,,,,,1,2,1,1,2,2,,,,,,,,,1,1,1,2,1,1,,1,1,1,1,2,2,2,1,2,1,,,,1,1,2,1,1,1,2,1,1,1,,1,2,,1,1,2,,1,1,2,1,,,1,1,1,2,,,1,3,,2,2,,,,,,,,2,,,,,,1,1,1,,,,,,,,,,,,,,1,,1,1,,1,,1,4,2,,2,1,2,2,1,,1,1,1,,1,1,1,1,1,2,2,1,,,,,,,,,,1,2,,,,,,,,,,,,,,
2024,Ghana,GHA,Sub-Saharan Africa (excluding high income),21563813,115057001,1.267353954,1,23,1,1,1,1,0,0,0,0,1,1,4,4,4,4,0,2,3,0,2,,,,,,,,,,,,,,,,,,,,,,,,,,,,,,,,,,2,1,1,2,2,2,,2,2,,2,2,1,2,2,2,2,,,,2,2,1,2,,,,2,2,,4,2,2,,2,,2,,2,1,2,2,,1,2,,,,,,,,,2,2,,,,,,,,2,,,,,,2,0,1,,,,,,,,,,,,,,2,2,1,1,,1,,1,1,2,,2,2,,1,2,2,,,,,,,,,,,,,1,2,2,1,2,2,2,2,1,1,2,,,,,,,,,,,,,,
2024,Ghana,GHA,Sub-Saharan Africa (excluding high income),21563813,115352116,0.949788264,2,23,2,3,1,2,0,1,1,1,1,1,1,4,4,4,0,2,2,1,2,,,,,,,,,,,,,,,,,,,2,2,1,1,1,2,1,2,,,,,,,,2,1,2,2,2,2,,2,1,1,2,1,1,,2,2,2,,,,2,3,2,2,,,,2,2,,4,2,2,,2,,1,2,2,1,2,2,,1,1,2,2,1,,,2,2,,2,2,,,,,,,,2,,,,,,6,1,1,,,,,,,,,,,,,,1,,2,1,,1,,1,4,1,1,2,2,,2,1,,1,1,2,,1,1,1,1,1,2,2,2,,,,,,,,,,2,,1,2,2,2,2,1,2,1,1,2,2,2,,
2024,Ghana,GHA,Sub-Saharan Africa (excluding high income),21563813,115647357,0.85798152,1,17,2,2,1,1,1,1,1,1,1,1,1,3,4,4,0,4,2,1,2,2,2,3,4,3,1,3,2,2,,,,,,,,,,,3,4,4,1,2,1,2,,,,,,,,1,1,2,3,3,2,,2,2,,2,2,1,,2,2,2,,,,2,1,5,2,,,,2,2,,4,2,2,,2,,1,2,2,2,,,,,1,2,2,1,,,1,1,,1,2,2,2,2,2,,,,2,,,,,,5,1,1,,,,,,,,,,,,,,1,,2,1,,1,,1,4,2,,2,2,,2,1,,1,1,1,,1,1,1,1,1,2,2,2,,,,,,,,,,2,,2,2,2,1,2,2,2,2,1,2,2,2,,
2024,Ghana,GHA,Sub-Saharan Africa (excluding high income),21563813,115744765,0.818766654,1,16,1,2,2,2,0,0,0,0,0,0,4,4,4,4,0,4,3,0,2,,,,,,,,,,,,,,,,,,,,,,,,,,,2,2,2,2,2,2,2,2,,2,,,,2,2,2,,2,,2,,2,2,2,,,2,2,3,5,2,,,,,,,,,,,2,,2,,2,2,,,,,2,,,,,,,,,2,2,,,,,,,,2,,,,,,5,0,2,1,1,2,2,2,2,2,1,2,,,,1,,,,,,,,,,,,,,,,2,2,,,,,,,,,,,,,,,,,,,,,,2,,2,1,3,1,2,2,2,2,2,2,2,2,,
2024,Ghana,GHA,Sub-Saharan Africa (excluding high income),21563813,115839082,0.736397047,2,40,3,5,1,2,1,1,1,1,0,1,1,4,4,4,1,1,1,1,1,1,1,2,2,,1,2,2,2,,,,,,,,,,,2,3,2,1,1,1,2,,,,,,,,1,1,2,2,1,1,,1,2,,2,2,2,,2,2,2,,,2,1,3,1,2,,,,1,1,2,,1,1,1,1,1,1,1,2,1,2,1,,,1,1,1,2,,,2,2,,2,2,,,,,,,,2,,,,,,1,1,1,,,,,,,,,,,,,,1,,1,1,,1,,1,1,1,1,2,1,1,2,1,,1,1,2,,1,1,1,1,1,2,2,2,,,,,,,,,,1,2,,,,,,,,,,,,,,
2024,Ghana,GHA,Sub-Saharan Africa (excluding high income),21563813,116096602,0.411331319,2,26,2,1,1,1,1,1,1,1,1,1,1,1,4,4,1,1,1,1,2,1,2,1,2,,1,1,1,2,,,,,,,,,,,1,1,4,1,1,1,1,,,,,,,,1,1,2,1,1,2,,1,1,1,2,1,1,,2,2,1,,,,2,1,2,2,,,,1,1,3,,2,1,1,2,,1,1,1,1,1,1,,,1,2,1,1,,,2,2,,1,2,1,2,,,2,2,,2,,,,,,5,1,1,,,,,,,,,,,,,,1,,1,1,,1,,1,4,2,,2,1,2,1,1,,1,1,2,,1,1,1,1,1,2,1,1,,,,,,,,,,1,2,,,,,,,,,,,,,,
2024,Ghana,GHA,Sub-Saharan Africa (excluding high income),21563813,116321250,0.313097685,1,22,2,5,1,2,1,1,1,1,0,1,4,4,4,4,1,4,1,1,1,1,2,1,1,,1,1,1,2,,,,,,,,,,,1,1,1,1,1,2,,,,,,,,,1,1,2,3,1,2,,2,2,,2,2,2,,2,2,2,,,2,2,2,2,2,,,,2,2,,2,2,1,3,1,1,1,2,1,2,,,,,2,,,,,,,,,2,2,,,,,,,,2,,,,,,3,0,1,,,,,,,,,,,,,,2,2,1,1,,2,,,1,2,,2,2,,2,2,2,,,,,,,,,,,,,1,1,2,2,2,2,1,2,7,1,2,,,,,,,,,,,,,,
2024,Ghana,GHA,Sub-Saharan Africa (excluding high income),21563813,116325114,0.557946822,2,62,2,1,2,1,0,1,1,1,1,1,1,4,4,4,1,4,1,1,2,,,,,,,,,,,,,,,,,,,2,1,2,1,2,1,2,,,,,,,,,2,2,2,,,,1,2,2,,2,2,1,,2,2,1,,,,6,1,3,2,,,,1,1,1,,1,1,1,1,1,1,1,2,2,,,,,1,2,2,1,,,1,2,,2,2,,,,,,,,2,,,,,,5,1,1,,,,,,,,,,,,,,1,,2,1,,1,,1,1,1,1,2,1,2,1,1,,1,1,2,,1,1,1,1,1,2,1,1,,,,,,,,,,1,2,,,,,,,,,,,,,,
2024,Ghana,GHA,Sub-Saharan Africa (excluding high income),21563813,116406095,0.476430446,2,27,2,3,1,1,0,1,1,1,1,1,4,4,4,4,0,2,1,1,2,,,,,,,,,,,,,,,,,,,2,1,1,1,1,2,2,,,,,,,,,2,1,2,1,1,2,,2,1,1,2,1,2,,2,1,1,,,,5,1,2,2,,,,2,2,,4,2,2,,1,2,1,1,2,1,2,2,,1,2,,,,,,,,,2,2,,,,,,,,2,,,,,,4,1,1,,,,,,,,,,,,,,1,,1,1,,1,,1,2,2,,2,1,2,1,1,,1,1,2,,1,1,1,2,1,2,2,2,,,,,,,,,,1,1,,,,,,,,,,,,,,
2024,Ghana,GHA,Sub-Saharan Africa (excluding high income),21563813,116511769,3.213152681,1,55,1,4,1,1,0,1,1,1,1,1,1,4,4,2,0,1,1,1,2,,,,,,,,,,,,,,,,,,,2,1,1,1,1,1,1,2,,,,,,,,2,1,1,2,1,1,,1,2,,2,2,1,1,1,1,2,,,,5,3,3,2,,,,2,2,,4,2,2,,1,1,1,1,1,1,2,1,,,1,2,2,1,,,1,2,,2,2,,,,,,,,1,2,2,1,,2,1,1,1,,,,,,,,,,,,,,1,,1,1,,2,,,2,2,,2,2,,2,1,,3,1,2,,1,1,1,2,2,2,2,2,,,,,,,,,,1,2,,,,,,,,,,,,,,
2024,Ghana,GHA,Sub-Saharan Africa (excluding high income),21563813,116532294,0.51692683,1,25,2,4,1,1,0,1,1,1,1,1,1,4,4,4,0,4,1,1,2,,,,,,,,,,,,,,,,,,,2,1,1,1,1,1,2,,,,,,,,,2,1,2,3,3,2,,2,1,2,1,1,1,,1,2,1,,,,2,1,3,2,,,,2,2,,4,2,2,,1,1,1,1,2,2,,,,,1,2,2,1,,,2,2,,2,2,,,,,,,,2,,,,,,5,1,1,,,,,,,,,,,,,,1,,1,1,,1,,1,1,1,1,1,1,2,2,1,,1,1,3,,1,1,1,1,1,1,1,2,,,,,,,,,,1,2,,,,,,,,,,,,,,
2024,Ghana,GHA,Sub-Saharan Africa (excluding high income),21563813,116551182,1.637533308,1,18,2,3,2,2,0,0,0,0,1,0,4,4,4,4,0,4,2,0,2,,,,,,,,,,,,,,,,,,,,,,,,,,,,,,,,,,2,2,2,,,,2,2,2,,2,2,1,,2,2,2,,,,2,1,2,2,,,,2,2,,1,2,2,,2,,1,2,2,2,,,,,2,,,,,,,,,2,2,,,,,,,,2,,,,,,5,1,1,,,,,,,,,,,,,,1,,1,1,,1,,1,4,1,1,2,2,,1,1,,1,1,2,,1,1,1,2,1,2,2,2,,,,,,,,,,1,2,,,,,,,,,,,,,,
2024,Ghana,GHA,Sub-Saharan Africa (excluding high income),21563813,116723243,0.292104789,2,30,3,5,1,1,1,1,1,1,1,1,1,4,4,4,1,1,1,1,1,1,1,2,2,,1,1,1,2,,,,,,,,,,,2,2,1,1,2,1,1,,,,,,,,1,1,2,2,1,1,,1,2,,2,2,1,,2,2,1,,,,1,3,1,2,,,,1,1,1,,1,1,1,1,1,1,1,2,1,1,1,,,1,2,1,1,,,2,2,,2,2,,,,,,,,2,,,,,,6,1,1,,,,,,,,,,,,,,1,,1,1,,1,,1,1,1,1,1,1,2,1,1,,1,1,3,,1,1,1,1,1,1,1,2,,,,,,,,,,1,2,,,,,,,,,,,,,,
2024,Ghana,GHA,Sub-Saharan Africa (excluding high income),21563813,116727490,0.292104789,1,32,3,5,1,2,1,1,1,1,1,1,1,4,4,4,1,1,1,1,1,1,2,2,2,,1,1,1,1,,,,,,,,,,,1,1,1,1,1,2,,,,,,,,,1,1,2,2,1,1,,1,2,,1,2,2,,2,1,2,2,,,1,5,2,2,,,,1,1,2,,2,1,3,1,1,2,,1,1,2,1,,,1,1,1,2,,,2,2,,2,2,,,,,,,,2,,,,,,3,1,1,,,,,,,,,,,,,,1,,1,1,,1,,1,4,1,1,2,1,2,2,1,,1,1,2,,1,1,1,1,1,2,1,2,,,,,,,,,,1,2,,,,,,,,,,,,,,
2024,Ghana,GHA,Sub-Saharan Africa (excluding high income),21563813,116833438,0.545822724,2,24,2,5,1,2,1,1,1,1,1,1,1,4,4,4,1,2,1,1,1,1,1,2,2,,1,1,1,2,,,,,,,,,,,1,1,1,1,2,2,,,,,,,,,1,1,2,2,1,1,,1,2,,2,2,1,,1,2,2,,,,1,2,1,2,,,,2,1,2,,2,1,1,1,1,1,2,2,1,2,2,,1,1,2,1,2,,,1,2,,2,2,,,,,,,,2,,,,,,4,1,1,,,,,,,,,,,,,,1,,1,1,,1,,1,4,1,1,2,1,2,1,1,,1,1,1,,1,1,1,1,1,1,1,2,,,,,,,,,,1,2,,,,,,,,,,,,,,
2024,Ghana,GHA,Sub-Saharan Africa (excluding high income),21563813,116877181,0.739242462,1,51,1,1,2,1,0,1,1,1,1,1,4,4,4,4,0,4,3,1,2,,,,,,,,,,,,,,,,,,,1,1,2,3,1,2,2,,,,,,,,,2,1,2,3,2,2,,2,2,,2,2,1,,1,2,1,,,,2,2,4,2,,,,2,2,,4,2,2,,2,,2,,2,2,,,,,2,,,,,,,,,2,2,,,,,,,,2,,,,,,4,0,1,,,,,,,,,,,,,,2,2,1,1,,1,,1,2,2,,2,2,,2,2,2,,,,,,,,,,,,,1,2,2,2,2,2,2,2,1,1,2,,,,,,,,,,,,,,
2024,Ghana,GHA,Sub-Saharan Africa (excluding high income),21563813,117019739,0.85798152,1,21,2,2,1,1,0,1,1,1,1,1,4,4,4,4,1,4,2,1,2,,,,,,,,,,,,,,,,,,,1,3,2,4,1,1,1,2,,,,,,,,2,1,2,3,2,2,,2,1,1,2,2,1,,2,2,2,,,,2,2,5,2,,,,1,2,,4,2,1,3,2,,1,2,1,2,,,,,2,,,,,,,,,2,2,,,,,,,,2,,,,,,5,0,1,,,,,,,,,,,,,,2,2,2,1,,1,,1,4,2,,1,1,1,2,2,2,,,,,,,,,,,,,1,2,2,2,1,2,2,1,5,1,2,,,,,,,,,,,,,,
2024,Ghana,GHA,Sub-Saharan Africa (excluding high income),21563813,117094638,0.510920052,2,24,3,5,2,1,1,1,1,1,1,1,4,1,4,4,1,1,1,1,1,1,1,2,3,,1,2,2,2,,,,,,,,,,,2,3,1,1,1,1,2,,,,,,,,1,1,2,2,2,2,,2,1,1,2,1,1,,2,2,2,,,,4,2,3,2,,,,1,1,1,,1,1,1,1,1,1,1,2,1,2,1,,,2,,,,,,,,,1,2,1,2,,,2,2,,2,,,,,,3,1,1,,,,,,,,,,,,,,1,,1,1,,1,,1,1,1,1,2,1,2,2,1,,1,1,2,,1,1,1,1,1,2,1,1,,,,,,,,,,1,2,,,,,,,,,,,,,,
2024,Ghana,GHA,Sub-Saharan Africa (excluding high income),21563813,117416972,1.306369506,1,45,1,2,2,1,0,0,0,0,0,0,4,4,4,4,0,3,3,0,2,,,,,,,,,,,,,,,,,,,,,,,,,,,2,2,2,2,2,2,2,2,,2,,,,2,2,2,,2,,2,,2,2,2,,,2,2,3,4,2,,,,,,,,,,,2,,2,,2,1,2,2,,2,2,,,,,,,,,2,2,,,,,,,,2,,,,,,1,0,2,1,2,2,2,2,2,2,1,1,2,2,2,,,,,,,,,,,,,,,,,2,2,,,,,,,,,,,,,,,,,,,,,,1,2,,,,,,,,,,,,,,
2024,Ghana,GHA,Sub-Saharan Africa (excluding high income),21563813,117580541,0.589257291,2,28,2,4,1,2,0,1,1,1,1,1,1,4,4,4,0,4,1,1,2,,,,,,,,,,,,,,,,,,,2,2,2,1,1,1,1,2,,,,,,,,2,1,2,2,1,2,,2,1,1,2,1,2,,1,2,1,,,,5,1,5,2,,,,2,2,,4,2,2,,1,1,1,1,2,2,,,,,1,2,2,1,,,1,2,,2,2,,,,,,,,2,,,,,,4,1,1,,,,,,,,,,,,,,1,,1,1,,1,,1,2,1,1,2,1,2,2,1,,1,1,1,,1,1,1,2,1,2,2,2,,,,,,,,,,1,1,,,,,,,,,,,,,,
2024,Ghana,GHA,Sub-Saharan Africa (excluding high income),21563813,117726872,0.776067855,1,42,2,3,1,2,1,1,1,1,1,1,1,4,4,4,1,2,1,1,1,1,2,2,2,,1,1,1,1,,,,,,,,,,,1,1,1,1,2,2,,,,,,,,,1,2,2,2,1,1,,1,2,,2,2,2,,2,2,2,1,1,,1,3,1,2,,,,2,1,1,,2,1,3,1,1,2,,2,1,2,2,,1,1,1,1,2,,,2,2,,2,2,,,,,,,,2,,,,,,3,1,1,,,,,,,,,,,,,,1,,1,1,,1,,1,4,1,1,2,2,,1,1,,1,1,1,,1,1,1,1,1,2,1,2,,,,,,,,,,1,1,,,,,,,,,,,,,,
2024,Ghana,GHA,Sub-Saharan Africa (excluding high income),21563813,117809193,0.474541681,1,24,2,5,2,2,0,0,0,0,0,0,4,4,4,4,0,4,3,0,2,,,,,,,,,,,,,,,,,,,,,,,,,,,2,2,1,2,2,1,1,2,,2,,,,2,2,2,,2,,2,,2,2,2,,,2,2,1,4,2,,,,,,,,,,,2,,2,,2,2,,,,,2,,,,,,,,,2,2,,,,,,,,2,,,,,,3,0,1,,,,,,,,,,,,,,2,2,2,1,,2,,,1,2,,2,2,,2,2,2,,,,,,,,,,,,,1,2,2,2,2,1,2,2,1,2,,1,2,2,2,2,2,2,1,2,2,1,2,,
2024,Ghana,GHA,Sub-Saharan Africa (excluding high income),21563813,117855143,0.723932267,1,24,2,4,2,2,0,1,1,1,1,1,4,4,4,4,0,4,1,1,2,,,,,,,,,,,,,,,,,,,2,2,3,1,2,2,2,,,,,,,,,2,2,1,,,,,2,1,2,2,2,1,2,1,2,2,,,,6,2,1,2,,,,2,2,,3,1,1,2,1,2,1,1,2,2,,,,,2,,,,,,,,,2,2,,,,,,,,2,,,,,,5,1,1,,,,,,,,,,,,,,1,,1,1,,1,,1,1,1,1,2,2,,2,1,,1,1,3,,1,1,1,1,1,2,1,1,,,,,,,,,,1,2,,,,,,,,,,,,,,
2024,Ghana,GHA,Sub-Saharan Africa (excluding high income),21563813,117904288,1.323640022,1,29,1,5,1,1,1,1,1,1,1,1,4,4,4,2,0,1,1,1,2,2,2,1,3,,1,1,1,2,,,,,,,,,,,1,1,1,2,1,2,,,,,,,,,1,2,2,1,2,2,,2,2,,2,2,1,,2,2,2,,,,1,3,4,2,,,,2,2,,4,1,2,,2,,1,1,2,1,2,1,,,2,,,,,,,,,2,2,,,,,,,,1,2,2,1,,1,4,1,1,,,,,,,,,,,,,,1,,1,1,,1,,1,4,1,1,2,2,,1,1,,2,1,2,,1,1,1,2,2,2,1,1,,,,,,,,,,1,2,,,,,,,,,,,,,,
2024,Ghana,GHA,Sub-Saharan Africa (excluding high income),21563813,118074157,1.030170382,2,30,2,3,1,1,1,1,1,1,1,1,1,4,4,4,1,1,1,1,2,1,2,2,2,,2,1,1,2,,,,,,,,,,,1,1,1,1,1,2,,,,,,,,,2,1,2,2,1,2,,2,1,1,2,1,1,,2,2,2,,,,2,1,3,2,,,,1,1,2,,1,2,,1,1,1,1,2,1,2,1,,,1,2,1,1,,,1,1,,2,2,,,,,,,,2,,,,,,4,1,1,,,,,,,,,,,,,,1,,1,1,,1,,1,4,1,1,2,1,2,2,1,,1,1,2,,1,1,1,1,1,1,2,1,,,,,,,,,,1,2,,,,,,,,,,,,,,
2024,Ghana,GHA,Sub-Saharan Africa (excluding high income),21563813,118208485,0.686780255,2,25,2,4,1,2,1,1,1,1,1,1,1,4,4,4,1,4,1,1,2,1,2,1,2,,1,1,2,2,,,,,,,,,,,2,1,1,1,1,2,,,,,,,,,1,1,2,3,2,2,,2,2,,2,2,1,,1,2,2,,,,3,2,2,2,,,,2,1,2,,1,1,1,1,1,1,1,2,2,,,,,1,2,1,1,,,2,3,,2,2,,,,,,,,2,,,,,,4,1,1,,,,,,,,,,,,,,1,,1,1,,1,,1,1,1,1,2,2,,2,1,,1,1,1,,1,1,1,1,1,2,2,1,,,,,,,,,,1,2,,,,,,,,,,,,,,
2024,Ghana,GHA,Sub-Saharan Africa (excluding high income),21563813,118278046,0.818766654,1,22,2,4,1,2,0,1,1,1,1,1,2,4,4,4,0,2,1,1,2,,,,,,,,,,,,,,,,,,,1,1,1,1,1,1,1,2,,,,,,,,2,1,2,1,2,2,,2,1,1,2,1,1,,2,2,1,,,,7,,5,2,,,,2,2,,1,2,2,,1,1,1,1,2,1,2,2,,1,1,2,2,2,1,,,,,2,2,,,,,,,,2,,,,,,4,1,1,,,,,,,,,,,,,,1,,1,1,,1,,1,2,2,,2,1,2,2,1,,2,1,2,,1,1,1,1,1,1,2,2,,,,,,,,,,1,1,,,,,,,,,,,,,,
2024,Ghana,GHA,Sub-Saharan Africa (excluding high income),21563813,118285596,2.081864546,1,53,1,4,1,1,0,1,1,1,1,1,4,3,4,4,0,2,1,1,2,,,,,,,,,,,,,,,,,,,1,2,4,2,2,1,2,,,,,,,,,2,2,1,,,,,2,2,,2,2,1,1,1,2,2,,,,1,2,4,2,,,,2,2,,4,2,2,,2,,1,1,2,1,2,2,,1,2,,,,,,,,,1,2,2,2,2,2,,,,2,,,,,,1,0,1,,,,,,,,,,,,,,2,2,1,1,,2,,,2,2,,2,1,2,2,2,2,,,,,,,,,,,,,1,2,2,1,2,2,2,2,1,1,2,,,,,,,,,,,,,,
2024,Ghana,GHA,Sub-Saharan Africa (excluding high income),21563813,118489750,0.613484732,1,18,2,4,2,1,0,1,1,1,1,1,4,4,4,2,0,4,1,1,2,,,,,,,,,,,,,,,,,,,1,1,1,1,1,1,1,1,,,,,,,,2,1,2,3,2,2,,2,2,,2,1,2,,2,2,2,,,,1,1,4,2,,,,2,2,,6,2,3,,1,1,1,1,2,2,,,,,2,,,,,,,,,2,2,,,,,,,,1,2,2,1,,1,7,1,1,,,,,,,,,,,,,,1,,1,1,,1,,1,2,2,,2,1,1,1,1,,1,1,2,,1,1,1,1,2,2,1,2,,,,,,,,,,1,1,,,,,,,,,,,,,,
2024,Ghana,GHA,Sub-Saharan Africa (excluding high income),21563813,118508750,2.241297426,2,18,1,1,1,1,0,1,1,1,1,1,4,5,4,1,1,4,1,1,2,,,,,,,,,,,,,,,,,,,2,1,3,3,1,2,2,,,,,,,,,2,1,2,2,1,2,,2,2,,2,2,1,,1,2,1,,,,7,,4,1,1,1,2,1,1,3,,2,2,,1,1,1,1,1,2,,,,,2,,,,,,,,,3,2,,,,,,,,1,2,1,,,2,4,0,1,,,,,,,,,,,,,,2,2,1,1,,1,,1,1,2,,2,2,,2,2,2,,,,,,,,,,,,,1,2,2,2,2,2,2,2,1,1,2,,,,,,,,,,,,,,
2024,Ghana,GHA,Sub-Saharan Africa (excluding high income),21563813,118604383,1.228149981,1,18,1,4,2,2,0,1,1,1,1,0,4,4,4,4,0,4,1,1,2,,,,,,,,,,,,,,,,,,,2,3,3,2,2,2,2,,,,,,,,,2,2,2,,,,2,2,1,2,2,2,2,,2,2,1,,,2,2,2,1,2,,,,2,2,,4,2,2,,2,,1,1,2,2,,,,,2,,,,,,,,,2,2,,,,,,,,2,,,,,,5,0,1,,,,,,,,,,,,,,2,2,2,1,,2,,,1,2,,2,2,,2,2,2,,,,,,,,,,,,,1,1,2,2,2,2,2,2,1,2,,2,2,1,2,2,2,2,2,1,2,2,2,,
2024,Ghana,GHA,Sub-Saharan Africa (excluding high income),21563813,118607113,1.529163562,2,37,2,1,1,1,1,1,1,1,0,1,4,4,4,2,0,2,1,1,2,1,2,3,3,1,1,1,1,2,,,,,,,,,,,1,1,1,1,1,1,2,,,,,,,,1,1,2,2,1,2,,2,2,,2,2,2,,2,2,2,,,2,1,3,2,1,1,2,2,2,2,,1,2,2,,1,1,1,1,2,1,2,2,,1,2,,,,,,,,,2,2,,,,,,,,1,2,2,1,,2,3,0,1,,,,,,,,,,,,,,2,2,1,1,,1,,1,1,2,,2,1,2,2,2,2,,,,,,,,,,,,,1,2,2,2,2,2,2,2,1,1,2,,,,,,,,,,,,,,
2024,Ghana,GHA,Sub-Saharan Africa (excluding high income),21563813,118818090,1.165369772,2,17,1,3,2,2,0,1,1,1,0,1,4,4,4,4,0,4,1,1,2,,,,,,,,,,,,,,,,,,,2,1,3,1,1,1,1,2,,,,,,,,2,1,2,2,1,2,,2,2,,2,2,2,,2,2,2,,,2,2,1,1,2,,,,2,2,,4,2,2,,1,1,1,1,2,2,,,,,2,,,,,,,,,2,2,,,,,,,,2,,,,,,5,0,1,,,,,,,,,,,,,,2,2,2,1,,1,,1,2,1,1,2,2,,2,2,2,,,,,,,,,,,,,1,2,2,2,2,2,1,2,1,2,,2,2,2,2,2,2,2,1,1,2,2,2,,
2024,Ghana,GHA,Sub-Saharan Africa (excluding high income),21563813,118819966,1.227880757,2,23,2,3,1,1,1,1,1,1,1,1,1,4,4,4,0,4,1,1,2,,,,,,,,,,,,,,,,,,,1,1,1,1,1,1,1,2,,,,,,,,2,1,2,1,2,2,,2,1,1,2,1,1,,2,1,1,,,,1,1,6,2,,,,3,2,,6,2,2,,1,1,1,1,2,2,,,,,1,2,1,1,,,2,1,,2,2,,,,,,,,2,,,,,,5,1,1,,,,,,,,,,,,,,1,,1,1,,1,,1,1,1,1,2,1,1,1,1,,1,1,1,,1,1,1,1,1,2,1,2,,,,,,,,,,1,1,,,,,,,,,,,,,,
2024,Ghana,GHA,Sub-Saharan Africa (excluding high income),21563813,118827924,1.583266944,1,35,1,1,1,1,0,0,0,0,1,1,2,4,4,2,0,4,3,0,2,,,,,,,,,,,,,,,,,,,,,,,,,,,1,3,1,1,1,2,2,2,,1,,,,,2,2,,2,,1,1,1,1,1,,,,8,,5,2,,,,,,,,,,,2,,2,,2,2,,,,,1,2,2,2,1,,,,,2,2,,,,,,,,1,2,2,1,,2,4,0,2,1,1,1,2,2,2,2,3,2,,,,2,,,,,,,,,,,,,,,,2,2,,,,,,,,,,,,,,,,,,,,,,1,2,,,,,,,,,,,,,,
2024,Ghana,GHA,Sub-Saharan Africa (excluding high income),21563813,118850478,0.682537848,1,34,2,2,2,2,0,0,0,0,1,0,4,4,4,2,0,2,3,0,2,,,,,,,,,,,,,,,,,,,,,,,,,,,2,2,2,2,2,3,1,2,,2,,,,2,2,2,,2,,1,,1,2,2,,,,2,2,4,2,,,,,,,,,,,2,,2,,2,1,2,2,,1,2,,,,,,,,,2,2,,,,,,,,1,2,2,1,,2,3,0,1,,,,,,,,,,,,,,1,,1,1,,1,,1,1,2,,2,1,2,2,2,2,,,,,1,1,1,2,2,2,2,2,,,,,,,,,,1,2,,,,,,,,,,,,,,
2024,Ghana,GHA,Sub-Saharan Africa (excluding high income),21563813,118866079,0.411331319,2,28,3,5,1,1,1,1,1,1,1,1,1,4,4,4,0,2,2,1,1,2,1,2,2,,1,1,1,2,,,,,,,,,,,2,2,2,1,1,2,,,,,,,,,1,1,2,2,1,2,,2,2,,2,2,1,,2,2,2,,,,2,3,2,2,,,,2,2,,4,2,2,,2,,1,2,2,1,2,2,,1,1,2,1,2,,,2,2,,2,2,,,,,,,,2,,,,,,3,1,1,,,,,,,,,,,,,,1,,1,1,,1,,1,4,1,1,2,1,2,2,1,,1,1,2,,1,1,1,1,1,2,2,2,,,,,,,,,,1,2,,,,,,,,,,,,,,
2024,Ghana,GHA,Sub-Saharan Africa (excluding high income),21563813,118890132,1.228149981,1,17,2,2,2,2,0,0,0,0,1,0,4,4,4,4,0,4,3,0,2,,,,,,,,,,,,,,,,,,,,,,,,,,,2,2,2,2,2,2,2,2,,2,,,,2,2,2,,2,,1,,2,2,2,,,,2,3,1,2,,,,,,,,,,,2,,2,,2,2,,,,,2,,,,,,,,,2,2,,,,,,,,2,,,,,,5,0,1,,,,,,,,,,,,,,2,2,2,1,,1,,1,4,1,1,2,1,2,2,2,2,,,,,,,,,,,,,1,2,2,2,2,2,2,2,1,2,,2,2,1,2,2,2,2,2,1,2,2,2,,
2024,Ghana,GHA,Sub-Saharan Africa (excluding high income),21563813,118968690,1.268295241,2,19,1,1,1,1,1,1,1,1,1,1,1,4,4,4,1,1,3,1,2,2,1,1,3,,1,1,2,2,,,,,,,,,,,1,2,3,1,1,2,,,,,,,,,1,1,2,1,1,2,,2,1,1,2,2,1,,2,2,2,,,,2,2,2,2,,,,2,2,,4,2,1,1,2,,2,,2,1,2,1,,,1,2,1,1,,,2,1,,2,2,,,,,,,,2,,,,,,2,0,1,,,,,,,,,,,,,,2,2,1,1,,1,,1,1,2,,2,2,,1,2,2,,,,,,,,,,,,,1,2,2,2,2,2,2,2,1,1,2,,,,,,,,,,,,,,
2024,Ghana,GHA,Sub-Saharan Africa (excluding high income),21563813,119002701,0.545191965,1,30,2,5,1,2,0,1,1,1,1,1,4,4,4,4,1,1,1,1,2,,,,,,,,,,,,,,,,,,,1,1,1,1,1,1,2,,,,,,,,,2,1,2,1,1,2,,2,2,,2,2,1,,1,2,1,,,,5,2,4,1,2,2,2,1,1,3,,1,2,,1,1,1,1,2,1,2,1,,,2,,,,,,,,,2,2,,,,,,,,2,,,,,,4,1,1,,,,,,,,,,,,,,1,,1,1,,1,,1,1,1,1,2,1,2,1,1,,1,1,1,,1,1,1,1,1,2,1,1,,,,,,,,,,1,1,,,,,,,,,,,,,,
2024,Ghana,GHA,Sub-Saharan Africa (excluding high income),21563813,119030338,0.940726254,2,24,2,3,2,2,1,1,1,1,1,1,3,4,4,4,1,1,1,1,1,1,2,3,3,1,1,1,1,2,,,,,,,,,,,1,3,1,2,1,1,2,,,,,,,,1,1,2,3,1,1,,2,1,1,1,1,2,,2,2,2,,,,2,2,3,1,2,2,2,2,1,3,,2,2,,1,1,1,1,1,1,2,1,,,1,2,2,2,2,2,,,,2,2,,,,,,,,2,,,,,,5,1,1,,,,,,,,,,,,,,2,2,1,1,,1,,1,1,2,,2,2,,2,1,,1,1,2,,1,1,1,1,1,2,2,2,1,2,2,2,2,2,2,2,1,1,2,,,,,,,,,,,,,,
2024,Ghana,GHA,Sub-Saharan Africa (excluding high income),21563813,119152341,0.71856592,1,39,3,4,1,1,1,1,1,1,1,1,1,4,4,4,1,4,1,1,1,1,1,2,1,,1,1,1,2,,,,,,,,,,,1,1,2,1,1,2,,,,,,,,,1,1,2,2,1,1,,1,2,,2,1,1,,2,2,2,,,,1,3,4,2,,,,2,1,3,,1,1,3,1,1,1,1,1,2,,,,,1,1,1,1,,,1,2,,2,2,,,,,,,,2,,,,,,3,1,1,,,,,,,,,,,,,,1,,1,1,,1,,1,1,1,1,2,2,,1,1,,1,1,3,,1,1,1,1,1,1,1,1,,,,,,,,,,1,2,,,,,,,,,,,,,,
2024,Ghana,GHA,Sub-Saharan Africa (excluding high income),21563813,119417163,0.31813991,1,45,3,5,1,2,1,1,1,1,1,1,1,4,4,4,0,2,1,1,1,1,2,1,1,,1,1,1,1,,,,,,,,,,,1,1,1,1,1,2,,,,,,,,,1,1,2,1,1,1,,1,2,,1,2,2,,2,1,2,1,1,,1,3,1,2,,,,2,2,,4,2,2,,1,1,2,,2,1,2,2,,1,1,2,1,2,,,2,2,,2,2,,,,,,,,2,,,,,,6,1,1,,,,,,,,,,,,,,1,,1,1,,1,,1,1,2,,2,2,,1,1,,1,1,1,,2,1,1,1,1,2,2,2,,,,,,,,,,1,1,,,,,,,,,,,,,,
2024,Ghana,GHA,Sub-Saharan Africa (excluding high income),21563813,119470141,0.557532732,1,64,2,1,1,2,0,1,1,1,1,1,4,4,4,1,0,1,1,1,2,,,,,,,,,,,,,,,,,,,3,3,2,2,1,1,2,,,,,,,,,2,1,1,2,1,1,,1,2,,2,1,1,1,2,2,2,,,,3,1,4,2,,,,1,2,,4,2,2,,1,1,1,1,1,1,2,1,,,2,,,,,,,,,2,2,,,,,,,,1,2,1,,,2,2,1,1,,,,,,,,,,,,,,1,,2,1,,1,,1,1,1,1,2,2,,1,1,,1,1,2,,1,1,1,1,1,2,1,2,,,,,,,,,,1,2,,,,,,,,,,,,,,
2024,Ghana,GHA,Sub-Saharan Africa (excluding high income),21563813,119557359,0.341522391,2,31,2,5,1,2,0,1,1,1,1,1,1,4,4,4,0,1,2,1,2,,,,,,,,,,,,,,,,,,,1,1,2,1,1,2,2,,,,,,,,,2,1,2,3,1,2,,2,2,,2,2,1,,2,2,1,,,,4,1,2,2,,,,2,2,,4,2,2,,1,2,2,,1,1,2,1,,,1,2,2,1,,,2,1,,2,2,,,,,,,,2,,,,,,2,1,1,,,,,,,,,,,,,,1,,1,1,,1,,1,1,1,1,2,2,,2,1,,1,1,2,,1,1,1,2,2,2,2,2,,,,,,,,,,1,1,,,,,,,,,,,,,,
2024,Ghana,GHA,Sub-Saharan Africa (excluding high income),21563813,119648881,1.447864534,1,20,2,5,1,1,0,1,1,1,1,1,4,4,4,4,1,1,1,1,2,,,,,,,,,,,,,,,,,,,1,1,1,1,1,2,2,,,,,,,,,2,1,1,1,1,2,,2,2,,2,2,1,2,2,2,2,,,,1,3,1,2,,,,1,1,2,,1,1,1,1,1,1,1,2,1,2,1,,,2,,,,,,,,,2,2,,,,,,,,2,,,,,,4,1,1,,,,,,,,,,,,,,1,,1,1,,1,,1,2,1,1,2,2,,2,1,,1,1,2,,1,1,1,1,2,1,2,2,,,,,,,,,,1,2,,,,,,,,,,,,,,
2024,Ghana,GHA,Sub-Saharan Africa (excluding high income),21563813,119761905,1.096629191,1,45,2,2,1,2,0,1,1,1,1,0,4,4,4,4,0,4,2,1,2,,,,,,,,,,,,,,,,,,,1,2,3,3,2,1,2,,,,,,,,,2,2,2,,,,2,2,2,,2,1,1,,2,1,2,,,,7,,4,2,,,,2,2,,4,2,2,,2,,1,2,2,2,,,,,2,,,,,,,,,2,2,,,,,,,,2,,,,,,3,0,1,,,,,,,,,,,,,,2,2,1,1,,1,,1,1,2,,2,1,2,2,2,2,,,,,,,,,,,,,1,2,2,2,2,2,2,2,1,1,2,,,,,,,,,,,,,,
2024,Ghana,GHA,Sub-Saharan Africa (excluding high income),21563813,119769281,2.418856659,1,18,1,3,2,2,0,0,0,0,0,0,4,4,4,4,0,4,3,0,2,,,,,,,,,,,,,,,,,,,,,,,,,,,2,2,2,1,2,2,2,2,,2,,,,2,2,2,,2,,2,,2,2,2,,,2,2,1,1,2,,,,,,,,,,,2,,2,,2,2,,,,,2,,,,,,,,,2,2,,,,,,,,2,,,,,,4,0,1,,,,,,,,,,,,,,2,2,2,1,,1,,1,2,2,,2,1,2,2,2,2,,,,,,,,,,,,,1,1,2,2,2,2,2,2,1,2,,2,2,1,2,2,2,2,1,2,2,1,2,,
2024,Ghana,GHA,Sub-Saharan Africa (excluding high income),21563813,119806513,0.292104789,2,39,2,5,1,2,1,1,1,1,1,1,1,1,4,4,1,1,1,1,1,1,1,1,1,,1,1,1,1,,,,,,,,,,,1,1,1,1,1,1,2,,,,,,,,1,1,1,1,1,1,,1,1,1,1,1,1,2,2,1,1,1,2,,1,3,1,2,,,,1,1,1,,1,1,1,1,1,1,1,1,1,1,1,,,1,1,1,1,,,1,1,,1,2,1,1,,,2,1,,2,,,,,,2,1,1,,,,,,,,,,,,,,1,,1,1,,1,,1,1,2,,2,1,2,1,1,,1,1,1,,1,1,1,1,1,2,1,1,,,,,,,,,,1,1,,,,,,,,,,,,,,
2024,Ghana,GHA,Sub-Saharan Africa (excluding high income),21563813,119942504,1.18284877,2,36,2,3,2,2,1,0,1,1,1,1,4,4,4,3,0,2,1,1,2,1,2,3,3,1,1,1,1,2,,,,,,,,,,,,,,,,,,,,,,,,,2,1,1,3,2,2,,2,2,,2,2,2,2,2,2,1,,,1,2,1,4,2,,,,2,2,,1,2,2,,1,1,1,1,2,1,2,2,,1,2,,,,,,,,,2,2,,,,,,,,1,2,2,2,2,2,3,1,1,,,,,,,,,,,,,,1,,2,2,,1,,1,1,2,,2,2,,1,1,,2,1,4,,1,1,1,1,1,2,1,1,,,,,,,,,,1,2,,,,,,,,,,,,,,
2024,Ghana,GHA,Sub-Saharan Africa (excluding high income),21563813,120119188,0.91490546,1,35,3,5,1,2,1,1,1,1,1,1,1,1,4,4,1,2,2,1,1,1,1,2,1,,1,2,1,1,,,,,,,,,,,2,1,1,1,1,1,2,,,,,,,,1,1,2,2,1,1,,1,1,1,1,1,2,,2,1,1,1,1,,1,3,4,2,,,,2,1,2,,2,1,1,1,2,2,,2,1,2,2,,1,1,1,1,1,,,2,2,,1,2,1,1,,,2,2,,2,,,,,,3,1,1,,,,,,,,,,,,,,1,,1,1,,1,,1,1,1,1,2,2,,2,1,,1,1,2,,1,1,1,1,1,1,1,1,,,,,,,,,,1,2,,,,,,,,,,,,,,
2024,Ghana,GHA,Sub-Saharan Africa (excluding high income),21563813,120182655,0.589257291,2,33,2,3,1,2,1,1,1,1,1,1,4,4,4,4,0,2,3,1,2,1,1,3,3,2,2,2,2,2,,,,,,,,,,,2,3,3,1,2,2,,,,,,,,,2,1,2,2,1,2,,2,1,2,2,1,1,,2,1,2,,,,7,,2,2,,,,2,2,,3,2,2,,2,,2,,2,1,2,2,,1,2,,,,,,,,,2,2,,,,,,,,2,,,,,,4,1,1,,,,,,,,,,,,,,1,,1,1,,1,,2,2,2,,2,1,2,1,1,,2,1,2,,1,1,1,1,2,2,2,2,,,,,,,,,,1,1,,,,,,,,,,,,,,
2024,Ghana,GHA,Sub-Saharan Africa (excluding high income),21563813,120231425,0.954273761,1,20,2,3,2,1,0,1,1,1,1,1,4,4,4,4,0,4,1,1,2,,,,,,,,,,,,,,,,,,,1,1,1,1,1,2,1,1,,,,,,,,2,1,1,1,2,2,,2,2,,2,2,1,2,2,2,2,,,,2,3,4,2,,,,2,2,,4,2,2,,2,,1,1,2,2,,,,,2,,,,,,,,,2,2,,,,,,,,2,,,,,,4,1,1,,,,,,,,,,,,,,1,,1,1,,1,,1,1,1,1,2,2,,2,1,,1,1,1,,1,1,1,1,2,2,2,2,,,,,,,,,,1,2,,,,,,,,,,,,,,
2024,Ghana,GHA,Sub-Saharan Africa (excluding high income),21563813,120239797,1.930409255,2,24,2,3,1,2,1,1,1,1,1,1,1,4,4,1,1,4,2,1,1,1,2,3,2,,1,2,1,2,,,,,,,,,,,1,1,1,1,1,1,1,,,,,,,,1,1,2,2,2,2,,2,1,1,2,1,1,,1,1,1,,,,2,2,2,2,,,,2,1,2,,1,1,1,1,2,2,,2,2,,,,,1,2,1,1,,,2,2,,2,2,,,,,,,,1,2,1,,,1,3,1,1,,,,,,,,,,,,,,1,,1,1,,1,,1,1,1,2,2,1,2,1,1,,1,1,3,,1,1,1,1,1,1,1,1,,,,,,,,,,1,2,,,,,,,,,,,,,,
2024,Ghana,GHA,Sub-Saharan Africa (excluding high income),21563813,120317244,0.758664052,2,21,2,5,1,1,1,1,1,1,1,1,4,4,4,1,1,2,1,1,2,1,2,1,2,,1,1,1,1,,,,,,,,,,,1,1,1,1,1,2,,,,,,,,,1,1,1,1,1,1,,1,2,,1,2,1,1,1,2,1,1,2,,2,2,4,1,1,1,2,1,1,2,,2,1,1,1,1,1,1,2,1,2,2,,1,2,,,,,,,,,2,2,,,,,,,,1,1,1,,,1,5,1,1,,,,,,,,,,,,,,1,,1,1,,1,,1,2,1,1,2,1,2,1,1,,1,1,2,,1,1,1,1,1,1,1,1,,,,,,,,,,1,2,,,,,,,,,,,,,,
2024,Ghana,GHA,Sub-Saharan Africa (excluding high income),21563813,120377252,1.247927488,2,20,2,1,1,1,0,0,0,0,0,0,4,4,4,4,0,4,3,0,2,,,,,,,,,,,,,,,,,,,,,,,,,,,1,2,2,2,2,2,2,2,,2,,,,2,2,2,,2,,2,,2,2,2,,,2,2,1,1,2,,,,,,,,,,,2,,2,,2,2,,,,,2,,,,,,,,,2,2,,,,,,,,2,,,,,,5,0,2,2,2,1,2,2,2,2,3,2,,,,1,,,,,,,,,,,,,,,,2,2,,,,,,,,,,,,,,,,,,,,,,1,2,,,,,,,,,,,,,,
2024,Ghana,GHA,Sub-Saharan Africa (excluding high income),21563813,120464456,0.292104789,2,37,3,5,1,1,1,1,1,1,1,1,1,4,4,4,1,4,1,1,1,1,1,2,1,,1,1,1,2,,,,,,,,,,,1,1,1,1,1,2,,,,,,,,,1,1,2,2,1,1,,1,1,1,1,1,1,,2,1,2,,,,3,2,3,2,,,,2,1,2,,2,1,2,1,1,1,1,2,2,,,,,1,1,1,2,,,2,2,,2,2,,,,,,,,2,,,,,,4,1,1,,,,,,,,,,,,,,1,,1,1,,1,,1,1,1,1,2,2,,1,1,,1,1,2,,1,1,1,1,1,1,1,2,,,,,,,,,,1,2,,,,,,,,,,,,,,
2024,Ghana,GHA,Sub-Saharan Africa (excluding high income),21563813,120532463,0.292104789,2,26,2,4,1,1,1,1,1,1,0,1,4,4,4,4,0,4,1,1,2,1,2,3,3,1,1,2,1,2,,,,,,,,,,,3,3,3,1,1,1,1,,,,,,,,1,1,1,3,2,2,,2,2,,2,2,2,2,2,2,2,,,2,1,2,4,2,,,,1,2,,4,2,2,,1,1,1,1,2,2,,,,,2,,,,,,,,,2,2,,,,,,,,2,,,,,,2,1,1,,,,,,,,,,,,,,1,,1,1,,1,,1,4,1,1,2,1,2,2,1,,1,1,1,,1,1,1,1,1,2,1,2,,,,,,,,,,1,2,,,,,,,,,,,,,,
2024,Ghana,GHA,Sub-Saharan Africa (excluding high income),21563813,120574438,0.292104789,2,25,1,1,1,2,1,1,1,1,1,1,4,4,4,1,1,1,1,1,2,1,2,3,3,1,1,1,1,2,,,,,,,,,,,1,1,1,1,2,1,1,,,,,,,,1,1,1,1,2,1,,2,2,,2,2,1,2,2,2,1,,,,3,2,2,1,1,1,2,1,1,1,,1,2,,1,1,1,1,2,1,2,1,,,2,,,,,,,,,2,2,,,,,,,,1,2,1,,,1,2,1,1,,,,,,,,,,,,,,1,,1,1,,1,,1,1,1,1,2,2,,2,1,,1,1,1,,1,1,1,1,1,2,1,2,,,,,,,,,,1,2,,,,,,,,,,,,,,
2024,Ghana,GHA,Sub-Saharan Africa (excluding high income),21563813,120594655,1.369585004,2,55,1,1,1,1,0,0,0,0,1,1,4,4,4,2,0,2,1,0,2,,,,,,,,,,,,,,,,,,,,,,,,,,,1,1,2,1,2,2,2,2,,1,,,,,2,2,,2,,2,2,2,2,1,,,1,2,1,5,2,,,,,,,,,,,2,,1,1,2,1,2,2,,1,2,,,,,,,,,2,2,,,,,,,,1,2,2,1,,2,3,0,2,2,2,1,2,2,2,2,3,2,,,,8,,,,,,,,,,,,,,,,2,2,,,,,,,,,,,,,,,,,,,,,,1,2,,,,,,,,,,,,,,
2024,Ghana,GHA,Sub-Saharan Africa (excluding high income),21563813,120613716,1.393435408,2,56,2,4,1,1,1,1,1,1,1,1,1,4,4,2,0,4,1,1,1,1,1,3,2,,1,1,2,2,,,,,,,,,,,2,2,1,1,2,2,,,,,,,,,1,1,2,2,1,1,,2,2,,2,2,1,,2,2,2,,,,3,2,2,2,,,,2,2,,4,2,2,,2,,1,1,2,2,,,,,1,1,1,2,,,1,2,,2,2,,,,,,,,1,2,2,1,,2,4,1,1,,,,,,,,,,,,,,1,,1,3,,1,,2,2,2,,2,2,,2,1,,1,1,2,,1,1,1,1,2,2,1,1,,,,,,,,,,1,2,,,,,,,,,,,,,,
2024,Ghana,GHA,Sub-Saharan Africa (excluding high income),21563813,120629129,0.589257291,2,25,2,4,1,2,1,1,1,1,1,1,1,4,4,4,1,2,1,1,2,1,1,2,2,,1,1,1,2,,,,,,,,,,,2,1,1,1,1,1,2,,,,,,,,1,1,2,2,1,1,,1,1,1,2,1,2,,2,2,1,,,,1,2,1,2,,,,2,2,,4,2,1,1,1,1,1,1,2,1,2,2,,1,1,2,1,2,,,2,2,,2,2,,,,,,,,2,,,,,,4,1,1,,,,,,,,,,,,,,1,,1,1,,1,,1,4,1,1,2,1,2,1,1,,1,1,1,,1,1,1,1,1,2,2,2,,,,,,,,,,1,1,,,,,,,,,,,,,,
2024,Ghana,GHA,Sub-Saharan Africa (excluding high income),21563813,120713675,1.150469687,2,18,2,1,2,1,0,1,1,1,1,0,4,4,4,4,0,4,1,1,2,,,,,,,,,,,,,,,,,,,2,2,1,2,1,1,1,1,,,,,,,,2,2,2,,,,2,2,2,,2,2,2,,2,2,1,,,1,2,1,1,2,,,,2,2,,2,1,2,,1,1,1,1,2,2,,,,,2,,,,,,,,,2,2,,,,,,,,2,,,,,,2,1,1,,,,,,,,,,,,,,1,,1,1,,1,,1,4,1,1,2,2,,2,1,,1,1,2,,1,1,1,1,1,2,2,2,,,,,,,,,,1,2,,,,,,,,,,,,,,
2024,Ghana,GHA,Sub-Saharan Africa (excluding high income),21563813,120944379,0.682537848,1,28,2,2,1,2,0,1,1,1,1,1,4,4,4,4,0,4,1,1,2,,,,,,,,,,,,,,,,,,,1,1,2,3,1,2,2,,,,,,,,,2,1,1,2,1,1,,2,2,,2,2,1,1,2,1,1,,,,3,1,2,2,,,,2,2,,4,2,2,,2,,1,1,1,2,,,,,2,,,,,,,,,2,2,,,,,,,,2,,,,,,3,0,1,,,,,,,,,,,,,,2,2,1,2,,1,,1,1,2,,1,2,,2,2,2,,,,,,,,,,,,,2,2,2,2,1,1,2,1,5,1,2,,,,,,,,,,,,,,
2024,Ghana,GHA,Sub-Saharan Africa (excluding high income),21563813,120951024,1.561858079,1,27,2,4,2,2,0,0,0,0,0,1,4,4,4,4,0,4,2,0,2,,,,,,,,,,,,,,,,,,,,,,,,,,,,,,,,,,2,2,1,,,,,2,1,1,2,2,2,2,2,2,2,,,2,2,1,2,2,,,,2,2,,2,2,1,3,2,,1,2,1,2,,,,,2,,,,,,,,,2,2,,,,,,,,2,,,,,,2,1,1,,,,,,,,,,,,,,1,,1,1,,1,,1,4,2,,2,1,2,2,1,,1,1,2,,1,1,1,1,1,2,2,2,,,,,,,,,,1,2,,,,,,,,,,,,,,
2024,Ghana,GHA,Sub-Saharan Africa (excluding high income),21563813,120952385,0.435206086,2,30,1,5,1,2,0,1,1,1,1,1,4,4,4,4,1,2,1,1,2,,,,,,,,,,,,,,,,,,,2,1,1,1,1,2,2,,,,,,,,,2,1,2,1,1,2,,2,2,,2,2,2,,2,2,1,,,2,1,3,1,1,1,1,2,2,1,1,,2,2,,1,1,2,,2,1,2,2,,1,2,,,,,,,,,2,2,,,,,,,,2,,,,,,1,1,1,,,,,,,,,,,,,,1,,1,1,,2,,,2,1,1,2,2,,2,1,,2,1,2,,2,2,1,2,2,2,2,2,,,,,,,,,,1,2,,,,,,,,,,,,,,
2024,Ghana,GHA,Sub-Saharan Africa (excluding high income),21563813,121126001,2.12449795,1,39,1,1,1,1,0,0,0,0,1,1,2,4,4,2,0,4,2,0,2,,,,,,,,,,,,,,,,,,,,,,,,,,,,,,,,,,2,2,2,,,,1,2,2,,2,2,1,,1,1,1,,,,5,1,4,2,,,,2,2,,4,2,2,,1,2,1,2,2,2,,,,,1,2,2,2,1,,,,,2,2,,,,,,,,1,2,2,1,,2,1,0,1,,,,,,,,,,,,,,2,2,2,1,,2,,,2,2,,2,2,,2,2,2,,,,,,,,,,,,,1,1,2,1,2,2,2,1,1,1,2,,,,,,,,,,,,,,
2024,Ghana,GHA,Sub-Saharan Africa (excluding high income),21563813,121135856,0.653669886,2,53,1,1,2,2,0,1,1,1,1,1,4,4,4,2,0,2,1,1,2,,,,,,,,,,,,,,,,,,,1,5,5,3,2,1,2,,,,,,,,,2,1,2,4,2,2,,2,2,,2,2,2,,2,2,1,,,2,2,1,4,2,,,,2,2,,4,2,2,,1,1,1,2,2,1,2,2,,1,2,,,,,,,,,2,2,,,,,,,,1,2,2,1,,2,4,0,1,,,,,,,,,,,,,,2,2,1,1,,2,,,2,2,,2,1,2,2,2,2,,,,,,,,,,,,,1,1,2,2,2,2,2,2,1,1,2,,,,,,,,,,,,,,
2024,Ghana,GHA,Sub-Saharan Africa (excluding high income),21563813,121347347,0.813874041,1,39,1,2,1,1,0,0,0,0,1,1,4,4,4,4,0,4,3,0,2,,,,,,,,,,,,,,,,,,,,,,,,,,,,,,,,,,2,2,2,,,,1,2,2,,2,2,2,,2,2,2,,,1,1,3,4,2,,,,2,2,,4,2,2,,2,,2,,2,2,,,,,2,,,,,,,,,2,2,,,,,,,,2,,,,,,4,0,1,,,,,,,,,,,,,,2,2,1,1,,1,,1,1,2,,2,2,,1,2,2,,,,,,,,,,,,,1,2,2,2,2,2,2,2,1,1,2,,,,,,,,,,,,,,
2024,Ghana,GHA,Sub-Saharan Africa (excluding high income),21563813,121448043,1.338118808,2,42,1,5,1,2,1,1,1,1,1,1,4,4,4,4,0,2,1,1,1,1,2,1,1,,1,1,1,2,,,,,,,,,,,2,2,1,1,2,2,,,,,,,,,2,1,2,3,1,2,,2,2,,2,2,1,,2,2,2,,,,1,2,2,2,,,,2,2,,4,2,2,,1,1,2,,2,1,2,2,,1,2,,,,,,,,,2,2,,,,,,,,2,,,,,,4,0,1,,,,,,,,,,,,,,2,2,1,1,,1,,1,2,2,,2,2,,2,2,2,,,,,,,,,,,,,2,2,2,1,2,2,1,1,8,1,2,,,,,,,,,,,,,,
2024,Ghana,GHA,Sub-Saharan Africa (excluding high income),21563813,121459343,1.733707802,1,55,2,4,2,1,0,1,1,1,1,1,4,4,4,4,1,1,1,1,2,,,,,,,,,,,,,,,,,,,1,1,1,1,1,1,1,2,,,,,,,,2,1,2,1,1,2,,2,2,,2,2,1,,2,2,2,,,,2,2,4,2,,,,1,1,1,,1,2,,1,1,1,1,1,1,2,1,,,2,,,,,,,,,2,2,,,,,,,,2,,,,,,1,0,1,,,,,,,,,,,,,,2,2,1,1,,1,,1,4,1,1,2,1,2,2,2,2,,,,,,,,,,,,,1,1,2,2,2,2,2,2,1,1,2,,,,,,,,,,,,,,
2024,Ghana,GHA,Sub-Saharan Africa (excluding high income),21563813,121596773,0.858618759,2,20,2,1,1,1,1,1,1,1,1,1,4,4,4,4,0,1,3,1,2,1,2,1,3,,1,1,1,2,,,,,,,,,,,1,1,1,1,1,1,1,,,,,,,,1,1,1,1,2,2,,2,1,2,2,2,1,2,2,2,2,,,,2,2,2,2,,,,2,2,,3,2,2,,2,,2,,1,1,2,1,,,2,,,,,,,,,2,2,,,,,,,,2,,,,,,2,1,1,,,,,,,,,,,,,,1,,1,1,,1,,1,1,1,1,2,1,2,1,1,,1,1,1,,1,1,1,1,1,2,1,2,,,,,,,,,,1,2,,,,,,,,,,,,,,
2024,Ghana,GHA,Sub-Saharan Africa (excluding high income),21563813,121767035,3.213152681,2,59,1,5,1,2,1,1,1,1,1,1,4,4,4,1,0,4,1,1,2,2,2,2,3,,1,1,2,2,,,,,,,,,,,1,3,3,1,2,2,,,,,,,,,2,1,2,3,3,2,,2,2,,2,2,1,,1,2,2,,,,1,3,4,2,,,,2,2,,4,2,2,,1,1,1,1,2,2,,,,,2,,,,,,,,,2,2,,,,,,,,1,2,1,,,2,3,1,1,,,,,,,,,,,,,,1,,1,2,,1,,2,8,1,1,2,1,2,2,1,,7,2,,2,2,2,2,2,2,2,2,2,,,,,,,,,,1,2,,,,,,,,,,,,,,
2024,Ghana,GHA,Sub-Saharan Africa (excluding high income),21563813,121817846,0.900662802,1,30,3,3,1,1,1,1,1,1,1,0,1,4,4,4,1,1,2,1,1,1,1,2,2,,2,1,1,2,,,,,,,,,,,2,3,3,2,2,2,,,,,,,,,2,2,2,,,,2,2,2,,2,2,1,,1,2,1,,,,2,1,3,1,1,1,1,1,1,2,,2,2,,1,2,2,,2,1,2,1,,,1,1,1,2,,,2,1,,2,2,,,,,,,,2,,,,,,3,1,1,,,,,,,,,,,,,,1,,1,1,,1,,1,4,1,1,2,2,,2,1,,1,1,1,,1,1,1,2,1,2,1,2,,,,,,,,,,1,2,,,,,,,,,,,,,,
2024,Ghana,GHA,Sub-Saharan Africa (excluding high income),21563813,121932117,0.457792489,2,35,3,5,1,1,1,1,1,1,0,1,1,4,4,1,1,4,1,1,1,1,2,2,3,,1,1,1,2,,,,,,,,,,,3,1,1,2,2,2,,,,,,,,,1,2,2,3,2,1,,1,2,,2,2,2,,2,2,2,,,2,1,2,4,2,,,,2,1,3,,2,2,,1,1,1,1,2,2,,,,,1,1,1,2,,,2,2,,2,2,,,,,,,,1,1,2,,,2,5,1,1,,,,,,,,,,,,,,1,,1,1,,1,,1,2,1,1,2,2,,2,1,,1,1,3,,1,1,1,1,1,2,1,1,,,,,,,,,,1,2,,,,,,,,,,,,,,
2024,Ghana,GHA,Sub-Saharan Africa (excluding high income),21563813,121944729,3.213152681,2,61,2,3,2,2,1,0,1,1,1,1,4,1,1,2,0,4,1,1,1,1,1,2,3,,2,1,1,1,,,,,,,,,,,,,,,,,,,,,,,,,2,1,2,3,1,1,,1,2,,1,2,1,,1,2,1,2,,,4,1,2,2,,,,2,2,,4,2,2,,1,1,1,1,2,2,,,,,2,,,,,,,,,1,1,1,2,,,1,1,,1,2,2,1,,2,3,1,1,,,,,,,,,,,,,,2,2,1,2,,1,,1,1,2,,2,2,,2,2,1,3,1,3,,1,1,1,2,1,2,1,2,1,1,2,1,2,2,2,2,1,1,2,,,,,,,,,,,,,,
2024,Ghana,GHA,Sub-Saharan Africa (excluding high income),21563813,121946869,0.597857982,1,28,2,1,1,1,0,1,1,1,0,0,4,3,4,4,0,4,1,1,2,,,,,,,,,,,,,,,,,,,1,3,4,2,1,2,2,,,,,,,,,2,2,2,,,,2,2,2,,2,2,2,,2,2,2,,,2,2,3,4,2,,,,1,2,,4,1,2,,1,1,1,2,2,2,,,,,2,,,,,,,,,1,2,2,2,2,2,,,,2,,,,,,2,0,1,,,,,,,,,,,,,,2,2,2,1,,1,,1,4,2,,2,2,,1,2,2,,,,,,,,,,,,,1,2,2,2,2,2,2,2,1,1,2,,,,,,,,,,,,,,
2024,Ghana,GHA,Sub-Saharan Africa (excluding high income),21563813,121949424,0.579221431,1,25,2,5,2,1,0,1,1,1,1,1,4,4,4,4,1,4,1,1,2,,,,,,,,,,,,,,,,,,,1,2,1,3,1,2,2,,,,,,,,,2,1,2,1,2,2,,2,1,1,2,1,2,,1,2,1,,,,7,,4,2,,,,2,1,3,,2,2,,1,1,1,1,2,2,,,,,2,,,,,,,,,2,2,,,,,,,,2,,,,,,4,1,1,,,,,,,,,,,,,,1,,1,1,,1,,1,4,1,1,1,1,1,1,1,,1,1,2,,1,1,1,1,1,1,1,1,,,,,,,,,,1,2,,,,,,,,,,,,,,
2024,Ghana,GHA,Sub-Saharan Africa (excluding high income),21563813,121985050,1.344129642,1,26,2,4,1,1,1,1,1,1,1,1,1,4,4,4,1,1,1,1,2,,,,,,,,,,,,,,,,,,,2,1,1,1,1,1,1,2,,,,,,,,2,1,1,2,2,2,,2,2,,2,1,1,2,1,2,1,,,,2,1,3,1,1,2,2,1,1,2,,2,2,,1,1,1,1,1,1,2,1,,,1,1,1,1,,,2,2,,2,2,,,,,,,,2,,,,,,6,1,1,,,,,,,,,,,,,,1,,1,1,,1,,1,1,1,1,2,1,2,1,1,,2,1,2,,2,1,1,1,1,1,1,1,,,,,,,,,,1,2,,,,,,,,,,,,,,
2024,Ghana,GHA,Sub-Saharan Africa (excluding high income),21563813,122124613,0.868832147,1,29,1,5,1,1,0,1,1,1,1,1,4,4,4,4,0,1,2,1,2,,,,,,,,,,,,,,,,,,,2,2,3,2,1,2,2,,,,,,,,,2,2,2,,,,1,2,1,2,2,2,1,,1,1,1,,,,5,1,4,1,2,1,2,2,2,,2,2,2,,2,,1,2,2,1,2,1,,,2,,,,,,,,,2,2,,,,,,,,2,,,,,,4,0,1,,,,,,,,,,,,,,2,2,2,1,,1,,1,1,1,1,8,2,,2,2,2,,,,,,,,,,,,,1,1,2,2,2,2,2,2,2,1,2,,,,,,,,,,,,,,
2024,Ghana,GHA,Sub-Saharan Africa (excluding high income),21563813,122146255,0.819374768,2,24,2,4,1,2,1,0,1,1,1,0,1,4,4,4,1,2,1,1,2,1,1,2,2,,2,1,2,2,,,,,,,,,,,,,,,,,,,,,,,,,2,2,2,,,,2,1,1,2,2,1,1,,2,2,1,,,,6,2,5,2,,,,1,1,3,,2,2,,1,1,1,1,2,1,2,2,,1,1,2,1,2,,,1,1,,2,2,,,,,,,,2,,,,,,4,1,1,,,,,,,,,,,,,,1,,1,1,,1,,1,1,2,,2,1,2,1,1,,1,1,1,,1,1,1,1,1,2,2,2,,,,,,,,,,1,2,,,,,,,,,,,,,,
2024,Ghana,GHA,Sub-Saharan Africa (excluding high income),21563813,122208429,0.589257291,2,33,2,1,1,2,0,1,1,1,1,0,4,4,4,4,0,4,3,1,2,,,,,,,,,,,,,,,,,,,1,1,1,1,2,2,2,,,,,,,,,2,2,2,,,,2,2,1,1,2,1,2,,2,2,2,,,,7,,1,2,,,,2,2,,4,2,2,,2,,2,,2,2,,,,,2,,,,,,,,,2,2,,,,,,,,2,,,,,,4,0,2,1,2,2,2,2,2,2,1,1,2,1,2,,,,,,,,,,,,,,,,,2,2,,,,,,,,,,,,,,,,,,,,,,1,2,,,,,,,,,,,,,,
2024,Ghana,GHA,Sub-Saharan Africa (excluding high income),21563813,122265372,0.292104789,2,42,3,4,1,2,1,1,1,1,1,1,1,1,1,4,1,1,1,1,1,1,1,2,2,,1,1,1,1,,,,,,,,,,,1,1,1,2,2,2,,,,,,,,,1,2,2,2,1,2,,2,2,,2,2,2,,2,2,2,1,1,,1,2,2,2,,,,1,1,3,,1,2,,1,1,1,1,1,1,1,1,,,1,1,1,1,,,1,2,,1,1,1,1,,,2,2,,2,,,,,,6,1,1,,,,,,,,,,,,,,1,,1,1,,1,,1,1,1,1,1,1,2,2,1,,1,2,,2,1,1,1,1,1,1,1,2,,,,,,,,,,1,2,,,,,,,,,,,,,,
2024,Ghana,GHA,Sub-Saharan Africa (excluding high income),21563813,122400764,0.954273761,1,15,2,4,2,1,0,0,0,0,0,1,4,4,4,4,0,4,2,0,2,,,,,,,,,,,,,,,,,,,,,,,,,,,2,2,1,1,2,1,2,2,,1,,,,,2,2,,2,,2,2,2,2,2,,,2,2,1,4,2,,,,,,,,,,,2,,1,2,2,2,,,,,2,,,,,,,,,2,2,,,,,,,,2,,,,,,5,1,2,1,2,2,2,2,2,1,1,1,2,2,2,,,,,,,,,,,,,,,,,1,,4,2,,2,2,1,1,2,2,2,2,2,,,,,,,,,,2,,2,2,2,1,2,2,2,2,2,2,2,2,,
2024,Ghana,GHA,Sub-Saharan Africa (excluding high income),21563813,122479140,0.517762837,2,37,2,4,1,2,1,1,1,1,1,1,4,4,4,4,1,1,1,1,1,1,2,3,3,1,1,1,1,2,,,,,,,,,,,2,1,1,1,2,1,1,,,,,,,,1,1,2,3,1,2,,2,1,1,2,1,1,,2,2,2,,,,1,3,4,2,,,,1,1,1,,1,1,2,1,1,1,1,1,1,2,1,,,2,,,,,,,,,2,2,,,,,,,,2,,,,,,6,1,1,,,,,,,,,,,,,,1,,1,1,,1,,1,3,1,1,2,2,,2,1,,1,1,2,,1,1,1,1,1,2,1,2,,,,,,,,,,1,2,,,,,,,,,,,,,,
2024,Ghana,GHA,Sub-Saharan Africa (excluding high income),21563813,122554817,0.588819963,1,26,2,4,1,2,1,1,1,1,0,1,1,4,4,4,1,2,1,1,2,1,1,2,2,,2,1,1,2,,,,,,,,,,,2,1,1,1,1,2,,,,,,,,,2,1,2,1,1,1,,1,2,,2,2,2,,2,2,2,,,2,3,2,2,2,,,,2,1,3,,2,1,3,1,1,2,,2,1,2,2,,1,1,2,1,2,,,1,1,,2,2,,,,,,,,2,,,,,,4,1,1,,,,,,,,,,,,,,1,,1,1,,1,,1,2,1,1,2,2,,2,1,,1,1,1,,1,1,1,1,1,2,2,2,,,,,,,,,,1,2,,,,,,,,,,,,,,
2024,Ghana,GHA,Sub-Saharan Africa (excluding high income),21563813,122556470,0.883116548,1,30,1,1,1,1,0,0,0,0,0,0,4,4,4,4,0,4,3,0,2,,,,,,,,,,,,,,,,,,,,,,,,,,,1,2,2,2,2,2,2,2,,2,,,,2,2,2,,2,,2,,2,2,2,,,2,2,1,6,2,,,,,,,,,,,2,,2,,2,2,,,,,2,,,,,,,,,2,2,,,,,,,,2,,,,,,2,0,2,1,2,2,1,2,2,2,1,2,,,,2,,,,,,,,,,,,,,,,2,2,,,,,,,,,,,,,,,,,,,,,,1,2,,,,,,,,,,,,,,
2024,Ghana,GHA,Sub-Saharan Africa (excluding high income),21563813,122571153,0.686270549,1,34,2,4,1,2,1,1,1,1,0,1,4,4,4,4,0,1,2,1,1,1,1,1,2,,1,1,1,2,,,,,,,,,,,1,1,1,1,2,2,,,,,,,,,2,1,2,1,2,2,,2,2,,2,2,2,,2,2,2,,,2,1,2,1,2,,,,2,2,,2,2,2,,2,,1,2,2,1,1,1,,,2,,,,,,,,,2,2,,,,,,,,2,,,,,,4,1,1,,,,,,,,,,,,,,1,,1,1,,1,,1,2,1,1,2,2,,2,1,,1,1,1,,1,1,1,1,2,2,2,2,,,,,,,,,,1,2,,,,,,,,,,,,,,
2024,Ghana,GHA,Sub-Saharan Africa (excluding high income),21563813,122591090,0.936798079,2,25,2,4,1,1,0,1,1,1,1,1,2,4,4,4,0,3,3,1,2,,,,,,,,,,,,,,,,,,,1,3,3,3,1,2,2,,,,,,,,,2,1,1,1,1,2,,2,1,1,2,1,1,2,2,2,2,,,,5,1,5,2,,,,2,2,,1,2,2,,2,,2,,2,1,2,2,,2,1,2,2,2,1,,,,,2,2,,,,,,,,2,,,,,,4,1,1,,,,,,,,,,,,,,1,,1,1,,1,,1,4,1,2,2,2,,2,1,,1,1,2,,2,1,1,2,1,2,2,1,,,,,,,,,,1,3,,,,,,,,,,,,,,
2024,Ghana,GHA,Sub-Saharan Africa (excluding high income),21563813,122657108,1.056295244,2,38,1,3,1,1,0,0,0,0,1,0,4,4,4,4,0,4,2,0,2,,,,,,,,,,,,,,,,,,,,,,,,,,,1,3,2,1,2,2,2,2,,2,,,,2,2,2,,2,,1,,2,2,2,,,,6,1,1,2,,,,,,,,,,,1,2,2,,2,2,,,,,2,,,,,,,,,2,2,,,,,,,,2,,,,,,6,0,2,1,2,1,2,2,2,2,1,2,,,,2,,,,,,,,,,,,,,,,2,2,,,,,,,,,,,,,,,,,,,,,,1,2,,,,,,,,,,,,,,
2024,Ghana,GHA,Sub-Saharan Africa (excluding high income),21563813,122816535,0.50217501,2,23,2,1,2,1,0,0,0,0,1,0,4,4,4,4,0,4,1,0,2,,,,,,,,,,,,,,,,,,,,,,,,,,,,,,,,,,2,2,2,,,,2,2,2,,2,2,2,,2,2,1,,,2,2,2,5,2,,,,2,1,3,,2,2,,1,1,2,,2,2,,,,,2,,,,,,,,,2,2,,,,,,,,2,,,,,,5,0,2,1,2,2,2,2,2,2,1,1,2,1,2,,,,,,,,,,,,,,,,,2,2,,,,,,,,,,,,,,,,,,,,,,1,2,,,,,,,,,,,,,,
2024,Ghana,GHA,Sub-Saharan Africa (excluding high income),21563813,122870707,0.819374768,2,23,2,4,1,2,0,1,1,1,1,1,1,4,4,4,1,1,1,1,2,,,,,,,,,,,,,,,,,,,1,1,1,1,2,1,2,,,,,,,,,2,2,1,,,,,2,2,,2,2,2,2,2,2,1,,,2,2,1,1,2,,,,2,1,1,,1,1,3,1,1,1,1,1,1,2,1,,,1,2,2,1,,,2,1,,2,2,,,,,,,,2,,,,,,1,1,1,,,,,,,,,,,,,,1,,1,1,,1,,1,8,1,1,2,1,2,1,1,,1,1,1,,1,1,1,1,1,1,2,2,,,,,,,,,,1,2,,,,,,,,,,,,,,
2024,Ghana,GHA,Sub-Saharan Africa (excluding high income),21563813,123039670,1.227992299,1,20,1,4,2,1,0,1,1,1,1,0,4,4,4,2,1,4,2,1,2,,,,,,,,,,,,,,,,,,,4,4,4,1,2,1,2,,,,,,,,,2,2,2,,,,2,2,2,,2,2,2,,1,1,2,,,2,8,,5,2,,,,1,1,5,,2,2,,2,,1,2,2,2,,,,,2,,,,,,,,,2,2,,,,,,,,1,2,2,1,,2,2,1,1,,,,,,,,,,,,,,1,,1,1,,2,,,2,1,1,2,1,2,2,2,1,1,2,,2,1,2,1,2,9,9,9,2,,,,,,,,,,1,2,,,,,,,,,,,,,,
2024,Ghana,GHA,Sub-Saharan Africa (excluding high income),21563813,123204919,0.954273761,1,21,1,3,1,1,0,0,0,0,1,0,4,3,4,4,0,4,1,0,2,,,,,,,,,,,,,,,,,,,,,,,,,,,1,2,1,1,1,2,1,2,,2,,,,2,2,1,2,2,,2,,2,2,1,,,2,4,1,4,1,2,2,,,,,,,,,1,1,1,2,2,2,,,,,2,,,,,,,,,1,2,2,2,2,2,,,,2,,,,,,4,1,1,,,,,,,,,,,,,,1,,2,1,,1,,1,1,1,1,2,1,2,2,1,,1,1,1,,1,1,1,2,1,2,1,2,,,,,,,,,,2,,2,2,2,2,1,1,1,2,2,2,1,1,,
2024,Ghana,GHA,Sub-Saharan Africa (excluding high income),21563813,123234358,1.247927488,2,17,2,3,2,1,0,0,0,0,1,0,4,4,4,4,0,4,2,0,2,,,,,,,,,,,,,,,,,,,,,,,,,,,2,3,2,1,2,2,2,2,,2,,,,2,2,2,,2,,1,,2,2,2,,,,8,,5,2,,,,,,,,,,,2,,1,2,2,2,,,,,2,,,,,,,,,2,2,,,,,,,,2,,,,,,5,0,2,2,2,2,2,2,8,1,7,1,2,1,2,,,,,,,,,,,,,,,,,2,2,,,,,,,,,,,,,,,,,,,,,,1,2,,,,,,,,,,,,,,
2024,Ghana,GHA,Sub-Saharan Africa (excluding high income),21563813,123303130,0.955166591,1,48,2,3,1,2,1,1,1,1,0,0,4,4,4,4,1,4,1,1,2,1,2,3,3,2,1,1,1,2,,,,,,,,,,,1,1,1,1,1,1,1,,,,,,,,2,2,2,,,,2,2,2,,2,2,2,,2,2,2,,,2,6,2,2,1,2,1,1,1,1,2,,2,2,,1,1,1,1,2,2,,,,,2,,,,,,,,,2,2,,,,,,,,2,,,,,,5,1,1,,,,,,,,,,,,,,1,,1,1,,1,,1,2,1,2,2,1,2,2,1,,2,1,1,,1,1,1,2,1,2,2,2,,,,,,,,,,1,2,,,,,,,,,,,,,,
2024,Ghana,GHA,Sub-Saharan Africa (excluding high income),21563813,123413211,0.292104789,1,41,2,2,1,1,1,1,1,1,1,1,1,4,4,1,1,1,1,1,1,1,1,2,1,,4,1,1,2,,,,,,,,,,,1,1,1,1,1,2,,,,,,,,,1,1,1,1,1,1,,2,2,,1,2,1,1,1,2,1,,,,1,2,3,1,2,2,2,1,1,2,,1,2,,1,1,1,1,2,1,2,1,,,1,1,1,2,,,2,2,,2,2,,,,,,,,1,2,1,,,1,4,0,1,,,,,,,,,,,,,,2,2,1,1,,1,,2,1,2,,2,2,,2,2,2,,,,,,,,,,,,,1,2,2,2,2,2,2,2,1,1,2,,,,,,,,,,,,,,
2024,Ghana,GHA,Sub-Saharan Africa (excluding high income),21563813,123503170,0.949083362,1,19,2,1,1,1,0,1,1,1,1,1,4,4,4,1,1,4,3,1,2,,,,,,,,,,,,,,,,,,,1,1,3,4,1,1,2,,,,,,,,,2,1,1,1,2,2,,2,1,2,2,2,1,2,2,2,1,,,,2,3,5,2,,,,2,1,3,,2,1,1,2,,2,,1,2,,,,,2,,,,,,,,,2,2,,,,,,,,1,2,1,,,1,6,1,1,,,,,,,,,,,,,,1,,2,2,,1,,1,1,2,,1,1,2,1,1,,2,1,2,,1,1,1,2,1,2,1,1,,,,,,,,,,1,2,,,,,,,,,,,,,,
2024,Ghana,GHA,Sub-Saharan Africa (excluding high income),21563813,123505600,0.909802516,2,35,3,3,1,1,1,1,1,1,1,1,1,1,4,1,1,1,1,1,1,1,1,2,2,,1,1,1,2,,,,,,,,,,,1,1,1,1,1,2,,,,,,,,,1,1,1,1,3,1,,1,1,1,2,1,1,1,2,2,1,,,,1,2,4,2,,,,2,1,3,,1,1,3,1,1,1,1,1,1,2,1,,,1,1,1,1,,,1,1,,1,2,1,1,,,3,1,,1,1,1,,,1,1,1,1,,,,,,,,,,,,,,1,,2,1,,1,,1,4,1,1,2,2,,1,2,1,1,1,1,,1,1,1,1,1,2,1,1,,,,,,,,,,1,1,,,,,,,,,,,,,,
2024,Ghana,GHA,Sub-Saharan Africa (excluding high income),21563813,123770569,0.57965163,2,34,2,5,1,1,0,1,1,1,0,1,4,4,4,4,0,2,3,1,2,,,,,,,,,,,,,,,,,,,2,1,3,3,1,2,2,,,,,,,,,2,1,1,2,2,1,,1,2,,2,2,2,2,2,2,2,,,2,1,3,3,2,,,,2,2,,4,2,2,,2,,2,,2,1,2,2,,1,2,,,,,,,,,2,2,,,,,,,,2,,,,,,3,1,1,,,,,,,,,,,,,,1,,1,1,,1,,1,1,1,1,2,1,1,2,1,,1,1,1,,1,1,1,1,1,2,1,2,,,,,,,,,,1,2,,,,,,,,,,,,,,
2024,Ghana,GHA,Sub-Saharan Africa (excluding high income),21563813,123851292,0.551145906,2,30,3,5,1,1,1,1,1,1,1,1,1,4,4,4,1,1,1,1,1,1,1,2,2,,1,2,2,2,,,,,,,,,,,2,3,3,1,2,2,,,,,,,,,1,1,2,2,1,1,,2,2,,2,2,1,,2,2,2,,,,4,3,2,2,,,,1,1,2,,1,1,1,1,1,1,1,2,1,2,1,,,1,1,1,2,,,3,2,,2,2,,,,,,,,2,,,,,,6,1,1,,,,,,,,,,,,,,1,,1,1,,1,,1,4,1,1,2,2,,2,1,,1,1,2,,1,1,1,1,1,2,2,2,,,,,,,,,,1,2,,,,,,,,,,,,,,
2024,Ghana,GHA,Sub-Saharan Africa (excluding high income),21563813,123853388,0.753851964,2,22,2,4,1,1,1,1,1,1,1,1,1,4,4,4,1,4,1,1,2,,,,,,,,,,,,,,,,,,,1,5,4,2,2,2,2,,,,,,,,,2,2,1,,,,,1,2,,2,2,1,2,2,1,2,,,,1,2,2,2,,,,2,1,3,,1,2,,1,1,1,1,1,2,,,,,1,2,1,1,,,2,2,,2,2,,,,,,,,2,,,,,,2,1,1,,,,,,,,,,,,,,1,,1,1,,1,,1,2,1,1,2,1,1,2,1,,1,1,1,,1,1,1,1,1,2,2,1,,,,,,,,,,1,1,,,,,,,,,,,,,,
2024,Ghana,GHA,Sub-Saharan Africa (excluding high income),21563813,123952176,2.116364037,1,46,1,5,1,2,0,1,1,1,0,0,1,4,4,4,0,4,2,1,2,,,,,,,,,,,,,,,,,,,1,2,2,2,2,2,2,,,,,,,,,2,2,2,,,,2,1,2,,2,2,2,,2,2,2,,,2,3,2,4,2,,,,2,2,,4,2,2,,1,2,2,,2,2,,,,,1,2,2,1,,,2,1,,2,2,,,,,,,,2,,,,,,6,0,1,,,,,,,,,,,,,,2,2,1,1,,2,,,3,2,,2,2,,2,2,2,,,,,,,,,,,,,2,2,2,1,2,2,2,1,4,1,2,,,,,,,,,,,,,,
2024,Ghana,GHA,Sub-Saharan Africa (excluding high income),21563813,124415050,0.676025697,1,26,2,2,2,2,0,1,1,1,1,1,4,4,4,4,1,4,1,1,2,,,,,,,,,,,,,,,,,,,1,2,1,1,2,2,1,1,,,,,,,,2,2,1,,,,,2,1,1,2,1,1,2,2,2,2,,,,4,1,2,2,,,,1,1,2,,1,2,,1,1,1,1,1,2,,,,,2,,,,,,,,,2,2,,,,,,,,2,,,,,,2,1,1,,,,,,,,,,,,,,1,,1,1,,1,,1,4,1,1,2,1,2,2,1,,1,1,1,,1,2,2,1,1,2,2,2,,,,,,,,,,1,2,,,,,,,,,,,,,,
2024,Ghana,GHA,Sub-Saharan Africa (excluding high income),21563813,124575855,2.161449806,1,65,1,2,2,1,0,0,0,0,0,0,4,4,4,4,0,4,2,0,2,,,,,,,,,,,,,,,,,,,,,,,,,,,2,2,2,2,2,2,2,2,,2,,,,2,2,2,,2,,2,,2,2,2,,,2,2,2,3,2,,,,,,,,,,,2,,1,2,1,2,,,,,2,,,,,,,,,2,2,,,,,,,,2,,,,,,4,0,2,2,2,2,1,2,2,1,4,1,2,2,2,,,,,,,,,,,,,,,,,2,2,,,,,,,,,,,,,,,,,,,,,,1,2,,,,,,,,,,,,,,
2024,Ghana,GHA,Sub-Saharan Africa (excluding high income),21563813,124610476,0.86976618,1,33,1,3,2,2,0,1,1,1,1,0,4,4,4,4,0,4,1,1,2,,,,,,,,,,,,,,,,,,,2,3,3,3,2,1,2,,,,,,,,,2,2,2,,,,2,2,1,1,2,1,1,,2,2,1,,,,2,1,5,2,,,,2,2,,3,2,2,,1,2,1,1,2,2,,,,,2,,,,,,,,,2,2,,,,,,,,2,,,,,,4,0,1,,,,,,,,,,,,,,2,2,1,1,,1,,2,2,2,,2,2,,2,2,2,,,,,,,,,,,,,1,2,2,2,2,2,2,2,1,1,1,,,,,,,,,,,,,,
2024,Ghana,GHA,Sub-Saharan Africa (excluding high income),21563813,124700797,0.858618759,2,23,2,5,1,2,1,1,1,1,1,1,1,4,4,4,0,1,1,1,2,,,,,,,,,,,,,,,,,,,,,,,,,,,,,,,,,,2,,2,,,,1,2,1,1,1,,2,,2,2,2,,,,3,2,2,2,,,,,,,,,,,1,1,2,,2,1,1,2,1,,1,1,1,1,,,1,2,,2,2,,,,,,,,2,,,,,,5,1,1,,,,,,,,,,,,,,1,,2,1,,1,,1,1,1,1,2,1,2,1,1,,1,1,2,,1,1,1,1,1,2,1,2,,,,,,,,,,2,,1,2,2,1,2,2,2,2,2,2,2,2,,
2024,Ghana,GHA,Sub-Saharan Africa (excluding high income),21563813,124725988,0.558283965,2,29,2,5,1,1,1,1,1,1,1,1,1,4,4,4,1,1,1,1,1,1,1,2,2,,1,1,1,1,,,,,,,,,,,2,1,1,1,2,1,1,,,,,,,,1,1,2,2,1,1,,1,2,,2,2,2,,2,2,2,1,1,,1,3,1,2,,,,1,1,1,,1,1,3,1,1,1,1,2,1,1,1,,,1,2,1,1,,,2,2,,2,2,,,,,,,,2,,,,,,6,1,1,,,,,,,,,,,,,,1,,1,1,,1,,1,4,1,1,2,1,2,2,1,,1,1,2,,1,1,1,1,1,2,2,2,,,,,,,,,,1,2,,,,,,,,,,,,,,
2024,Ghana,GHA,Sub-Saharan Africa (excluding high income),21563813,124818469,0.409383327,1,23,2,2,1,2,0,1,1,1,1,1,4,4,4,4,0,2,1,1,2,,,,,,,,,,,,,,,,,,,2,1,3,1,1,2,2,,,,,,,,,2,1,2,3,2,2,,2,1,1,2,1,2,,2,2,1,,,,7,,2,2,,,,2,2,,1,2,2,,1,1,1,1,2,1,2,2,,1,2,,,,,,,,,2,2,,,,,,,,2,,,,,,4,0,1,,,,,,,,,,,,,,2,2,2,1,,2,,,2,2,,2,1,2,2,2,2,,,,,,,,,,,,,1,1,2,2,2,2,2,2,1,2,,1,2,1,2,2,2,2,2,2,2,1,2,,
2024,Ghana,GHA,Sub-Saharan Africa (excluding high income),21563813,124862947,0.517762837,2,35,3,5,1,2,1,1,1,1,1,1,1,4,4,4,1,1,1,1,1,1,2,2,2,,1,1,1,1,,,,,,,,,,,1,1,1,1,1,2,,,,,,,,,1,1,2,2,2,1,,1,2,,1,2,2,,2,1,2,1,1,,1,3,1,2,,,,1,1,1,,2,1,3,1,1,2,,1,1,2,1,,,1,1,1,2,,,2,2,,2,2,,,,,,,,2,,,,,,3,1,1,,,,,,,,,,,,,,1,,1,1,,1,,1,4,1,1,2,1,2,1,1,,1,1,1,,1,1,1,1,1,2,1,2,,,,,,,,,,1,2,,,,,,,,,,,,,,
2024,Ghana,GHA,Sub-Saharan Africa (excluding high income),21563813,124933568,1.246027193,1,18,2,2,2,1,0,1,1,1,1,1,4,4,4,4,1,4,1,1,2,,,,,,,,,,,,,,,,,,,1,1,2,1,1,2,1,2,,,,,,,,2,1,1,1,2,2,,2,2,,2,2,1,2,1,2,2,,,,4,2,4,2,,,,1,1,3,,2,2,,1,1,1,1,2,2,,,,,2,,,,,,,,,2,2,,,,,,,,2,,,,,,4,1,1,,,,,,,,,,,,,,2,2,1,1,,1,,1,2,1,1,2,2,,1,2,1,4,1,4,,2,2,1,2,1,2,2,2,1,2,2,2,2,2,2,2,1,1,2,,,,,,,,,,,,,,
2024,Ghana,GHA,Sub-Saharan Africa (excluding high income),21563813,124994203,0.596035221,2,45,3,4,1,1,1,1,1,1,1,1,4,4,4,4,1,2,1,1,2,2,2,3,3,2,2,2,2,2,,,,,,,,,,,2,1,1,1,1,2,,,,,,,,,2,1,2,2,1,2,,2,1,1,2,1,2,,2,2,2,,,,2,1,4,2,,,,1,1,1,,2,2,,1,2,1,1,1,1,2,2,,1,2,,,,,,,,,2,2,,,,,,,,2,,,,,,4,1,1,,,,,,,,,,,,,,1,,1,1,,1,,1,2,1,1,2,1,2,2,1,,1,1,2,,1,1,1,1,1,2,2,2,,,,,,,,,,1,2,,,,,,,,,,,,,,
2024,Ghana,GHA,Sub-Saharan Africa (excluding high income),21563813,125103730,0.617021522,1,33,2,4,1,1,1,1,1,1,0,1,4,4,4,4,0,2,1,1,2,2,2,2,2,,1,1,1,2,,,,,,,,,,,1,1,1,1,1,2,,,,,,,,,1,1,2,2,1,2,,2,2,,2,2,2,,2,2,2,,,2,2,3,2,2,,,,2,2,,4,2,2,,1,1,1,1,2,1,2,2,,1,2,,,,,,,,,2,2,,,,,,,,2,,,,,,3,1,1,,,,,,,,,,,,,,1,,1,1,,1,,1,2,1,1,2,1,2,2,1,,1,1,2,,1,1,1,1,1,2,2,2,,,,,,,,,,1,2,,,,,,,,,,,,,,
2024,Ghana,GHA,Sub-Saharan Africa (excluding high income),21563813,125150063,0.470363127,2,22,2,2,1,2,1,0,1,1,1,1,4,4,4,4,1,1,3,1,1,1,2,1,2,,2,2,2,2,,,,,,,,,,,,,,,,,,2,2,2,2,1,2,1,2,,1,,,,,2,2,,2,,1,2,2,2,2,,,,4,1,3,1,1,1,1,1,1,1,,1,1,1,2,,2,,2,1,2,1,,,2,,,,,,,,,2,2,,,,,,,,2,,,,,,1,1,1,,,,,,,,,,,,,,2,2,1,1,,2,,,2,2,,2,1,2,2,1,,1,1,1,,2,2,2,1,1,2,2,2,1,1,2,2,2,2,1,2,1,1,2,,,,,,,,,,,,,,
2024,Ghana,GHA,Sub-Saharan Africa (excluding high income),21563813,125243859,0.292104789,2,24,2,5,1,2,1,1,1,1,0,1,1,4,4,4,1,1,2,1,1,1,2,2,2,,1,1,1,1,,,,,,,,,,,1,1,1,1,1,2,,,,,,,,,1,1,2,2,1,1,,1,2,,2,2,2,,2,2,2,2,,2,1,3,1,2,,,,2,1,3,,2,2,,1,2,2,,2,1,2,1,,,1,1,1,2,,,2,2,,2,2,,,,,,,,2,,,,,,4,1,1,,,,,,,,,,,,,,1,,1,1,,1,,1,2,1,1,2,1,2,1,1,,1,1,1,,1,1,1,1,1,1,1,2,,,,,,,,,,1,2,,,,,,,,,,,,,,
2024,Ghana,GHA,Sub-Saharan Africa (excluding high income),21563813,125249674,0.738099314,2,45,3,3,1,2,1,1,1,1,0,1,4,4,4,4,0,4,2,1,2,2,2,2,2,,2,2,2,2,,,,,,,,,,,1,2,1,1,1,2,,,,,,,,,2,1,2,2,1,2,,2,2,,2,2,2,,2,2,2,,,2,6,1,2,2,,,,2,2,,4,2,2,,1,2,2,,2,2,,,,,2,,,,,,,,,2,2,,,,,,,,2,,,,,,3,1,1,,,,,,,,,,,,,,1,,1,1,,1,,1,1,2,,2,2,,2,2,1,1,1,2,,1,1,1,1,1,2,2,2,,,,,,,,,,1,2,,,,,,,,,,,,,,
2024,Ghana,GHA,Sub-Saharan Africa (excluding high income),21563813,125337794,0.974752125,1,55,2,5,1,1,0,1,1,1,1,1,4,4,4,4,0,4,1,1,2,,,,,,,,,,,,,,,,,,,3,3,3,4,2,2,2,,,,,,,,,2,2,1,,,,,2,2,,2,2,1,1,1,2,1,,,,7,,4,1,1,2,2,2,2,,4,2,2,,2,,1,1,2,2,,,,,2,,,,,,,,,2,2,,,,,,,,2,,,,,,3,0,2,1,2,2,2,2,2,1,1,1,2,1,2,,,,,,,,,,,,,,,,,2,2,,,,,,,,,,,,,,,,,,,,,,1,2,,,,,,,,,,,,,,
2024,Ghana,GHA,Sub-Saharan Africa (excluding high income),21563813,125433004,1.815489892,2,17,1,1,2,2,0,0,0,0,1,0,4,4,4,4,0,4,3,0,2,,,,,,,,,,,,,,,,,,,,,,,,,,,2,2,1,1,2,2,2,2,,2,,,,2,2,2,,2,,1,,2,2,2,,,,2,4,1,2,,,,,,,,,,,2,,2,,2,2,,,,,2,,,,,,,,,2,2,,,,,,,,2,,,,,,5,0,2,1,2,2,1,1,2,2,1,2,,,,1,,,,,,,,,,,,,,,,2,2,,,,,,,,,,,,,,,,,,,,,,2,,2,2,1,1,2,2,2,2,2,2,2,2,,
2024,Ghana,GHA,Sub-Saharan Africa (excluding high income),21563813,125456277,0.753851964,2,21,2,1,1,1,0,0,0,0,1,0,4,4,4,4,0,4,3,0,2,,,,,,,,,,,,,,,,,,,,,,,,,,,1,3,2,1,2,2,2,2,,2,,,,2,2,2,,2,,1,,2,2,2,,,,2,1,5,2,,,,,,,,,,,2,,2,,2,2,,,,,2,,,,,,,,,2,2,,,,,,,,2,,,,,,5,0,2,2,2,1,2,2,2,2,3,2,,,,1,,,,,,,,,,,,,,,,2,2,,,,,,,,,,,,,,,,,,,,,,1,2,,,,,,,,,,,,,,
2024,Ghana,GHA,Sub-Saharan Africa (excluding high income),21563813,125488113,1.165369772,2,20,2,4,2,1,0,1,1,1,0,1,4,4,4,4,0,4,3,1,2,,,,,,,,,,,,,,,,,,,1,3,3,3,1,1,1,2,,,,,,,,2,1,2,3,2,2,,2,1,2,2,2,2,,2,2,2,,,2,2,2,3,2,,,,2,2,,4,2,2,,2,,2,,2,2,,,,,2,,,,,,,,,2,2,,,,,,,,2,,,,,,6,1,1,,,,,,,,,,,,,,1,,1,1,,1,,1,4,1,1,2,1,1,1,1,,1,1,2,,1,1,1,1,1,2,2,2,,,,,,,,,,1,2,,,,,,,,,,,,,,
2024,Ghana,GHA,Sub-Saharan Africa (excluding high income),21563813,125620999,0.292104789,2,42,3,5,2,1,1,1,1,1,1,0,1,4,4,4,0,4,1,1,2,1,2,2,2,,2,1,1,2,,,,,,,,,,,2,1,3,2,2,2,,,,,,,,,2,2,2,,,,2,2,2,,2,2,1,,2,2,2,,,,1,2,2,2,,,,2,2,,4,2,2,,1,1,2,,2,2,,,,,1,2,1,2,,,2,1,,2,2,,,,,,,,2,,,,,,4,0,1,,,,,,,,,,,,,,2,2,2,1,,2,,,1,2,,2,2,,2,2,2,,,,,,,,,,,,,2,2,2,2,2,2,2,2,,1,2,,,,,,,,,,,,,,
2024,Ghana,GHA,Sub-Saharan Africa (excluding high income),21563813,125749641,0.588819963,1,25,2,2,1,2,1,1,1,1,1,1,1,4,4,4,1,1,1,1,2,1,1,2,2,,2,1,1,2,,,,,,,,,,,2,1,1,1,2,1,2,,,,,,,,2,1,2,2,1,1,,1,1,1,2,1,2,,2,2,1,,,,1,2,2,2,,,,2,1,3,,2,2,,1,1,1,1,2,1,2,1,,,1,2,1,2,,,1,1,,2,2,,,,,,,,2,,,,,,4,1,1,,,,,,,,,,,,,,1,,1,1,,1,,1,4,1,1,2,1,2,1,1,,1,1,1,,1,1,1,1,2,2,2,2,,,,,,,,,,1,1,,,,,,,,,,,,,,
2024,Ghana,GHA,Sub-Saharan Africa (excluding high income),21563813,125900049,1.228149981,1,18,2,4,2,2,0,0,0,0,0,0,4,4,4,4,0,4,3,0,2,,,,,,,,,,,,,,,,,,,,,,,,,,,2,2,2,2,2,2,2,2,,2,,,,2,2,2,,2,,2,,2,2,2,,,2,2,4,1,2,,,,,,,,,,,2,,2,,2,2,,,,,2,,,,,,,,,2,2,,,,,,,,2,,,,,,5,1,1,,,,,,,,,,,,,,1,,1,1,,1,,1,1,1,1,2,2,,2,1,,1,1,2,,1,1,1,2,1,2,2,2,,,,,,,,,,1,2,,,,,,,,,,,,,,
2024,Ghana,GHA,Sub-Saharan Africa (excluding high income),21563813,125930990,0.819374768,2,24,2,4,1,2,0,1,1,1,1,1,1,4,4,4,1,2,1,1,2,,,,,,,,,,,,,,,,,,,2,2,1,1,1,2,2,,,,,,,,,2,1,2,2,1,1,,1,1,1,2,1,2,,1,2,1,,,,1,2,2,2,,,,2,1,2,,2,2,,1,1,2,,2,1,2,2,,1,1,2,2,1,,,1,2,,2,2,,,,,,,,2,,,,,,4,1,1,,,,,,,,,,,,,,1,,1,1,,1,,1,2,1,1,2,1,2,1,1,,1,1,1,,2,1,1,1,1,1,2,2,,,,,,,,,,1,1,,,,,,,,,,,,,,
2024,Ghana,GHA,Sub-Saharan Africa (excluding high income),21563813,126009099,0.753851964,2,19,1,3,1,1,1,1,1,1,0,1,4,4,4,1,0,4,1,1,2,1,2,2,3,,1,1,1,2,,,,,,,,,,,3,3,3,1,2,2,,,,,,,,,1,1,2,3,1,2,,2,2,,2,2,2,,2,2,2,,,2,2,1,1,2,,,,2,2,,4,2,2,,1,1,1,1,2,2,,,,,2,,,,,,,,,2,2,,,,,,,,1,2,1,,,2,1,0,1,,,,,,,,,,,,,,2,2,2,2,,1,,1,1,2,,2,1,2,2,2,2,,,,,,,,,,,,,1,2,2,2,2,2,2,2,1,2,,2,2,2,2,1,2,2,1,1,2,2,2,,
2024,Ghana,GHA,Sub-Saharan Africa (excluding high income),21563813,126013379,1.330840634,2,40,1,5,1,2,1,1,1,1,1,1,4,4,4,4,0,2,1,1,2,2,2,2,2,,1,2,2,2,,,,,,,,,,,2,2,2,1,1,2,,,,,,,,,2,1,2,3,2,2,,2,2,,2,2,1,,2,2,2,,,,2,2,2,2,,,,2,2,,4,2,2,,2,,1,1,1,1,2,2,,1,2,,,,,,,,,2,2,,,,,,,,2,,,,,,3,1,1,,,,,,,,,,,,,,1,,1,1,,1,,1,4,1,2,2,1,2,2,1,,1,1,2,,1,1,1,1,1,2,2,2,,,,,,,,,,1,1,,,,,,,,,,,,,,
2024,Ghana,GHA,Sub-Saharan Africa (excluding high income),21563813,126209225,0.617479796,2,30,2,5,1,1,1,1,1,1,0,1,4,4,4,4,0,2,3,1,1,2,1,2,2,,1,1,1,2,,,,,,,,,,,2,2,2,1,1,1,1,,,,,,,,1,1,2,2,1,2,,2,2,,2,2,2,,2,2,2,,,2,6,2,2,2,,,,2,2,,4,2,2,,2,,2,,2,1,2,2,,1,2,,,,,,,,,2,2,,,,,,,,2,,,,,,3,1,1,,,,,,,,,,,,,,1,,1,1,,1,,1,2,1,1,2,1,2,1,1,,1,1,2,,1,1,1,1,2,2,2,2,,,,,,,,,,1,2,,,,,,,,,,,,,,
2024,Ghana,GHA,Sub-Saharan Africa (excluding high income),21563813,126309196,0.85798152,1,20,2,2,1,1,0,1,1,1,1,1,1,4,4,4,1,4,3,1,2,,,,,,,,,,,,,,,,,,,1,1,3,4,1,1,1,1,,,,,,,,2,1,2,1,2,2,,2,1,2,2,2,1,,2,2,2,,,,2,2,5,2,,,,2,1,1,,2,1,3,2,,2,,1,2,,,,,1,2,2,1,,,2,2,,2,2,,,,,,,,2,,,,,,2,0,1,,,,,,,,,,,,,,1,,1,1,,1,,1,1,2,,2,2,,1,2,2,,,,,1,1,1,2,1,1,2,2,,,,,,,,,,1,2,,,,,,,,,,,,,,
2024,Ghana,GHA,Sub-Saharan Africa (excluding high income),21563813,126516732,3.213152681,1,60,1,2,1,2,0,1,1,1,1,1,4,4,4,2,0,4,1,1,2,,,,,,,,,,,,,,,,,,,1,3,3,3,1,2,2,,,,,,,,,2,1,1,3,3,2,,2,2,,2,2,2,2,2,2,1,,,2,2,2,2,2,,,,2,2,,4,2,2,,2,,1,1,2,2,,,,,2,,,,,,,,,2,2,,,,,,,,1,2,2,1,,2,3,0,1,,,,,,,,,,,,,,2,2,8,1,,2,,,2,2,,2,2,,2,2,2,,,,,,,,,,,,,2,2,2,1,2,2,2,1,8,2,,1,1,1,2,2,2,2,2,2,2,2,2,,
2024,Ghana,GHA,Sub-Saharan Africa (excluding high income),21563813,126576480,1.724277976,1,60,2,2,1,2,0,1,1,1,1,0,4,4,4,4,0,4,3,1,2,,,,,,,,,,,,,,,,,,,1,3,3,2,2,1,2,,,,,,,,,2,2,2,,,,2,2,2,,2,2,2,,2,1,2,,,2,4,3,1,2,,,,2,2,,4,2,2,,2,,2,,2,2,,,,,2,,,,,,,,,2,2,,,,,,,,2,,,,,,1,0,1,,,,,,,,,,,,,,2,2,2,1,,2,,,2,2,,2,1,2,2,2,2,,,,,,,,,,,,,1,1,2,2,2,2,2,2,1,1,2,,,,,,,,,,,,,,
2024,Ghana,GHA,Sub-Saharan Africa (excluding high income),21563813,126607625,1.748592472,2,40,1,1,1,1,0,0,0,0,0,0,4,4,4,4,0,4,3,0,2,,,,,,,,,,,,,,,,,,,,,,,,,,,2,2,2,2,2,2,2,2,,2,,,,2,2,2,,2,,2,,2,2,2,,,2,7,,2,2,,,,,,,,,,,2,,2,,2,2,,,,,2,,,,,,,,,2,2,,,,,,,,2,,,,,,2,0,2,1,2,2,1,2,2,2,1,1,2,1,2,,,,,,,,,,,,,,,,,2,2,,,,,,,,,,,,,,,,,,,,,,2,,2,2,1,2,2,2,2,2,1,2,2,2,,
2024,Ghana,GHA,Sub-Saharan Africa (excluding high income),21563813,126742615,2.244722085,2,50,1,3,1,1,1,1,1,1,1,1,1,4,4,4,0,4,1,1,2,1,2,2,2,,1,1,1,1,,,,,,,,,,,2,1,1,1,1,1,1,,,,,,,,1,1,1,1,1,2,,1,1,2,2,1,2,2,1,1,1,1,2,,3,2,2,2,,,,2,2,,3,2,1,2,1,1,1,1,2,2,,,,,1,2,2,1,,,2,2,,2,2,,,,,,,,2,,,,,,2,0,1,,,,,,,,,,,,,,1,,1,2,,1,,1,4,1,2,2,2,,2,2,2,,,,,2,1,2,2,2,2,2,2,,,,,,,,,,1,1,,,,,,,,,,,,,,
2024,Ghana,GHA,Sub-Saharan Africa (excluding high income),21563813,126810977,0.766410563,1,23,2,5,2,1,0,1,1,1,1,1,4,4,4,4,0,4,1,1,2,,,,,,,,,,,,,,,,,,,1,2,2,3,1,2,2,,,,,,,,,2,1,2,2,1,2,,2,2,,2,2,1,,2,2,2,,,,2,1,4,2,,,,2,2,,4,2,2,,2,,1,1,2,2,,,,,2,,,,,,,,,2,2,,,,,,,,2,,,,,,4,1,1,,,,,,,,,,,,,,1,,1,1,,1,,1,1,1,1,2,2,,2,1,,1,1,3,,1,1,1,1,1,2,2,1,,,,,,,,,,1,2,,,,,,,,,,,,,,
2024,Ghana,GHA,Sub-Saharan Africa (excluding high income),21563813,126848910,1.61064353,1,27,1,1,1,1,0,1,1,1,1,1,4,4,4,1,0,4,1,1,2,,,,,,,,,,,,,,,,,,,1,1,3,3,1,1,2,,,,,,,,,2,1,2,4,1,2,,2,2,,2,2,1,,2,2,2,,,,2,1,4,2,,,,2,2,,4,2,2,,1,1,1,1,2,2,,,,,2,,,,,,,,,2,2,,,,,,,,1,2,1,,,2,5,0,1,,,,,,,,,,,,,,2,2,1,1,,2,,,2,2,,2,1,2,2,2,2,,,,,,,,,,,,,2,2,2,2,2,2,2,2,,1,2,,,,,,,,,,,,,,
2024,Ghana,GHA,Sub-Saharan Africa (excluding high income),21563813,126980136,0.949788264,2,17,2,1,1,2,0,1,1,1,1,1,2,4,4,4,0,4,1,1,2,,,,,,,,,,,,,,,,,,,1,2,4,4,1,1,1,1,,,,,,,,2,1,2,4,3,2,,2,2,,2,2,2,,2,2,2,,,1,2,2,5,2,,,,2,2,,4,2,2,,1,1,1,1,2,2,,,,,1,2,2,2,1,,,,,2,2,,,,,,,,2,,,,,,3,1,1,,,,,,,,,,,,,,1,,2,1,,1,,1,1,2,,2,2,,2,1,,1,1,2,,2,2,1,2,1,2,2,2,,,,,,,,,,2,,2,2,2,1,2,2,2,2,2,2,2,2,,
2024,Ghana,GHA,Sub-Saharan Africa (excluding high income),21563813,127104115,0.589572895,2,47,2,5,1,1,1,1,1,1,0,1,1,4,4,1,1,4,1,1,1,1,1,2,2,,1,1,1,2,,,,,,,,,,,1,1,1,1,2,2,,,,,,,,,1,1,1,2,3,1,,1,2,,2,2,2,2,2,2,2,,,2,1,2,1,1,2,2,2,2,1,1,,2,2,,1,1,1,1,2,2,,,,,1,1,1,2,,,2,2,,2,2,,,,,,,,1,1,2,,,2,4,1,1,,,,,,,,,,,,,,1,,1,1,,1,,1,1,1,1,2,2,,2,1,,1,1,2,,2,1,1,1,1,2,2,2,,,,,,,,,,1,2,,,,,,,,,,,,,,
2024,Ghana,GHA,Sub-Saharan Africa (excluding high income),21563813,127130656,0.858618759,2,23,2,2,1,1,1,1,1,1,1,1,4,4,4,4,1,4,3,1,2,1,2,1,2,,1,1,1,2,,,,,,,,,,,1,3,4,1,2,2,,,,,,,,,1,1,2,1,2,2,,2,2,,2,2,1,,2,2,2,,,,2,2,1,2,,,,2,2,,4,2,1,3,2,,2,,2,2,,,,,2,,,,,,,,,2,2,,,,,,,,2,,,,,,2,1,1,,,,,,,,,,,,,,1,,1,1,,1,,1,1,1,1,2,1,2,1,1,,2,1,2,,1,1,1,1,1,1,1,1,,,,,,,,,,1,2,,,,,,,,,,,,,,
2024,Ghana,GHA,Sub-Saharan Africa (excluding high income),21563813,127201836,0.682537848,1,30,2,3,2,2,1,1,1,1,1,1,4,4,4,4,0,4,1,1,2,1,1,2,2,,2,1,2,2,,,,,,,,,,,2,1,1,1,2,2,,,,,,,,,2,1,2,4,2,2,,2,1,1,2,1,1,,2,2,1,,,,2,2,3,2,,,,2,2,,1,2,2,,2,,1,1,1,2,,,,,2,,,,,,,,,2,2,,,,,,,,2,,,,,,6,1,1,,,,,,,,,,,,,,1,,1,1,,1,,1,4,1,1,2,2,,2,1,,1,1,2,,1,1,1,1,1,2,2,1,,,,,,,,,,1,2,,,,,,,,,,,,,,
2024,Ghana,GHA,Sub-Saharan Africa (excluding high income),21563813,127209986,1.283381787,1,34,1,1,1,1,0,1,1,1,0,1,4,4,4,1,0,4,1,1,2,,,,,,,,,,,,,,,,,,,1,3,3,2,1,1,2,,,,,,,,,2,1,2,3,1,2,,2,1,2,2,2,2,,2,2,2,,,2,2,1,1,1,2,1,2,2,2,,1,2,2,,2,,1,1,2,2,,,,,2,,,,,,,,,2,2,,,,,,,,1,2,1,,,2,3,0,1,,,,,,,,,,,,,,2,2,1,1,,1,,1,2,2,,2,2,,2,2,2,,,,,,,,,,,,,1,1,2,2,2,2,2,2,1,1,2,,,,,,,,,,,,,,
2024,Ghana,GHA,Sub-Saharan Africa (excluding high income),21563813,127220320,1.283381787,1,31,1,2,1,1,0,1,1,1,0,1,2,4,4,2,0,4,1,1,2,,,,,,,,,,,,,,,,,,,1,1,3,3,1,2,2,,,,,,,,,2,1,2,3,1,2,,2,2,,2,2,2,,2,2,2,,,2,5,1,2,2,,,,2,2,,4,2,2,,1,1,1,1,2,2,,,,,1,2,2,2,1,,,,,2,2,,,,,,,,1,2,2,1,,2,4,0,1,,,,,,,,,,,,,,2,2,2,1,,1,,1,4,2,,2,2,,2,2,2,,,,,,,,,,,,,1,2,2,1,2,2,2,2,97,1,2,,,,,,,,,,,,,,
2024,Ghana,GHA,Sub-Saharan Africa (excluding high income),21563813,127249446,1.113248091,1,52,1,5,1,1,1,0,1,0,0,1,4,4,4,4,0,4,2,0,2,2,2,3,4,1,1,2,1,2,,,,,,,,,,,,,,,,,,,,,,,,,1,2,2,1,1,1,,1,2,,2,2,2,,2,2,2,,,2,1,3,4,2,,,,2,2,,3,2,2,,1,2,1,2,2,2,,,,,2,,,,,,,,,2,2,,,,,,,,2,,,,,,1,0,1,,,,,,,,,,,,,,2,2,1,1,,2,,,1,2,,2,1,2,2,2,2,,,,,,,,,,,,,2,2,2,1,2,1,2,2,6,1,2,,,,,,,,,,,,,,
2024,Ghana,GHA,Sub-Saharan Africa (excluding high income),21563813,127330242,1.156994715,2,20,2,3,1,1,1,1,1,1,1,1,1,4,4,4,1,4,3,1,1,1,1,2,2,,1,2,2,2,,,,,,,,,,,3,3,2,1,2,2,,,,,,,,,1,1,2,3,2,2,,2,2,,2,2,1,,2,2,2,,,,2,2,4,1,2,2,2,2,1,3,,2,2,,2,,2,,2,2,,,,,1,2,2,1,,,2,2,,2,2,,,,,,,,2,,,,,,5,1,1,,,,,,,,,,,,,,1,,1,1,,1,,1,1,1,1,2,2,,2,1,,1,1,1,,2,2,1,2,1,2,2,1,,,,,,,,,,1,2,,,,,,,,,,,,,,
2024,Ghana,GHA,Sub-Saharan Africa (excluding high income),21563813,127677483,0.68624325,2,34,2,5,1,2,0,1,1,1,1,1,4,4,4,4,1,4,1,1,2,,,,,,,,,,,,,,,,,,,2,3,2,1,1,1,2,,,,,,,,,1,1,1,3,2,2,,1,2,,2,2,2,2,1,1,2,,,2,3,2,1,2,,,,2,2,,4,1,1,3,1,1,1,1,2,2,,,,,2,,,,,,,,,2,2,,,,,,,,2,,,,,,4,1,1,,,,,,,,,,,,,,1,,1,1,,1,,1,1,1,1,2,2,,2,1,,1,1,2,,1,2,1,2,1,2,2,2,,,,,,,,,,1,2,,,,,,,,,,,,,,
2024,Ghana,GHA,Sub-Saharan Africa (excluding high income),21563813,127756329,0.392239704,1,30,2,4,1,2,1,1,1,1,0,1,1,4,4,4,1,4,1,1,2,1,2,2,2,,1,1,1,2,,,,,,,,,,,2,1,1,1,1,2,,,,,,,,,1,1,2,2,2,1,,1,2,,2,2,2,,2,2,2,,,2,1,3,1,2,,,,2,1,2,,2,2,,1,1,2,,2,2,,,,,1,1,1,2,,,2,2,,2,2,,,,,,,,2,,,,,,1,1,1,,,,,,,,,,,,,,1,,1,1,,1,,1,2,1,1,2,2,,2,1,,1,1,1,,1,1,1,1,1,2,1,2,,,,,,,,,,1,1,,,,,,,,,,,,,,
2024,Ghana,GHA,Sub-Saharan Africa (excluding high income),21563813,127846107,0.588359556,1,33,3,3,1,2,1,1,1,1,1,1,4,4,4,4,1,1,1,1,1,1,2,2,1,,1,1,1,2,,,,,,,,,,,1,1,1,2,1,2,,,,,,,,,1,1,2,2,1,1,,2,1,1,2,1,2,,2,2,2,,,,1,3,3,2,,,,2,1,1,,1,1,1,1,1,1,1,2,1,2,1,,,2,,,,,,,,,2,2,,,,,,,,2,,,,,,6,1,1,,,,,,,,,,,,,,1,,1,1,,1,,1,1,1,1,2,2,,1,1,,1,1,1,,1,1,1,1,1,2,1,2,,,,,,,,,,1,2,,,,,,,,,,,,,,
2024,Ghana,GHA,Sub-Saharan Africa (excluding high income),21563813,127927409,1.239610872,1,100,1,1,2,1,0,0,0,0,1,1,4,4,4,2,0,4,2,0,2,,,,,,,,,,,,,,,,,,,,,,,,,,,2,2,1,2,1,1,1,2,,2,,,,1,2,2,,2,,1,,2,1,1,,,,5,1,2,2,,,,,,,,,,,1,2,1,2,1,2,,,,,2,,,,,,,,,2,2,,,,,,,,1,2,2,1,,2,3,0,2,1,2,2,1,1,2,1,1,1,2,2,1,,,,,,,,,,,,,,,,,2,2,,,,,,,,,,,,,,,,,,,,,,2,,2,1,1,1,2,2,1,1,1,1,2,2,,
2024,Ghana,GHA,Sub-Saharan Africa (excluding high income),21563813,127983978,0.292104789,2,28,2,5,1,2,0,1,1,1,1,1,1,4,4,4,0,4,1,1,2,,,,,,,,,,,,,,,,,,,1,1,2,1,1,1,2,,,,,,,,,2,1,2,2,1,2,,1,1,1,2,1,1,,2,2,2,,,,7,,2,2,,,,2,2,,4,2,2,,1,1,2,,2,2,,,,,1,2,2,1,,,2,2,,2,2,,,,,,,,2,,,,,,4,1,1,,,,,,,,,,,,,,1,,1,1,,1,,1,1,1,1,2,1,2,2,1,,2,1,2,,1,1,1,1,1,2,2,1,,,,,,,,,,1,2,,,,,,,,,,,,,,
2024,Ghana,GHA,Sub-Saharan Africa (excluding high income),21563813,128013784,0.358268697,2,50,2,1,1,2,1,1,1,1,1,1,2,4,4,4,0,2,1,1,1,1,2,4,4,2,2,2,2,2,,,,,,,,,,,4,4,4,1,1,2,,,,,,,,,2,1,2,3,2,2,,2,2,,2,2,1,,1,2,1,,,,3,2,4,2,,,,1,2,,1,2,2,,1,1,1,1,2,1,2,2,,1,1,2,2,2,1,,,,,2,2,,,,,,,,2,,,,,,5,1,1,,,,,,,,,,,,,,1,,1,1,,1,,1,3,1,1,2,2,,2,1,,1,1,1,,1,1,1,1,1,2,1,2,,,,,,,,,,1,2,,,,,,,,,,,,,,
2024,Ghana,GHA,Sub-Saharan Africa (excluding high income),21563813,128149822,0.579221431,1,28,2,2,1,1,0,1,1,1,1,1,4,4,4,4,0,4,3,1,2,,,,,,,,,,,,,,,,,,,1,2,2,2,1,1,2,,,,,,,,,2,1,2,2,2,2,,2,2,,2,2,1,,2,2,2,,,,5,1,1,2,,,,2,2,,1,2,2,,2,,2,,2,2,,,,,2,,,,,,,,,2,2,,,,,,,,2,,,,,,3,0,1,,,,,,,,,,,,,,2,2,1,1,,1,,1,1,2,,2,2,,2,2,2,,,,,,,,,,,,,1,1,2,2,2,2,2,2,1,1,2,,,,,,,,,,,,,,
2024,Ghana,GHA,Sub-Saharan Africa (excluding high income),21563813,128186446,0.883229945,1,34,2,2,1,2,0,1,1,1,1,1,4,4,4,4,0,2,1,1,2,,,,,,,,,,,,,,,,,,,2,2,3,2,2,2,2,,,,,,,,,2,1,2,4,2,2,,2,1,1,2,1,1,,1,1,1,,,,2,1,2,2,,,,2,2,,1,2,2,,2,,1,1,2,1,2,2,,1,2,,,,,,,,,2,2,,,,,,,,2,,,,,,2,1,1,,,,,,,,,,,,,,1,,1,1,,1,,1,3,1,1,2,2,,2,2,1,2,1,2,,1,1,1,2,2,2,2,2,,,,,,,,,,1,2,,,,,,,,,,,,,,
2024,Ghana,GHA,Sub-Saharan Africa (excluding high income),21563813,128314532,0.86976618,1,28,1,2,2,2,0,1,1,1,1,1,4,4,4,4,0,4,1,1,2,,,,,,,,,,,,,,,,,,,2,1,3,1,1,2,2,,,,,,,,,2,1,2,3,2,2,,2,1,1,2,1,2,,2,2,1,,,,2,1,3,2,,,,2,2,,4,2,2,,2,,1,1,2,2,,,,,2,,,,,,,,,2,2,,,,,,,,2,,,,,,4,1,1,,,,,,,,,,,,,,1,,2,1,,1,,2,2,2,,2,2,,2,2,1,3,1,4,,1,1,1,2,2,2,2,2,,,,,,,,,,2,,2,2,1,2,2,2,2,2,1,2,1,2,,
2024,Ghana,GHA,Sub-Saharan Africa (excluding high income),21563813,128335619,1.247489508,1,45,1,5,1,1,0,1,1,1,1,1,5,4,4,4,0,2,1,1,2,,,,,,,,,,,,,,,,,,,1,1,1,3,2,2,2,,,,,,,,,2,2,1,,,,,2,2,,2,2,1,2,2,2,2,,,,1,2,3,2,,,,2,2,,4,2,2,,1,1,2,,2,1,2,2,,1,3,,,,,,,,,2,2,,,,,,,,2,,,,,,1,0,1,,,,,,,,,,,,,,2,2,1,1,,1,,2,2,2,,2,2,,2,2,2,,,,,,,,,,,,,1,2,2,2,2,2,2,1,8,1,2,,,,,,,,,,,,,,
2024,Ghana,GHA,Sub-Saharan Africa (excluding high income),21563813,128380880,1.017987446,2,60,1,3,2,1,0,1,1,1,0,1,4,4,4,4,0,4,3,1,2,,,,,,,,,,,,,,,,,,,1,3,3,3,1,3,1,2,,,,,,,,2,2,2,,,,1,2,2,,2,2,2,,2,2,2,,,2,2,3,3,2,,,,2,2,,4,2,2,,2,,2,,2,2,,,,,2,,,,,,,,,2,2,,,,,,,,2,,,,,,3,0,1,,,,,,,,,,,,,,2,2,2,1,,2,,,2,2,,2,2,,2,2,2,,,,,,,,,,,,,2,2,2,2,2,2,2,2,,1,2,,,,,,,,,,,,,,
2024,Ghana,GHA,Sub-Saharan Africa (excluding high income),21563813,128709829,3.032339356,1,68,1,2,2,1,0,0,0,0,1,0,4,4,4,2,0,4,1,0,2,,,,,,,,,,,,,,,,,,,,,,,,,,,1,1,2,1,2,2,2,2,,2,,,,2,2,2,,2,,2,,2,2,1,,,2,7,,2,2,,,,,,,,,,,2,,1,1,2,2,,,,,2,,,,,,,,,2,2,,,,,,,,1,2,2,1,,2,3,0,2,1,1,1,1,2,2,2,3,2,,,,1,,,,,,,,,,,,,,,,2,2,,,,,,,,,,,,,,,,,,,,,,1,3,,,,,,,,,,,,,,
2024,Ghana,GHA,Sub-Saharan Africa (excluding high income),21563813,128741268,2.116364037,1,50,1,2,1,2,0,1,1,1,1,1,4,4,4,4,0,2,1,1,2,,,,,,,,,,,,,,,,,,,1,1,1,1,1,1,1,2,,,,,,,,2,1,1,1,2,2,,2,2,,2,2,2,2,2,2,1,,,1,3,2,1,2,,,,2,2,,4,2,2,,2,,1,1,2,1,2,2,,1,2,,,,,,,,,2,2,,,,,,,,2,,,,,,4,0,1,,,,,,,,,,,,,,2,2,1,1,,2,,,2,2,,2,2,,2,2,2,,,,,,,,,,,,,2,2,2,1,2,2,2,1,4,1,2,,,,,,,,,,,,,,
2024,Ghana,GHA,Sub-Saharan Africa (excluding high income),21563813,128831784,0.805321765,1,26,1,1,2,1,0,1,1,1,1,1,4,4,4,4,1,4,1,1,2,,,,,,,,,,,,,,,,,,,1,3,5,1,1,2,2,,,,,,,,,2,1,2,1,3,2,,2,2,,2,2,1,,1,1,2,,,,2,2,5,1,1,2,2,2,1,3,,2,2,,1,1,1,1,2,2,,,,,2,,,,,,,,,2,2,,,,,,,,2,,,,,,2,0,1,,,,,,,,,,,,,,2,2,1,1,,1,,1,2,2,,2,2,,1,2,2,,,,,,,,,,,,,1,1,2,2,2,2,2,2,1,1,2,,,,,,,,,,,,,,
2024,Ghana,GHA,Sub-Saharan Africa (excluding high income),21563813,128903419,0.579221431,1,31,2,4,2,2,0,1,1,1,1,1,4,4,4,4,1,4,1,1,2,,,,,,,,,,,,,,,,,,,2,2,2,3,1,1,1,2,,,,,,,,2,1,2,3,2,2,,2,2,,2,2,1,,1,2,1,,,,2,2,1,2,,,,2,1,3,,2,2,,2,,1,1,2,2,,,,,2,,,,,,,,,2,2,,,,,,,,2,,,,,,4,1,1,,,,,,,,,,,,,,1,,1,1,,1,,1,1,1,1,2,1,2,2,1,,2,1,3,,1,1,1,1,1,2,2,1,,,,,,,,,,1,2,,,,,,,,,,,,,,
2024,Ghana,GHA,Sub-Saharan Africa (excluding high income),21563813,128957754,0.464868565,2,23,2,4,1,1,1,1,1,1,1,1,4,4,4,4,1,4,1,1,2,2,2,1,3,,1,2,2,2,,,,,,,,,,,1,1,1,1,2,2,,,,,,,,,1,2,1,1,2,1,,2,1,1,1,1,1,2,2,1,2,,,,1,3,4,2,,,,2,1,3,,2,2,,1,1,1,1,2,2,,,,,2,,,,,,,,,2,2,,,,,,,,2,,,,,,1,1,1,,,,,,,,,,,,,,1,,1,1,,1,,1,2,1,1,2,2,,1,1,,1,1,1,,1,1,1,1,2,2,2,2,,,,,,,,,,1,2,,,,,,,,,,,,,,
2024,Ghana,GHA,Sub-Saharan Africa (excluding high income),21563813,129007384,0.385974217,2,29,1,3,1,2,0,0,0,0,1,1,2,4,4,2,0,4,1,0,2,,,,,,,,,,,,,,,,,,,,,,,,,,,2,2,1,2,1,2,2,2,,1,,,,,2,2,,2,,1,1,2,1,2,,,,1,1,4,1,1,2,,,,,,,,,2,,1,1,1,2,,,,,1,2,2,2,1,,,,,2,2,,,,,,,,1,2,2,1,,2,2,0,1,,,,,,,,,,,,,,2,2,2,1,,2,,,2,2,,2,1,2,2,2,2,,,,,,,,,,,,,1,1,2,1,2,2,2,2,4,2,,2,2,1,2,2,2,2,1,1,2,2,2,,
2024,Ghana,GHA,Sub-Saharan Africa (excluding high income),21563813,129049992,3.213152681,1,70,1,3,1,1,1,1,1,1,0,1,4,4,4,4,0,4,1,1,2,2,1,3,3,1,1,1,1,2,,,,,,,,,,,1,1,1,1,2,2,,,,,,,,,1,1,2,2,2,2,,2,2,,2,2,2,,2,2,2,,,2,7,,2,2,,,,2,2,,4,2,2,,1,1,2,,2,2,,,,,2,,,,,,,,,2,2,,,,,,,,2,,,,,,2,0,1,,,,,,,,,,,,,,1,,1,1,,2,,,2,2,,2,2,,2,2,2,,,,,2,2,1,2,2,2,2,2,,,,,,,,,,1,2,,,,,,,,,,,,,,
2024,Ghana,GHA,Sub-Saharan Africa (excluding high income),21563813,129105497,1.130777947,2,18,2,3,1,1,0,1,1,1,0,1,4,4,4,4,0,4,1,1,2,,,,,,,,,,,,,,,,,,,2,3,3,3,1,1,2,,,,,,,,,2,1,2,3,2,2,,2,2,,2,2,2,,2,2,2,,,2,2,1,1,2,,,,2,2,,4,2,2,,1,1,1,1,2,2,,,,,2,,,,,,,,,2,2,,,,,,,,2,,,,,,3,0,1,,,,,,,,,,,,,,2,2,1,1,,1,,1,4,2,,2,1,2,2,2,2,,,,,,,,,,,,,1,2,2,2,2,2,2,2,1,1,2,,,,,,,,,,,,,,
2024,Ghana,GHA,Sub-Saharan Africa (excluding high income),21563813,129115593,1.158417006,1,45,2,3,1,1,1,1,1,1,0,1,4,4,4,4,1,2,1,1,2,1,2,2,3,,1,1,2,2,,,,,,,,,,,1,2,2,1,2,2,,,,,,,,,1,1,1,1,1,1,,2,2,,2,2,2,2,2,2,2,,,2,1,3,1,2,,,,1,1,3,,2,2,,1,1,2,,2,1,2,2,,1,2,,,,,,,,,2,2,,,,,,,,2,,,,,,1,1,1,,,,,,,,,,,,,,1,,1,1,,1,,1,4,2,,2,1,2,2,1,,1,1,1,,1,2,1,1,1,2,2,2,,,,,,,,,,1,1,,,,,,,,,,,,,,
2024,Ghana,GHA,Sub-Saharan Africa (excluding high income),21563813,129234497,1.432565935,1,52,1,1,2,1,0,0,0,0,1,1,4,4,4,2,0,4,2,0,2,,,,,,,,,,,,,,,,,,,,,,,,,,,2,4,4,4,4,4,4,3,,2,,,,1,2,2,,2,,1,,1,2,2,,,,7,,1,2,,,,,,,,,,,2,,1,2,2,2,,,,,2,,,,,,,,,2,2,,,,,,,,1,2,2,1,,2,4,0,2,1,2,2,1,2,2,2,1,2,,,,1,,,,,,,,,,,,,,,,3,2,,,,,,,,,,,,,,,,,,,,,,1,2,,,,,,,,,,,,,,
2024,Ghana,GHA,Sub-Saharan Africa (excluding high income),21563813,129255560,0.458851093,1,36,3,4,1,2,1,1,1,1,1,1,1,1,1,4,1,1,1,1,1,1,1,2,2,,1,1,1,2,,,,,,,,,,,3,3,3,2,2,2,,,,,,,,,1,2,1,1,2,2,,1,2,,1,2,2,2,2,1,1,,,,1,3,2,1,1,1,2,1,1,3,,1,1,1,1,1,1,1,1,1,1,1,,,1,1,1,1,,,2,2,,1,1,1,1,,,2,2,,2,,,,,,2,1,1,,,,,,,,,,,,,,1,,1,2,,1,,1,4,1,1,1,1,1,1,1,,1,1,3,,1,1,2,1,1,1,1,1,,,,,,,,,,1,2,,,,,,,,,,,,,,
2024,Ghana,GHA,Sub-Saharan Africa (excluding high income),21563813,129302141,1.736850144,2,17,2,1,2,1,0,1,1,1,1,0,4,1,4,4,0,4,3,1,2,,,,,,,,,,,,,,,,,,,,,,,,,,,,,,,,,,2,,2,,,,2,2,2,,2,,1,,2,2,2,,,,2,1,4,2,,,,,,,,,,,2,,2,,2,2,,,,,2,,,,,,,,,1,2,2,1,,,1,2,,2,,,,,,4,0,2,1,1,1,2,1,1,2,1,2,,,,1,,,,,,,,,,,,,,,,2,2,,,,,,,,,,,,,,,,,,,,,,2,,2,2,1,1,1,2,1,1,1,2,1,2,,
2024,Ghana,GHA,Sub-Saharan Africa (excluding high income),21563813,129335995,0.545596889,2,32,2,5,1,2,1,1,1,1,1,1,4,4,4,1,1,1,1,1,1,1,2,1,1,,1,1,1,1,,,,,,,,,,,1,1,1,1,1,2,,,,,,,,,1,1,1,1,1,2,,2,1,1,1,1,1,2,2,1,2,2,,,1,3,3,2,,,,1,1,1,,1,1,1,1,1,1,1,1,1,2,1,,,2,,,,,,,,,2,2,,,,,,,,1,1,1,,,1,1,1,1,,,,,,,,,,,,,,1,,1,1,,1,,1,2,1,2,2,1,2,1,1,,1,1,1,,1,1,1,2,1,2,2,2,,,,,,,,,,1,2,,,,,,,,,,,,,,
2024,Ghana,GHA,Sub-Saharan Africa (excluding high income),21563813,129581078,0.941944275,1,35,2,2,1,2,1,1,1,1,1,1,1,4,4,4,0,2,1,1,2,1,2,2,2,,2,1,1,2,,,,,,,,,,,2,1,1,1,2,1,1,,,,,,,,2,1,2,2,1,1,,1,1,1,2,1,2,,1,2,1,,,,1,2,1,2,,,,2,2,,4,2,2,,1,1,2,,2,1,2,2,,1,1,2,1,2,,,2,3,,2,2,,,,,,,,2,,,,,,4,1,1,,,,,,,,,,,,,,1,,1,1,,1,,1,4,2,,2,1,2,2,1,,1,1,1,,1,1,1,1,1,2,2,2,,,,,,,,,,1,2,,,,,,,,,,,,,,
2024,Ghana,GHA,Sub-Saharan Africa (excluding high income),21563813,129625095,0.900961145,2,37,2,5,1,2,1,1,1,1,1,1,4,4,4,4,0,2,1,1,2,2,2,2,2,,1,1,2,2,,,,,,,,,,,2,2,2,1,1,2,,,,,,,,,2,1,2,2,2,2,,2,2,,2,2,1,,2,2,1,,,,2,2,2,2,,,,2,2,,4,2,2,,2,,1,1,2,1,2,2,,1,2,,,,,,,,,2,2,,,,,,,,2,,,,,,3,1,1,,,,,,,,,,,,,,1,,1,1,,1,,1,2,1,1,2,1,2,2,1,,1,1,2,,1,1,1,1,1,2,2,2,,,,,,,,,,1,2,,,,,,,,,,,,,,
2024,Ghana,GHA,Sub-Saharan Africa (excluding high income),21563813,129712967,0.292104789,2,29,2,2,2,1,1,1,1,1,1,1,4,4,4,1,0,4,1,1,2,1,2,3,3,1,2,2,1,2,,,,,,,,,,,3,3,3,1,1,1,1,,,,,,,,1,1,2,3,1,2,,2,1,1,2,1,2,,1,2,2,,,,2,1,1,2,,,,2,2,,4,2,2,,2,,1,1,2,2,,,,,2,,,,,,,,,2,2,,,,,,,,1,2,1,,,2,5,0,1,,,,,,,,,,,,,,2,2,1,1,,1,,1,1,2,,2,1,1,2,2,2,,,,,,,,,,,,,1,1,2,2,2,2,2,2,1,1,2,,,,,,,,,,,,,,
2024,Ghana,GHA,Sub-Saharan Africa (excluding high income),21563813,129761606,0.292104789,2,35,2,5,2,1,0,0,0,0,0,0,4,4,4,4,0,3,1,0,2,,,,,,,,,,,,,,,,,,,,,,,,,,,2,2,1,2,1,2,2,2,,2,,,,2,2,1,2,2,,2,,2,2,2,,,2,2,2,2,2,,,,,,,,,,,2,,1,1,2,1,2,2,,2,2,,,,,,,,,2,2,,,,,,,,2,,,,,,5,0,1,,,,,,,,,,,,,,2,2,1,1,,1,,1,1,2,,2,2,,2,2,2,,,,,,,,,,,,,1,2,2,2,1,1,2,1,1,1,1,,,,,,,,,,,,,,
2024,Ghana,GHA,Sub-Saharan Africa (excluding high income),21563813,129955596,0.338012849,1,26,2,2,1,2,1,1,1,1,0,1,4,4,4,4,1,1,1,1,1,2,1,4,4,2,2,1,2,2,,,,,,,,,,,1,1,1,2,1,2,,,,,,,,,2,2,1,,,,,1,1,1,2,2,2,2,2,2,2,,,2,3,1,3,1,1,1,1,1,1,1,,1,2,,1,1,1,1,2,1,2,1,,,2,,,,,,,,,2,2,,,,,,,,2,,,,,,5,1,1,,,,,,,,,,,,,,1,,1,1,,1,,1,4,1,2,2,2,,1,1,,1,1,2,,1,1,1,1,1,2,1,1,,,,,,,,,,1,2,,,,,,,,,,,,,,
2024,Ghana,GHA,Sub-Saharan Africa (excluding high income),21563813,130054365,0.837425948,2,28,3,1,1,2,1,1,1,1,1,1,1,4,4,4,0,1,2,1,2,2,2,3,2,,2,1,1,2,,,,,,,,,,,2,1,2,1,1,2,,,,,,,,,2,1,2,3,1,2,,2,1,1,2,1,1,,2,2,1,,,,1,2,2,2,,,,2,2,,4,1,2,,2,,1,2,2,1,1,1,,,1,2,2,1,,,1,2,,2,2,,,,,,,,2,,,,,,4,1,1,,,,,,,,,,,,,,1,,1,1,,1,,1,4,1,1,2,2,,1,1,,1,1,2,,1,1,1,1,1,2,1,1,,,,,,,,,,1,2,,,,,,,,,,,,,,
2024,Ghana,GHA,Sub-Saharan Africa (excluding high income),21563813,130174145,1.322911211,2,35,2,2,1,1,1,1,1,1,0,0,1,4,4,4,0,4,1,1,2,2,2,4,4,2,2,1,2,2,,,,,,,,,,,4,4,4,2,2,2,,,,,,,,,2,2,2,,,,2,2,2,,2,2,2,,2,2,2,,,2,7,,1,2,,,,2,2,,4,2,2,,1,2,1,1,2,2,,,,,1,2,2,1,,,2,1,,2,2,,,,,,,,2,,,,,,4,1,1,,,,,,,,,,,,,,1,,1,1,,1,,1,4,1,1,2,2,,2,1,,2,1,2,,1,1,1,2,2,2,2,2,,,,,,,,,,1,2,,,,,,,,,,,,,,
2024,Ghana,GHA,Sub-Saharan Africa (excluding high income),21563813,130183693,2.027427569,1,31,1,1,1,1,0,0,0,0,1,1,4,4,4,4,0,2,1,0,2,,,,,,,,,,,,,,,,,,,,,,,,,,,2,1,1,1,1,1,1,2,,2,,,,1,2,2,,2,,1,,2,2,2,,,,2,1,1,2,,,,,,,,,,,2,,1,1,1,1,2,2,,1,2,,,,,,,,,2,2,,,,,,,,2,,,,,,5,0,2,1,2,2,2,2,2,2,1,2,,,,2,,,,,,,,,,,,,,,,2,2,,,,,,,,,,,,,,,,,,,,,,1,2,,,,,,,,,,,,,,
2024,Ghana,GHA,Sub-Saharan Africa (excluding high income),21563813,130195701,1.674918521,1,25,2,5,1,2,0,1,1,1,1,1,4,4,4,4,1,4,1,1,2,,,,,,,,,,,,,,,,,,,1,3,3,3,1,1,2,,,,,,,,,2,1,2,3,1,2,,2,2,,2,2,1,,2,2,2,,,,2,1,4,2,,,,2,2,,5,2,1,1,1,1,1,1,2,2,,,,,2,,,,,,,,,2,2,,,,,,,,2,,,,,,2,1,1,,,,,,,,,,,,,,1,,1,1,,1,,1,1,1,1,2,2,,2,1,,2,1,3,,1,1,1,1,1,2,2,2,,,,,,,,,,1,2,,,,,,,,,,,,,,
2024,Ghana,GHA,Sub-Saharan Africa (excluding high income),21563813,130233807,0.344393918,2,37,2,4,1,2,1,1,1,1,1,1,1,1,4,1,1,1,1,1,1,1,1,2,2,,1,1,1,1,,,,,,,,,,,1,2,3,1,1,1,1,,,,,,,,1,1,1,3,1,1,,2,2,,1,2,1,1,2,2,2,1,1,,3,3,1,2,,,,1,1,3,,1,1,1,1,1,1,1,1,1,2,1,,,1,1,1,1,,,1,3,,1,2,1,1,,,1,1,,1,2,1,,,1,2,1,1,,,,,,,,,,,,,,1,,1,1,,1,,1,1,1,1,1,1,1,1,1,,2,1,2,,1,1,1,2,2,1,2,1,,,,,,,,,,1,1,,,,,,,,,,,,,,
2024,Ghana,GHA,Sub-Saharan Africa (excluding high income),21563813,130421100,0.755737578,2,71,2,5,1,1,1,0,1,0,0,1,4,4,1,4,0,4,1,1,2,,,,,,,,,,,,,,,,,,,,,,,,,,,2,2,2,2,2,1,1,2,,2,,,,1,2,2,,2,,2,,2,2,2,,,2,2,1,1,2,,,,,,,,,,,1,2,1,1,2,2,,,,,2,,,,,,,,,2,1,1,2,,,1,2,,2,,,,,,5,0,1,,,,,,,,,,,,,,2,2,1,1,,1,,2,3,2,,2,1,9,2,2,2,,,,,,,,,,,,,2,2,2,2,2,2,2,2,,1,2,,,,,,,,,,,,,,
2024,Ghana,GHA,Sub-Saharan Africa (excluding high income),21563813,130476155,1.424682396,2,20,2,4,1,2,0,1,1,1,1,1,1,4,4,4,0,4,1,1,2,,,,,,,,,,,,,,,,,,,2,1,3,1,1,2,2,,,,,,,,,2,1,1,1,1,2,,2,1,2,2,2,1,2,2,1,1,,,,2,2,2,2,,,,2,2,,4,2,2,,1,2,1,1,2,2,,,,,1,2,2,1,,,1,2,,2,2,,,,,,,,2,,,,,,1,1,1,,,,,,,,,,,,,,1,,1,1,,1,,1,1,1,1,2,1,2,2,1,,1,1,2,,1,1,1,1,1,2,2,2,,,,,,,,,,1,2,,,,,,,,,,,,,,
2024,Ghana,GHA,Sub-Saharan Africa (excluding high income),21563813,130673460,0.517762837,2,37,2,4,1,2,1,1,1,1,1,1,1,4,4,4,1,1,2,1,1,2,2,2,2,,1,1,2,2,,,,,,,,,,,3,1,1,1,2,2,,,,,,,,,1,1,2,2,1,2,,2,1,1,2,1,2,,2,1,2,,,,1,2,3,1,2,2,1,1,1,2,,1,1,1,1,2,2,,1,1,2,1,,,1,2,1,1,,,2,2,,2,2,,,,,,,,2,,,,,,6,1,1,,,,,,,,,,,,,,1,,1,1,,1,,1,3,1,1,2,1,2,2,1,,1,1,1,,1,1,1,1,1,2,2,2,,,,,,,,,,1,2,,,,,,,,,,,,,,
2024,Ghana,GHA,Sub-Saharan Africa (excluding high income),21563813,130773780,1.20942833,1,23,1,3,2,2,0,1,1,1,1,0,4,4,4,4,0,4,1,1,2,,,,,,,,,,,,,,,,,,,1,3,3,3,2,1,2,,,,,,,,,2,2,2,,,,2,2,1,1,2,1,1,,2,2,1,,,,7,,2,2,,,,2,2,,4,2,2,,2,,1,1,2,2,,,,,2,,,,,,,,,2,2,,,,,,,,2,,,,,,4,0,1,,,,,,,,,,,,,,2,2,2,1,,2,,,2,2,,2,1,2,2,2,2,,,,,,,,,,,,,1,2,2,1,2,2,2,2,1,2,,2,2,1,2,2,2,2,2,1,2,1,2,,
2024,Ghana,GHA,Sub-Saharan Africa (excluding high income),21563813,130957205,0.88128626,1,39,2,4,1,1,1,1,1,1,1,1,4,4,4,4,0,4,1,1,2,2,2,1,3,,1,1,1,2,,,,,,,,,,,1,1,1,1,2,2,,,,,,,,,1,1,2,1,2,2,,2,1,1,1,1,2,,2,1,2,,,,1,2,4,2,,,,2,2,,4,2,2,,2,,1,1,2,2,,,,,2,,,,,,,,,2,2,,,,,,,,2,,,,,,4,1,1,,,,,,,,,,,,,,1,,1,1,,1,,1,4,2,,2,1,2,2,1,,1,1,1,,1,1,1,2,1,1,2,2,,,,,,,,,,1,2,,,,,,,,,,,,,,
2024,Ghana,GHA,Sub-Saharan Africa (excluding high income),21563813,131136261,0.819374768,2,23,2,5,2,2,0,1,1,1,1,0,4,4,4,4,0,2,1,1,2,,,,,,,,,,,,,,,,,,,2,3,3,3,1,2,2,,,,,,,,,2,2,2,,,,2,2,2,,2,2,1,,2,2,1,,,,2,1,1,2,,,,2,2,,3,2,2,,2,,1,1,2,1,2,2,,1,2,,,,,,,,,2,2,,,,,,,,2,,,,,,4,1,1,,,,,,,,,,,,,,1,,2,1,,1,,1,1,1,1,2,1,2,1,1,,1,1,1,,1,1,2,1,2,2,2,1,,,,,,,,,,2,,1,2,1,2,2,2,2,1,1,2,1,2,,
2024,Ghana,GHA,Sub-Saharan Africa (excluding high income),21563813,131213343,0.406937021,1,42,2,5,2,1,0,0,0,0,0,0,4,4,4,4,0,4,1,0,2,,,,,,,,,,,,,,,,,,,,,,,,,,,2,2,1,2,2,1,1,3,,2,,,,2,2,2,,2,,2,,2,2,2,,,2,2,2,4,2,,,,,,,,,,,1,1,2,,2,2,,,,,2,,,,,,,,,2,2,,,,,,,,2,,,,,,4,0,1,,,,,,,,,,,,,,2,2,1,1,,1,,1,1,2,,2,2,,2,2,2,,,,,,,,,,,,,1,2,2,2,2,2,1,2,1,1,2,,,,,,,,,,,,,,
2024,Ghana,GHA,Sub-Saharan Africa (excluding high income),21563813,131353879,0.57965163,2,32,2,4,1,2,1,1,1,1,0,1,4,4,4,4,0,4,1,1,2,2,2,3,3,1,1,1,2,2,,,,,,,,,,,3,3,2,1,2,2,,,,,,,,,1,1,2,3,1,1,,2,2,,2,2,2,,2,2,2,,,2,7,,1,2,,,,2,2,,2,2,2,,1,1,2,,2,2,,,,,2,,,,,,,,,2,2,,,,,,,,2,,,,,,4,1,1,,,,,,,,,,,,,,1,,1,1,,1,,1,1,1,2,2,2,,2,1,,2,1,3,,2,1,1,2,1,2,2,2,,,,,,,,,,1,2,,,,,,,,,,,,,,
2024,Ghana,GHA,Sub-Saharan Africa (excluding high income),21563813,131463757,1.899576528,2,15,2,1,2,2,0,1,1,1,1,1,4,4,4,4,1,4,2,1,2,,,,,,,,,,,,,,,,,,,1,1,5,4,1,2,1,1,,,,,,,,2,1,2,1,3,2,,2,2,,2,2,1,,2,2,2,,,,2,2,5,2,,,,2,2,,4,2,1,3,1,2,1,2,2,2,,,,,2,,,,,,,,,2,2,,,,,,,,2,,,,,,5,0,1,,,,,,,,,,,,,,2,2,2,1,,1,,1,4,2,,1,1,2,2,2,2,,,,,,,,,,,,,2,2,2,2,1,2,2,2,5,1,2,,,,,,,,,,,,,,
2024,Ghana,GHA,Sub-Saharan Africa (excluding high income),21563813,131489680,1.163594328,1,24,2,2,1,2,1,1,1,1,1,1,1,4,4,4,0,1,1,1,2,2,1,3,2,,1,1,1,2,,,,,,,,,,,2,3,2,1,1,2,,,,,,,,,2,1,2,3,1,2,,2,1,1,2,1,1,,2,2,1,,,,5,2,1,2,,,,2,2,,4,1,1,2,1,1,1,2,2,1,2,1,,,1,2,2,1,,,2,1,,2,2,,,,,,,,2,,,,,,5,1,1,,,,,,,,,,,,,,1,,1,1,,1,,1,4,2,,2,1,2,1,1,,2,1,2,,1,1,1,1,1,1,1,1,,,,,,,,,,1,2,,,,,,,,,,,,,,
2024,Ghana,GHA,Sub-Saharan Africa (excluding high income),21563813,131772750,0.517715571,2,26,2,1,1,2,1,1,1,1,1,0,4,4,4,4,1,4,1,1,1,1,2,4,3,2,2,2,2,2,,,,,,,,,,,1,1,4,1,1,1,2,,,,,,,,2,2,2,,,,3,2,2,,2,2,1,,2,2,2,,,,1,1,2,1,1,1,2,1,1,1,,2,2,,2,,1,1,1,2,,,,,2,,,,,,,,,2,2,,,,,,,,2,,,,,,2,0,1,,,,,,,,,,,,,,1,,1,1,,2,,,2,1,2,2,1,2,2,2,2,,,,,1,2,2,2,2,2,2,2,,,,,,,,,,1,2,,,,,,,,,,,,,,
2024,Ghana,GHA,Sub-Saharan Africa (excluding high income),21563813,131843537,2.035974891,2,60,1,3,2,1,0,0,0,0,1,0,4,4,4,4,0,2,3,0,2,,,,,,,,,,,,,,,,,,,,,,,,,,,2,2,2,2,2,2,2,2,,2,,,,2,2,2,,2,,2,,2,2,1,,,1,2,1,4,2,,,,,,,,,,,2,,2,,2,1,2,2,,1,2,,,,,,,,,2,2,,,,,,,,2,,,,,,3,0,1,,,,,,,,,,,,,,2,2,2,1,,2,,,2,2,,2,2,,2,2,2,,,,,,,,,,,,,1,1,2,1,2,2,2,1,8,1,2,,,,,,,,,,,,,,
2024,Ghana,GHA,Sub-Saharan Africa (excluding high income),21563813,131857560,0.579221431,1,27,2,5,1,1,0,1,1,1,1,1,1,4,4,4,1,1,1,1,2,,,,,,,,,,,,,,,,,,,2,2,2,1,1,2,2,,,,,,,,,2,2,1,,,,,2,1,1,2,1,1,2,1,2,1,,,,7,,4,2,,,,2,1,2,,2,2,,2,,1,1,2,1,2,1,,,1,2,2,1,,,2,2,,2,2,,,,,,,,2,,,,,,3,1,1,,,,,,,,,,,,,,2,2,1,1,,1,,1,4,2,,1,1,2,2,2,1,1,1,2,,1,1,1,2,1,1,2,1,1,2,2,2,2,2,1,2,1,1,2,,,,,,,,,,,,,,
2024,Ghana,GHA,Sub-Saharan Africa (excluding high income),21563813,131962269,1.246952641,2,18,2,5,1,2,0,1,1,1,1,1,4,4,4,4,1,4,1,1,2,,,,,,,,,,,,,,,,,,,1,2,2,2,1,2,2,,,,,,,,,2,1,2,2,2,2,,2,1,1,2,1,1,,2,2,2,,,,2,2,3,2,,,,1,1,2,,2,2,,1,1,1,1,1,2,,,,,2,,,,,,,,,2,2,,,,,,,,2,,,,,,2,0,1,,,,,,,,,,,,,,2,1,1,3,,1,,1,4,2,,2,1,2,1,2,2,,,,,,,,,,,,,1,1,2,2,2,2,2,2,1,1,2,,,,,,,,,,,,,,
2024,Ghana,GHA,Sub-Saharan Africa (excluding high income),21563813,132194002,1.165012725,1,43,2,2,1,2,1,1,1,1,1,1,2,4,4,4,0,2,1,1,2,2,2,3,3,1,2,1,1,2,,,,,,,,,,,3,3,3,1,2,2,,,,,,,,,2,1,2,3,2,2,,2,2,,2,2,1,,2,2,1,,,,3,1,2,2,,,,2,2,,4,2,2,,1,1,1,1,2,1,2,2,,1,1,2,2,2,1,,,,,2,2,,,,,,,,2,,,,,,2,0,1,,,,,,,,,,,,,,2,2,1,1,,2,,,3,2,,2,2,,2,2,2,,,,,,,,,,,,,1,1,2,2,2,2,2,2,1,1,2,,,,,,,,,,,,,,
2024,Ghana,GHA,Sub-Saharan Africa (excluding high income),21563813,132258997,1.301778185,1,40,1,4,1,1,0,1,1,1,1,1,4,4,4,4,0,4,1,1,2,,,,,,,,,,,,,,,,,,,2,1,1,2,1,1,1,2,,,,,,,,2,1,2,1,1,2,,2,1,1,2,1,1,,1,2,2,,,,2,2,3,1,2,1,2,2,2,,4,2,2,,1,2,1,1,2,2,,,,,2,,,,,,,,,2,2,,,,,,,,2,,,,,,1,1,1,,,,,,,,,,,,,,1,,1,1,,2,,,2,1,1,2,2,,2,1,,1,1,2,,1,1,1,2,2,2,2,2,,,,,,,,,,1,2,,,,,,,,,,,,,,
2024,Ghana,GHA,Sub-Saharan Africa (excluding high income),21563813,132316147,1.748592472,2,40,1,2,1,1,0,0,0,0,1,0,4,4,4,2,0,4,2,0,2,,,,,,,,,,,,,,,,,,,,,,,,,,,1,2,2,2,2,2,2,2,,2,,,,2,2,2,,2,,1,,2,2,1,,,,6,1,2,2,,,,,,,,,,,1,2,2,,2,2,,,,,2,,,,,,,,,2,2,,,,,,,,1,2,2,1,,2,2,0,1,,,,,,,,,,,,,,2,2,1,1,,2,,,4,2,,2,2,,2,2,2,,,,,,,,,,,,,1,2,1,2,2,2,2,2,3,1,2,,,,,,,,,,,,,,
2024,Ghana,GHA,Sub-Saharan Africa (excluding high income),21563813,132367141,0.900961145,2,42,2,5,1,2,0,1,1,1,1,1,4,4,4,4,0,4,1,1,2,,,,,,,,,,,,,,,,,,,1,1,1,1,1,2,2,,,,,,,,,2,1,1,1,2,2,,2,1,1,1,2,2,2,2,2,2,,,,1,3,3,2,,,,2,2,,1,2,2,,1,1,2,,2,2,,,,,2,,,,,,,,,2,2,,,,,,,,2,,,,,,2,1,1,,,,,,,,,,,,,,2,2,1,1,,2,,,2,2,,2,2,,2,2,1,2,1,2,,2,2,1,2,2,2,2,2,1,1,2,2,2,2,2,2,1,1,2,,,,,,,,,,,,,,
2024,Ghana,GHA,Sub-Saharan Africa (excluding high income),21563813,132456811,1.283381787,1,34,1,1,1,1,0,1,1,1,1,1,4,4,4,4,0,4,2,1,2,,,,,,,,,,,,,,,,,,,1,3,3,3,1,2,1,1,,,,,,,,2,1,2,3,1,2,,2,2,,2,2,1,,1,2,2,,,,2,1,1,2,,,,2,2,,1,2,2,,2,,1,2,2,2,,,,,2,,,,,,,,,2,2,,,,,,,,2,,,,,,2,0,1,,,,,,,,,,,,,,2,2,2,1,,1,,1,4,2,,2,2,,2,2,2,,,,,,,,,,,,,1,1,2,2,2,2,2,2,1,2,,2,2,2,2,1,2,2,1,1,2,2,2,,
2024,Ghana,GHA,Sub-Saharan Africa (excluding high income),21563813,132483691,0.47713688,1,24,2,2,1,1,1,1,1,1,1,1,2,4,4,4,0,4,1,1,2,1,2,2,3,,2,2,1,2,,,,,,,,,,,2,2,4,1,1,2,,,,,,,,,3,2,2,,,,1,2,1,1,2,1,1,,2,2,2,,,,7,,2,2,,,,2,2,,4,2,2,,1,1,2,,2,2,,,,,1,2,2,2,1,,,,,2,2,,,,,,,,2,,,,,,4,1,1,,,,,,,,,,,,,,1,,1,1,,1,,1,2,1,1,2,2,,2,1,,1,1,1,,1,1,1,2,2,2,2,2,,,,,,,,,,1,2,,,,,,,,,,,,,,
2024,Ghana,GHA,Sub-Saharan Africa (excluding high income),21563813,132507555,0.600171113,2,40,2,5,1,2,1,1,1,1,1,1,1,4,4,4,1,2,1,1,1,1,1,2,2,,1,1,1,1,,,,,,,,,,,2,2,1,1,1,1,2,,,,,,,,1,1,2,2,1,2,,2,2,,2,2,2,,2,2,2,1,1,,1,3,2,2,,,,2,1,2,,1,1,2,1,1,1,1,1,1,2,2,,1,1,2,1,2,,,2,2,,2,2,,,,,,,,2,,,,,,3,1,1,,,,,,,,,,,,,,1,,1,1,,1,,1,1,2,,2,1,2,1,1,,1,1,2,,1,1,1,1,1,2,2,2,,,,,,,,,,1,2,,,,,,,,,,,,,,
2024,Ghana,GHA,Sub-Saharan Africa (excluding high income),21563813,132557357,1.246952641,2,19,2,5,1,2,1,1,1,1,0,1,1,4,4,4,0,4,2,1,2,2,2,2,3,,1,1,1,2,,,,,,,,,,,3,3,3,2,2,2,,,,,,,,,1,2,2,3,2,2,,2,2,,2,2,2,,2,2,2,,,2,3,2,2,2,,,,2,2,,1,2,2,,2,,1,2,2,2,,,,,1,2,1,2,,,2,2,,2,2,,,,,,,,2,,,,,,5,0,2,1,2,2,2,2,2,2,1,1,1,2,2,,,,,,,,,,,,,,,,,2,2,,,,,,,,,,,,,,,,,,,,,,1,2,,,,,,,,,,,,,,
2024,Ghana,GHA,Sub-Saharan Africa (excluding high income),21563813,132653439,0.36334227,2,20,2,4,1,2,1,1,1,1,1,1,4,4,4,1,0,4,2,1,1,1,1,3,3,2,2,2,1,2,,,,,,,,,,,2,3,3,2,2,1,2,,,,,,,,2,1,1,2,1,1,,1,2,,2,2,1,2,2,2,1,,,,2,2,2,2,,,,2,2,,3,2,2,,1,2,1,2,2,2,,,,,2,,,,,,,,,2,2,,,,,,,,1,1,2,,,1,5,1,1,,,,,,,,,,,,,,1,,1,3,,1,,1,1,1,1,2,1,2,1,1,,2,2,,2,2,1,1,1,1,2,2,1,,,,,,,,,,1,1,,,,,,,,,,,,,,
2024,Ghana,GHA,Sub-Saharan Africa (excluding high income),21563813,132688652,0.788596628,1,36,2,3,1,1,1,1,1,1,0,1,4,4,4,1,0,2,1,1,2,2,2,1,5,,1,1,2,2,,,,,,,,,,,5,5,5,1,1,1,1,,,,,,,,1,2,2,2,2,1,,1,2,,2,2,2,,2,2,2,,,2,1,3,4,2,,,,2,2,,7,2,2,,2,,1,1,1,1,2,2,,1,2,,,,,,,,,2,2,,,,,,,,1,2,1,,,2,3,0,1,,,,,,,,,,,,,,2,2,1,1,,1,,2,2,2,,2,2,,2,2,2,,,,,,,,,,,,,2,9,2,8,2,2,2,8,,1,2,,,,,,,,,,,,,,
2024,Ghana,GHA,Sub-Saharan Africa (excluding high income),21563813,133153183,0.949083362,1,20,2,4,2,2,0,1,1,1,0,1,4,4,4,4,0,4,1,1,2,,,,,,,,,,,,,,,,,,,2,2,2,2,1,2,2,,,,,,,,,2,1,2,2,1,2,,2,2,,2,2,2,,2,2,2,,,2,2,3,2,2,,,,2,2,,4,2,2,,1,2,1,1,1,2,,,,,2,,,,,,,,,2,2,,,,,,,,2,,,,,,5,1,1,,,,,,,,,,,,,,1,,1,1,,1,,1,1,1,1,1,2,,2,1,,2,1,2,,1,1,1,1,2,2,2,2,,,,,,,,,,1,2,,,,,,,,,,,,,,
2024,Ghana,GHA,Sub-Saharan Africa (excluding high income),21563813,133193084,0.955876011,2,50,2,4,1,2,1,1,1,1,1,1,4,4,4,4,1,2,1,1,2,1,2,2,3,,1,1,2,2,,,,,,,,,,,1,1,1,1,2,2,,,,,,,,,1,1,2,2,1,1,,1,2,,1,2,2,,2,1,2,,,,1,3,1,2,,,,1,1,1,,2,1,3,1,1,2,,1,1,2,2,,1,2,,,,,,,,,2,2,,,,,,,,2,,,,,,3,1,1,,,,,,,,,,,,,,1,,1,1,,1,,1,4,1,1,2,1,2,1,1,,1,1,1,,1,1,1,1,1,2,2,2,,,,,,,,,,1,2,,,,,,,,,,,,,,
2024,Ghana,GHA,Sub-Saharan Africa (excluding high income),21563813,133403475,1.997161525,1,34,1,1,1,1,0,0,0,0,1,1,4,4,4,4,0,2,3,0,2,,,,,,,,,,,,,,,,,,,,,,,,,,,2,1,3,2,1,2,2,1,,1,1,1,2,,1,2,,1,,2,1,1,1,1,,,,1,1,4,2,,,,,,,,,,,2,,2,,2,1,2,2,,1,2,,,,,,,,,2,2,,,,,,,,2,,,,,,2,0,1,,,,,,,,,,,,,,2,2,2,1,,2,,,2,2,,2,2,,2,2,2,,,,,,,,,,,,,1,2,2,1,2,2,2,2,1,2,,2,2,1,1,2,2,2,1,1,1,2,2,,
2024,Ghana,GHA,Sub-Saharan Africa (excluding high income),21563813,133416091,0.408670026,1,22,2,4,1,1,1,1,1,1,1,1,4,4,4,4,0,4,1,1,1,2,2,1,2,,1,2,2,2,,,,,,,,,,,1,2,1,1,2,2,,,,,,,,,2,1,2,2,2,2,,2,1,1,2,1,2,,2,2,2,,,,1,1,4,2,,,,2,2,,6,2,2,,1,1,1,1,2,2,,,,,2,,,,,,,,,2,2,,,,,,,,2,,,,,,5,1,1,,,,,,,,,,,,,,1,,1,1,,1,,1,2,1,1,2,1,1,1,1,,1,1,1,,1,1,1,1,1,2,1,2,,,,,,,,,,1,1,,,,,,,,,,,,,,
2024,Ghana,GHA,Sub-Saharan Africa (excluding high income),21563813,133477442,0.65169761,1,33,1,1,1,1,1,1,1,1,1,1,4,4,4,1,0,1,1,1,2,2,2,3,3,1,1,1,1,2,,,,,,,,,,,3,3,1,1,2,2,,,,,,,,,1,1,1,1,2,2,,1,1,1,2,1,2,1,2,2,1,,,,8,,5,2,,,,1,2,,6,2,2,,1,1,1,1,2,1,1,1,,,2,,,,,,,,,2,2,,,,,,,,1,2,1,,,2,5,1,1,,,,,,,,,,,,,,2,2,1,1,,1,,2,1,2,,2,1,1,1,2,1,1,1,2,,1,1,1,1,2,2,1,2,1,2,1,2,2,2,2,2,98,1,1,,,,,,,,,,,,,,
2024,Ghana,GHA,Sub-Saharan Africa (excluding high income),21563813,133742951,1.351441718,2,36,2,5,1,2,1,1,1,1,1,1,4,4,4,4,1,1,1,1,1,1,1,1,1,,1,2,1,2,,,,,,,,,,,1,1,1,2,1,2,,,,,,,,,1,1,2,1,1,1,,2,1,1,1,1,1,,2,2,2,,,,1,2,2,2,,,,1,1,1,,1,1,1,1,1,1,1,1,1,1,1,,,2,,,,,,,,,2,2,,,,,,,,2,,,,,,6,1,1,,,,,,,,,,,,,,2,1,1,1,,1,,1,1,1,1,2,1,2,2,1,,1,1,1,,1,1,1,1,1,1,1,2,2,1,1,2,2,1,2,2,6,1,2,,,,,,,,,,,,,,
2024,Ghana,GHA,Sub-Saharan Africa (excluding high income),21563813,133897869,1.080724903,1,56,1,3,2,2,0,1,1,1,1,1,4,4,4,2,0,4,1,1,2,,,,,,,,,,,,,,,,,,,1,3,3,4,2,2,2,,,,,,,,,2,2,2,,,,1,2,2,,2,2,1,,2,2,2,,,,2,2,1,2,,,,2,2,,2,2,2,,2,,1,1,2,2,,,,,2,,,,,,,,,2,2,,,,,,,,1,2,2,1,,2,3,0,1,,,,,,,,,,,,,,2,2,1,1,,2,,,2,2,,2,2,,2,2,2,,,,,,,,,,,,,2,2,2,1,2,2,2,1,4,1,2,,,,,,,,,,,,,,
2024,Ghana,GHA,Sub-Saharan Africa (excluding high income),21563813,134018152,0.682885846,2,36,2,5,1,1,1,1,1,1,1,1,4,4,4,1,1,1,1,1,1,1,2,1,1,,1,1,1,2,,,,,,,,,,,1,1,1,1,1,2,,,,,,,,,1,1,1,1,1,1,,1,1,1,1,2,1,2,2,1,2,,,,1,3,4,2,,,,2,1,2,,1,1,3,1,1,1,1,1,1,2,1,,,2,,,,,,,,,2,2,,,,,,,,1,1,1,,,1,1,1,1,,,,,,,,,,,,,,1,,1,1,,1,,1,1,1,1,1,1,2,2,1,,1,1,3,,1,1,1,1,1,1,1,1,,,,,,,,,,1,2,,,,,,,,,,,,,,
2024,Ghana,GHA,Sub-Saharan Africa (excluding high income),21563813,134087552,1.029405823,1,27,2,2,1,2,1,1,1,1,1,1,4,4,4,4,0,4,3,1,1,1,1,2,3,,1,1,2,2,,,,,,,,,,,2,2,1,1,2,2,,,,,,,,,2,1,1,2,2,2,,2,2,,2,1,2,1,2,2,2,,,,4,1,4,2,,,,2,2,,1,2,2,,2,,2,,2,2,,,,,2,,,,,,,,,2,2,,,,,,,,2,,,,,,3,0,1,,,,,,,,,,,,,,2,2,1,1,,2,,,1,2,,2,2,,2,2,2,,,,,,,,,,,,,1,2,2,1,2,2,2,1,8,1,2,,,,,,,,,,,,,,
2024,Ghana,GHA,Sub-Saharan Africa (excluding high income),21563813,134104618,0.668128681,1,27,2,2,1,1,0,1,1,1,1,1,4,4,4,4,1,4,1,1,2,,,,,,,,,,,,,,,,,,,1,1,2,1,1,2,2,,,,,,,,,2,1,2,2,2,2,,2,2,,2,2,1,,2,2,1,,,,2,2,2,2,,,,1,2,,5,2,1,3,1,1,1,1,2,2,,,,,2,,,,,,,,,2,2,,,,,,,,2,,,,,,1,1,1,,,,,,,,,,,,,,1,,1,1,,1,,1,1,2,,2,2,,2,1,,1,1,2,,1,1,1,1,2,2,2,2,,,,,,,,,,1,2,,,,,,,,,,,,,,
2024,Ghana,GHA,Sub-Saharan Africa (excluding high income),21563813,134274830,1.150469687,2,19,2,4,2,1,0,1,1,1,0,1,4,4,4,4,1,4,3,1,2,,,,,,,,,,,,,,,,,,,1,3,3,3,1,2,2,,,,,,,,,2,1,2,3,1,2,,2,2,,2,2,2,,2,2,2,,,2,2,1,4,1,2,2,2,2,2,,4,2,1,1,2,,2,,2,2,,,,,2,,,,,,,,,2,2,,,,,,,,2,,,,,,5,0,1,,,,,,,,,,,,,,2,2,1,3,,1,,2,1,1,1,2,2,,2,2,2,,,,,,,,,,,,,1,2,2,2,2,2,2,2,1,1,2,,,,,,,,,,,,,,
2024,Ghana,GHA,Sub-Saharan Africa (excluding high income),21563813,134315328,0.292104789,1,42,2,3,1,2,0,1,1,1,1,1,2,4,4,4,0,2,1,1,2,,,,,,,,,,,,,,,,,,,2,1,4,4,1,2,1,2,,,,,,,,2,1,1,1,2,2,,2,2,,2,2,1,2,1,2,2,,,,2,2,4,2,,,,2,2,,1,2,2,,1,1,1,1,1,1,2,2,,1,1,2,2,2,1,,,,,2,2,,,,,,,,2,,,,,,5,1,1,,,,,,,,,,,,,,1,,1,1,,1,,1,1,1,1,2,1,2,2,1,,1,1,2,,1,1,1,1,1,2,1,1,,,,,,,,,,1,2,,,,,,,,,,,,,,
2024,Ghana,GHA,Sub-Saharan Africa (excluding high income),21563813,134398912,0.868832147,1,32,2,4,1,2,0,1,1,1,1,1,4,4,4,4,1,1,1,1,2,,,,,,,,,,,,,,,,,,,1,1,2,1,1,1,2,,,,,,,,,2,1,1,1,1,2,,2,1,2,2,1,1,1,2,1,2,,,,1,2,3,2,,,,2,1,2,,1,1,2,1,1,1,1,1,1,2,1,,,2,,,,,,,,,2,2,,,,,,,,2,,,,,,3,0,1,,,,,,,,,,,,,,2,2,1,1,,1,,1,2,1,1,2,2,,2,2,2,,,,,,,,,,,,,2,1,2,2,2,2,2,1,2,1,2,,,,,,,,,,,,,,
2024,Ghana,GHA,Sub-Saharan Africa (excluding high income),21563813,134713661,1.961009657,2,47,1,2,1,1,1,1,1,1,1,1,1,1,4,1,0,4,2,1,2,,,,,,,,,,,,,,,,,,,2,2,2,2,1,3,2,,,,,,,,,1,1,1,1,1,2,,2,1,2,2,2,1,2,1,2,2,,,,5,3,3,2,,,,1,2,,5,2,2,,1,2,1,2,1,2,,,,,1,1,2,1,,,1,1,,1,2,2,1,,,1,1,,1,1,1,,,1,1,1,1,,,,,,,,,,,,,,1,,1,1,,1,,1,2,2,,2,1,2,2,2,1,2,1,2,,1,1,1,2,1,2,2,2,,,,,,,,,,1,1,,,,,,,,,,,,,,
2024,Ghana,GHA,Sub-Saharan Africa (excluding high income),21563813,134732066,1.593373462,1,43,1,3,2,1,0,0,0,0,0,0,4,4,4,4,0,3,3,0,2,,,,,,,,,,,,,,,,,,,,,,,,,,,,,,,,,,2,2,2,,,,2,2,2,,2,2,2,,2,2,2,,,2,2,2,2,1,2,2,2,2,2,,4,2,2,,2,,2,,2,1,2,2,,2,2,,,,,,,,,2,2,,,,,,,,2,,,,,,3,0,1,,,,,,,,,,,,,,2,2,2,1,,2,,,2,2,,2,2,,2,2,2,,,,,,,,,,,,,2,2,2,2,2,2,2,2,,2,,2,2,2,2,2,2,2,2,2,2,2,2,,
2024,Ghana,GHA,Sub-Saharan Africa (excluding high income),21563813,134784295,0.949788264,2,22,2,5,1,2,0,1,1,1,1,1,1,4,4,4,0,1,2,1,2,,,,,,,,,,,,,,,,,,,1,1,2,1,1,2,3,,,,,,,,,2,1,2,3,1,2,,2,2,,2,2,1,,2,2,1,,,,3,1,2,2,,,,2,2,,4,2,2,,1,2,2,,1,1,2,1,,,1,2,2,1,,,2,2,,2,2,,,,,,,,2,,,,,,1,1,1,,,,,,,,,,,,,,1,,1,1,,1,,1,1,1,1,2,2,,2,1,,1,1,2,,1,1,1,1,2,1,2,2,,,,,,,,,,1,1,,,,,,,,,,,,,,
2024,Ghana,GHA,Sub-Saharan Africa (excluding high income),21563813,134932490,0.292104789,2,34,2,5,1,1,1,1,1,1,1,1,1,4,4,4,1,2,1,1,1,1,2,2,2,,1,1,1,1,,,,,,,,,,,2,1,1,1,1,2,,,,,,,,,1,1,2,2,2,1,,1,2,,1,2,2,,2,1,2,1,1,,1,3,1,2,,,,1,1,2,,2,2,,1,1,2,,1,1,2,2,,1,1,1,1,2,,,2,2,,2,2,,,,,,,,2,,,,,,4,1,1,,,,,,,,,,,,,,1,,1,1,,1,,1,1,1,1,2,1,2,1,1,,1,1,2,,1,1,1,1,1,1,1,2,,,,,,,,,,1,1,,,,,,,,,,,,,,
2024,Ghana,GHA,Sub-Saharan Africa (excluding high income),21563813,134977462,0.832058295,2,30,2,4,1,1,0,1,1,1,1,1,2,4,4,4,0,4,3,1,2,,,,,,,,,,,,,,,,,,,2,3,3,3,1,1,2,,,,,,,,,2,1,1,3,2,2,,2,2,,2,1,1,2,2,2,2,,,,2,2,5,2,,,,2,2,,1,2,2,,2,,2,,2,2,,,,,1,2,2,2,1,,,,,2,2,,,,,,,,2,,,,,,2,1,1,,,,,,,,,,,,,,1,,1,1,,1,,1,4,1,1,2,2,,2,1,,1,1,2,,2,1,1,2,1,2,2,1,,,,,,,,,,1,3,,,,,,,,,,,,,,
2024,Ghana,GHA,Sub-Saharan Africa (excluding high income),21563813,135026387,0.301726681,2,38,3,5,1,1,1,1,1,1,0,1,1,4,4,4,1,1,1,1,1,1,1,2,2,,1,1,1,2,,,,,,,,,,,1,1,1,1,2,2,,,,,,,,,1,1,2,2,1,1,,1,2,,2,2,2,,2,2,2,,,2,1,3,4,2,,,,2,1,2,,1,2,,1,1,1,1,1,1,2,1,,,1,1,1,1,,,2,2,,2,2,,,,,,,,2,,,,,,4,1,1,,,,,,,,,,,,,,1,,1,1,,1,,1,1,1,1,2,2,,2,1,,1,1,2,,1,1,1,2,1,2,1,2,,,,,,,,,,1,2,,,,,,,,,,,,,,
2024,Ghana,GHA,Sub-Saharan Africa (excluding high income),21563813,135079402,1.325658682,2,27,1,2,1,1,0,0,0,0,0,0,4,4,4,2,0,4,2,0,2,,,,,,,,,,,,,,,,,,,,,,,,,,,1,2,2,2,2,2,2,2,,2,,,,2,2,2,,2,,2,,2,2,2,,,2,6,2,2,2,,,,,,,,,,,1,2,2,,2,2,,,,,2,,,,,,,,,2,2,,,,,,,,1,2,2,1,,2,6,0,2,2,2,1,2,2,2,2,3,2,,,,2,,,,,,,,,,,,,,,,2,2,,,,,,,,,,,,,,,,,,,,,,1,2,,,,,,,,,,,,,,
2024,Ghana,GHA,Sub-Saharan Africa (excluding high income),21563813,135177938,0.536307013,1,24,1,2,2,2,0,1,1,1,1,0,4,1,4,4,1,4,1,1,2,,,,,,,,,,,,,,,,,,,2,3,3,3,2,2,2,,,,,,,,,2,2,2,,,,2,2,1,1,2,2,1,,2,2,1,,,,2,1,4,2,,,,1,1,2,,1,1,1,1,2,1,1,1,2,,,,,2,,,,,,,,,1,2,2,1,,,2,1,,2,,,,,,2,1,1,,,,,,,,,,,,,,1,,1,1,,1,,1,2,1,2,1,2,,1,1,,1,1,3,,1,1,1,2,2,1,1,2,,,,,,,,,,2,,1,1,1,1,2,1,2,1,1,1,1,1,,
2024,Ghana,GHA,Sub-Saharan Africa (excluding high income),21563813,135375242,3.213152681,1,65,1,3,1,2,1,1,1,1,0,1,4,4,4,2,0,4,1,1,2,1,1,3,3,1,2,2,2,2,,,,,,,,,,,3,3,3,1,2,2,,,,,,,,,2,1,2,3,1,1,,1,2,,2,2,2,,2,2,2,,,2,2,3,1,2,,,,2,2,,4,2,2,,2,,1,1,2,2,,,,,2,,,,,,,,,2,2,,,,,,,,1,2,2,1,,2,3,1,1,,,,,,,,,,,,,,1,,1,2,,2,,,2,2,,2,2,,2,2,1,2,1,2,,1,2,1,2,1,2,2,2,,,,,,,,,,1,3,,,,,,,,,,,,,,
2024,Ghana,GHA,Sub-Saharan Africa (excluding high income),21563813,135411492,0.686270549,1,29,2,5,1,2,1,1,1,1,1,1,1,4,4,4,1,4,1,1,2,1,1,2,1,,1,1,2,2,,,,,,,,,,,2,1,1,1,1,1,1,,,,,,,,2,1,2,2,1,2,,2,2,,2,2,1,,1,1,2,,,,3,1,4,2,,,,2,1,3,,1,1,1,1,1,2,,2,2,,,,,1,2,2,1,,,2,2,,2,2,,,,,,,,2,,,,,,2,1,1,,,,,,,,,,,,,,1,,1,1,,1,,1,1,1,1,2,2,,2,1,,1,1,1,,1,1,1,2,2,2,2,2,,,,,,,,,,1,2,,,,,,,,,,,,,,
2024,Ghana,GHA,Sub-Saharan Africa (excluding high income),21563813,135427041,0.929047108,1,18,2,3,2,1,0,1,1,1,0,1,4,4,4,2,0,4,1,1,2,,,,,,,,,,,,,,,,,,,1,2,2,2,1,1,2,,,,,,,,,2,1,2,1,2,2,,2,2,,2,2,2,,2,2,2,,,2,1,2,4,2,,,,2,2,,4,2,2,,2,,1,1,2,2,,,,,2,,,,,,,,,2,2,,,,,,,,1,2,2,1,,2,2,1,1,,,,,,,,,,,,,,1,,1,1,,2,,,2,1,2,2,2,,2,1,,2,1,2,,1,1,1,2,2,2,2,2,,,,,,,,,,1,2,,,,,,,,,,,,,,
2024,Ghana,GHA,Sub-Saharan Africa (excluding high income),21563813,135557987,0.800808069,2,33,1,5,1,1,0,0,0,0,0,0,4,4,4,4,0,4,3,0,2,,,,,,,,,,,,,,,,,,,,,,,,,,,1,1,2,2,2,1,2,2,,2,,,,2,2,2,,2,,2,,2,2,2,,,2,6,1,5,2,,,,,,,,,,,2,,2,,2,2,,,,,2,,,,,,,,,2,2,,,,,,,,2,,,,,,2,0,2,1,2,2,1,2,2,2,1,2,,,,2,,,,,,,,,,,,,,,,2,2,,,,,,,,,,,,,,,,,,,,,,1,2,,,,,,,,,,,,,,
2024,Ghana,GHA,Sub-Saharan Africa (excluding high income),21563813,135721933,0.33406434,1,28,2,5,1,1,1,1,1,1,1,1,3,4,4,4,0,4,1,1,2,2,2,2,3,,1,2,2,2,,,,,,,,,,,1,2,2,1,1,2,,,,,,,,,1,2,2,1,2,2,,2,2,,2,2,2,,2,2,1,,,2,2,2,4,2,,,,2,2,,4,2,2,,1,1,1,1,1,2,,,,,1,2,2,2,2,2,,,,2,2,,,,,,,,2,,,,,,4,1,1,,,,,,,,,,,,,,1,,1,1,,1,,1,2,1,1,1,2,,1,1,,1,1,2,,2,2,1,2,1,2,1,2,,,,,,,,,,1,2,,,,,,,,,,,,,,
2024,Ghana,GHA,Sub-Saharan Africa (excluding high income),21563813,135791524,1.150469687,2,16,2,2,2,1,0,0,0,0,0,0,4,4,4,4,0,4,2,0,2,,,,,,,,,,,,,,,,,,,,,,,,,,,2,2,1,1,2,2,2,2,,2,,,,2,2,2,,2,,2,,2,2,2,,,2,2,1,2,2,,,,,,,,,,,2,,1,2,2,2,,,,,2,,,,,,,,,2,2,,,,,,,,2,,,,,,4,1,1,,,,,,,,,,,,,,1,,2,1,,1,,1,1,1,1,2,2,,2,2,1,2,1,1,,1,1,1,1,1,2,1,2,,,,,,,,,,2,,2,2,2,2,1,2,2,1,1,2,2,2,,
2024,Ghana,GHA,Sub-Saharan Africa (excluding high income),21563813,135804329,0.292104789,1,27,2,5,1,2,1,1,1,1,1,1,1,4,4,4,1,2,1,1,1,1,2,3,3,1,1,1,2,1,,,,,,,,,,,1,1,1,1,1,2,,,,,,,,,1,1,2,3,2,1,,1,1,1,2,1,2,,2,1,1,2,,,1,2,2,2,,,,2,1,3,,2,2,,1,1,2,,2,1,2,2,,1,1,2,2,1,,,2,2,,2,2,,,,,,,,2,,,,,,4,1,1,,,,,,,,,,,,,,1,,1,1,,1,,1,1,1,1,2,1,2,2,1,,1,1,1,,1,1,1,1,1,1,2,2,,,,,,,,,,1,1,,,,,,,,,,,,,,
2024,Ghana,GHA,Sub-Saharan Africa (excluding high income),21563813,136134170,0.694131534,2,31,3,5,1,2,1,1,1,1,0,1,1,4,4,4,0,1,1,1,1,1,1,3,2,,1,1,1,2,,,,,,,,,,,3,3,3,2,2,2,,,,,,,,,1,2,2,2,2,1,,2,2,,2,2,2,,2,2,2,,,2,1,3,3,2,,,,2,2,,4,2,2,,1,2,1,1,2,1,2,1,,,1,2,1,1,,,2,2,,2,2,,,,,,,,2,,,,,,1,1,1,,,,,,,,,,,,,,1,,1,1,,1,,1,1,1,1,2,2,,1,1,,1,1,1,,1,2,1,1,2,2,2,2,,,,,,,,,,1,2,,,,,,,,,,,,,,
2024,Ghana,GHA,Sub-Saharan Africa (excluding high income),21563813,136172849,1.959554259,1,50,1,3,2,1,0,0,0,0,1,0,4,4,4,4,0,4,3,0,2,,,,,,,,,,,,,,,,,,,,,,,,,,,2,2,1,2,2,2,2,2,,2,,,,2,2,2,,2,,1,,2,2,2,,,,1,3,5,2,,,,,,,,,,,2,,2,,2,2,,,,,2,,,,,,,,,2,2,,,,,,,,2,,,,,,5,0,1,,,,,,,,,,,,,,2,2,1,1,,2,,,2,2,,2,2,,2,2,2,,,,,,,,,,,,,1,1,1,2,2,2,2,1,8,1,2,,,,,,,,,,,,,,
2024,Ghana,GHA,Sub-Saharan Africa (excluding high income),21563813,136402597,0.949083362,1,19,2,4,1,2,0,1,1,1,0,1,1,4,4,4,1,4,1,1,2,,,,,,,,,,,,,,,,,,,1,2,2,2,1,2,2,,,,,,,,,2,1,2,4,2,2,,2,2,,2,2,2,,2,2,2,,,2,3,1,4,2,,,,1,1,1,,1,2,,1,1,1,1,1,2,,,,,1,2,2,1,,,2,2,,2,2,,,,,,,,2,,,,,,4,1,1,,,,,,,,,,,,,,1,,1,1,,1,,1,1,2,,2,2,,2,1,,2,1,2,,2,2,1,1,2,2,2,2,,,,,,,,,,1,2,,,,,,,,,,,,,,
2024,Ghana,GHA,Sub-Saharan Africa (excluding high income),21563813,136408581,2.173409836,2,21,2,3,1,2,1,1,1,1,1,1,2,4,4,4,0,1,2,1,2,2,2,2,4,,1,1,1,2,,,,,,,,,,,1,3,3,1,2,2,,,,,,,,,1,1,1,2,2,1,,2,1,1,2,1,1,2,2,2,2,,,,1,3,3,2,,,,2,2,,3,2,2,,1,2,1,2,2,1,2,1,,,1,2,2,2,1,,,,,2,2,,,,,,,,2,,,,,,1,1,1,,,,,,,,,,,,,,1,,1,1,,1,,1,4,1,1,2,2,,1,1,,1,1,2,,1,1,1,2,2,2,2,2,,,,,,,,,,1,2,,,,,,,,,,,,,,
2024,Ghana,GHA,Sub-Saharan Africa (excluding high income),21563813,136829528,0.571540434,1,21,3,3,1,2,0,1,1,1,0,1,4,1,4,1,1,4,1,1,2,,,,,,,,,,,,,,,,,,,1,2,4,3,1,1,2,,,,,,,,,2,1,2,2,1,2,,2,2,,2,2,2,,2,2,2,,,2,2,2,4,2,,,,1,4,,7,1,1,1,1,1,1,1,1,2,,,,,2,,,,,,,,,1,2,2,1,,,2,2,,1,2,1,,,1,3,1,1,,,,,,,,,,,,,,1,,1,1,,1,,1,1,2,,2,1,2,2,1,,1,1,1,,1,1,1,1,1,2,1,2,,,,,,,,,,1,2,,,,,,,,,,,,,,
2024,Ghana,GHA,Sub-Saharan Africa (excluding high income),21563813,136837941,0.292104789,2,36,2,3,1,1,1,1,1,1,1,1,4,4,4,4,0,4,1,1,2,2,2,2,4,,1,1,1,2,,,,,,,,,,,1,1,1,1,1,1,1,,,,,,,,1,1,1,1,1,1,,2,1,1,2,1,1,1,1,1,1,,,,4,2,2,2,,,,2,2,,2,2,2,,1,1,1,1,1,2,,,,,2,,,,,,,,,2,2,,,,,,,,2,,,,,,2,1,1,,,,,,,,,,,,,,1,,1,1,,1,,1,4,1,1,2,1,2,1,1,,2,1,1,,1,1,1,1,1,2,1,2,,,,,,,,,,1,2,,,,,,,,,,,,,,
2024,Ghana,GHA,Sub-Saharan Africa (excluding high income),21563813,137029838,0.683044782,2,30,2,4,1,1,1,1,1,1,1,1,4,4,4,4,0,1,1,1,2,1,2,2,3,,1,1,1,2,,,,,,,,,,,2,3,3,1,2,2,,,,,,,,,1,1,2,2,2,2,,2,2,,2,1,1,,2,1,1,,,,1,2,2,2,,,,2,2,,2,2,1,2,1,1,1,2,2,1,1,1,,,2,,,,,,,,,2,2,,,,,,,,2,,,,,,4,1,1,,,,,,,,,,,,,,1,,1,1,,1,,1,4,2,,2,1,2,1,1,,2,1,2,,1,1,1,1,1,1,1,1,,,,,,,,,,1,2,,,,,,,,,,,,,,
2024,Ghana,GHA,Sub-Saharan Africa (excluding high income),21563813,137108324,2.016400169,1,25,1,5,2,2,1,1,1,1,1,1,4,4,4,4,0,4,1,1,2,1,2,3,3,2,2,1,2,2,,,,,,,,,,,3,3,1,1,1,2,,,,,,,,,2,1,2,3,2,2,,1,2,,2,2,1,,1,2,2,,,,2,2,3,2,,,,2,2,,4,2,2,,1,1,1,1,2,2,,,,,2,,,,,,,,,2,2,,,,,,,,2,,,,,,4,0,1,,,,,,,,,,,,,,2,2,2,1,,1,,1,2,1,2,2,2,,2,2,2,,,,,,,,,,,,,1,2,2,2,2,2,2,2,1,1,2,,,,,,,,,,,,,,
2024,Ghana,GHA,Sub-Saharan Africa (excluding high income),21563813,137162565,0.954273761,1,18,2,4,2,1,1,1,1,1,0,1,4,4,4,4,1,4,1,1,2,2,2,3,4,2,2,2,1,2,,,,,,,,,,,3,3,3,2,2,2,,,,,,,,,1,2,2,3,2,2,,2,2,,2,2,2,,2,2,2,,,2,2,1,4,2,,,,2,1,1,,2,2,,1,1,1,1,2,2,,,,,2,,,,,,,,,2,2,,,,,,,,2,,,,,,2,1,1,,,,,,,,,,,,,,1,,1,1,,1,,1,2,1,1,2,2,,2,1,,1,1,2,,1,1,1,2,2,2,2,2,,,,,,,,,,1,2,,,,,,,,,,,,,,
2024,Ghana,GHA,Sub-Saharan Africa (excluding high income),21563813,137235127,0.900292481,1,35,1,1,1,2,0,1,1,1,1,1,1,4,4,2,0,2,2,1,2,,,,,,,,,,,,,,,,,,,1,3,2,4,2,1,1,2,,,,,,,,2,4,1,,,,,2,1,1,2,2,1,1,2,1,1,,,,2,2,4,2,,,,2,2,,4,2,2,,2,,1,2,2,1,2,2,,1,1,2,2,1,,,2,1,,2,2,,,,,,,,1,2,2,1,,2,2,0,2,1,1,2,1,2,2,1,4,1,2,2,2,,,,,,,,,,,,,,,,,2,2,,,,,,,,,,,,,,,,,,,,,,1,2,,,,,,,,,,,,,,
2024,Ghana,GHA,Sub-Saharan Africa (excluding high income),21563813,137391952,0.551145906,2,30,3,5,1,2,1,1,1,1,1,1,1,4,4,4,1,1,1,1,1,1,1,2,3,,1,2,2,2,,,,,,,,,,,2,3,2,1,1,2,,,,,,,,,1,1,2,2,1,1,,1,2,,2,2,1,,2,2,2,,,,6,3,2,2,,,,1,1,3,,1,1,1,1,1,1,1,2,1,2,1,,,1,1,1,2,,,2,2,,2,2,,,,,,,,2,,,,,,2,1,1,,,,,,,,,,,,,,1,,1,1,,1,,1,1,1,1,2,1,2,2,1,,1,1,2,,1,1,1,1,1,2,1,1,,,,,,,,,,1,2,,,,,,,,,,,,,,
2024,Ghana,GHA,Sub-Saharan Africa (excluding high income),21563813,137436806,1.433629929,2,45,1,4,1,1,0,0,0,0,1,1,4,4,4,4,0,4,3,0,2,,,,,,,,,,,,,,,,,,,,,,,,,,,2,2,2,2,2,1,1,2,,2,,,,1,2,2,,2,,1,,2,2,2,,,,1,2,3,2,,,,,,,,,,,2,,2,,2,2,,,,,2,,,,,,,,,2,2,,,,,,,,2,,,,,,4,0,2,1,2,2,1,2,2,1,1,1,2,1,2,,,,,,,,,,,,,,,,,2,2,,,,,,,,,,,,,,,,,,,,,,1,2,,,,,,,,,,,,,,
2024,Ghana,GHA,Sub-Saharan Africa (excluding high income),21563813,137482921,2.614679542,2,50,1,2,2,1,0,1,1,1,1,1,4,4,4,4,0,4,1,1,2,,,,,,,,,,,,,,,,,,,1,2,2,3,1,2,2,,,,,,,,,2,1,2,3,2,2,,2,2,,2,2,1,,2,2,2,,,,2,1,4,1,2,1,2,2,2,,4,2,2,,1,1,2,,2,2,,,,,2,,,,,,,,,2,2,,,,,,,,2,,,,,,3,0,1,,,,,,,,,,,,,,2,2,1,1,,2,,,4,2,,2,2,,2,2,2,,,,,,,,,,,,,1,8,2,1,2,2,2,1,8,1,2,,,,,,,,,,,,,,
2024,Ghana,GHA,Sub-Saharan Africa (excluding high income),21563813,137574509,0.589257291,2,27,2,4,1,2,0,1,1,1,1,1,1,4,4,4,0,2,1,1,2,,,,,,,,,,,,,,,,,,,2,1,1,1,1,1,2,,,,,,,,,2,1,2,2,1,2,,2,1,1,2,1,1,,2,2,1,,,,4,1,2,2,,,,2,2,,4,2,2,,1,1,1,1,2,1,2,2,,1,1,2,2,1,,,1,2,,2,2,,,,,,,,2,,,,,,4,1,1,,,,,,,,,,,,,,1,,1,1,,1,,1,2,1,1,2,1,2,1,1,,1,1,1,,1,1,1,1,1,1,2,2,,,,,,,,,,1,1,,,,,,,,,,,,,,
2024,Ghana,GHA,Sub-Saharan Africa (excluding high income),21563813,137933359,1.042012067,2,25,2,4,1,1,1,1,1,1,1,1,4,4,4,2,0,1,1,1,2,2,2,2,2,,1,1,1,2,,,,,,,,,,,1,1,1,1,2,2,,,,,,,,,1,1,2,1,2,2,,2,1,1,2,1,1,,2,2,2,,,,2,3,2,2,,,,2,2,,4,2,2,,1,1,1,1,2,1,2,1,,,2,,,,,,,,,2,2,,,,,,,,1,2,2,1,,2,4,1,1,,,,,,,,,,,,,,1,,1,1,,1,,1,1,1,1,2,1,2,2,1,,1,1,2,,1,1,1,1,1,2,2,2,,,,,,,,,,1,2,,,,,,,,,,,,,,
2024,Ghana,GHA,Sub-Saharan Africa (excluding high income),21563813,137992951,0.900961145,2,35,2,4,1,2,1,1,1,1,1,1,4,4,4,4,0,2,3,1,1,1,2,2,2,,1,1,1,1,,,,,,,,,,,2,2,2,1,1,2,,,,,,,,,2,1,2,2,1,2,,2,1,1,2,1,1,,2,2,2,2,,,4,2,2,2,,,,2,2,,4,2,1,2,2,,2,,2,1,2,2,,1,2,,,,,,,,,2,2,,,,,,,,2,,,,,,3,1,1,,,,,,,,,,,,,,1,,1,1,,1,,1,1,1,1,2,1,2,1,1,,1,1,2,,1,1,1,1,1,2,2,2,,,,,,,,,,1,2,,,,,,,,,,,,,,
2024,Ghana,GHA,Sub-Saharan Africa (excluding high income),21563813,138234360,1.1460215,1,42,2,5,1,1,0,0,0,0,0,0,4,4,4,4,0,4,1,0,2,,,,,,,,,,,,,,,,,,,,,,,,,,,,,,,,,,2,2,2,,,,2,2,2,,2,2,2,,2,2,2,,,2,7,,4,2,,,,2,2,,4,2,2,,2,,1,1,2,2,,,,,2,,,,,,,,,2,2,,,,,,,,2,,,,,,4,0,2,1,2,2,2,2,2,2,1,2,,,,1,,,,,,,,,,,,,,,,2,2,,,,,,,,,,,,,,,,,,,,,,1,2,,,,,,,,,,,,,,
2024,Ghana,GHA,Sub-Saharan Africa (excluding high income),21563813,138390753,1.103154385,2,25,2,4,1,1,0,1,1,1,0,1,4,4,4,4,1,4,1,1,2,,,,,,,,,,,,,,,,,,,2,2,2,3,1,1,2,,,,,,,,,2,1,1,2,1,2,,2,2,,2,2,2,2,2,2,2,,,2,2,2,3,2,,,,2,1,3,,1,1,1,2,,1,1,2,2,,,,,2,,,,,,,,,2,2,,,,,,,,2,,,,,,4,1,1,,,,,,,,,,,,,,1,,1,1,,1,,1,1,1,1,2,1,2,2,1,,1,1,2,,1,1,1,1,1,2,2,2,,,,,,,,,,1,2,,,,,,,,,,,,,,
2024,Ghana,GHA,Sub-Saharan Africa (excluding high income),21563813,138419647,0.598302023,2,29,2,3,1,1,0,0,0,0,0,0,4,4,4,4,0,4,3,0,2,,,,,,,,,,,,,,,,,,,,,,,,,,,2,2,2,2,2,1,2,2,,2,,,,2,2,2,,2,,2,,2,2,2,,,2,2,1,2,2,,,,,,,,,,,2,,2,,2,2,,,,,2,,,,,,,,,2,2,,,,,,,,2,,,,,,4,0,2,1,1,2,2,2,2,2,1,2,,,,1,,,,,,,,,,,,,,,,2,2,,,,,,,,,,,,,,,,,,,,,,1,2,,,,,,,,,,,,,,
2024,Ghana,GHA,Sub-Saharan Africa (excluding high income),21563813,138533193,1.338118808,2,40,1,4,1,2,1,1,1,1,0,1,4,4,4,4,0,4,3,1,1,1,2,1,1,,1,1,1,2,,,,,,,,,,,2,1,1,1,2,2,,,,,,,,,2,1,2,2,1,2,,2,2,,2,2,2,,2,2,2,,,2,1,1,1,2,,,,2,2,,2,1,2,,2,,2,,2,2,,,,,2,,,,,,,,,2,2,,,,,,,,2,,,,,,4,0,1,,,,,,,,,,,,,,2,2,1,2,,1,,1,2,1,1,2,2,,2,2,2,,,,,,,,,,,,,2,2,2,2,2,2,2,2,,1,1,,,,,,,,,,,,,,
2024,Ghana,GHA,Sub-Saharan Africa (excluding high income),21563813,138533658,2.618894677,1,40,1,3,2,1,0,1,1,1,1,1,1,4,4,4,0,1,1,1,2,,,,,,,,,,,,,,,,,,,1,1,3,1,1,1,1,1,,,,,,,,2,2,2,,,,1,2,2,,2,1,1,,2,1,1,,,,1,2,2,2,,,,2,2,,4,2,2,,1,1,2,,2,1,2,1,,,1,2,2,1,,,2,2,,2,2,,,,,,,,2,,,,,,6,0,1,,,,,,,,,,,,,,2,2,1,1,,1,,1,4,1,2,2,1,2,2,2,2,,,,,,,,,,,,,1,1,2,2,2,2,2,2,1,1,2,,,,,,,,,,,,,,
2024,Ghana,GHA,Sub-Saharan Africa (excluding high income),21563813,138538510,1.273504795,2,46,3,3,1,2,1,1,1,1,1,1,1,4,4,4,1,2,1,1,1,1,2,2,2,,1,1,1,1,,,,,,,,,,,1,1,1,1,1,2,,,,,,,,,1,1,2,2,1,1,,1,2,,1,2,2,,2,2,2,1,1,,1,3,1,2,,,,1,1,2,,2,1,3,1,1,2,,2,1,2,2,,1,1,1,1,2,,,2,2,,2,2,,,,,,,,2,,,,,,3,1,1,,,,,,,,,,,,,,1,,1,1,,1,,1,4,1,1,2,1,2,2,1,,1,1,1,,1,1,1,1,1,1,1,2,,,,,,,,,,1,1,,,,,,,,,,,,,,
2024,Ghana,GHA,Sub-Saharan Africa (excluding high income),21563813,138714295,0.899588528,1,35,3,5,1,2,1,1,1,1,1,1,1,1,4,4,1,1,1,1,2,1,1,2,2,,1,1,1,2,,,,,,,,,,,1,1,1,1,1,2,,,,,,,,,1,1,2,2,1,1,,2,2,,2,1,1,,2,1,1,,,,1,2,2,2,,,,2,1,2,,1,1,3,1,1,1,1,1,1,2,1,,,1,1,1,1,,,1,2,,1,2,1,1,,,2,1,,2,,,,,,4,1,1,,,,,,,,,,,,,,1,,1,1,,1,,1,3,1,1,1,2,,2,1,,1,1,2,,1,1,1,1,2,2,1,2,,,,,,,,,,1,2,,,,,,,,,,,,,,
2024,Ghana,GHA,Sub-Saharan Africa (excluding high income),21563813,138757151,0.64952376,2,46,1,5,2,1,0,0,0,0,1,0,4,4,4,4,0,4,3,0,2,,,,,,,,,,,,,,,,,,,,,,,,,,,2,2,2,2,2,2,2,2,,2,,,,2,2,2,,2,,2,,2,2,1,,,2,7,,5,2,,,,,,,,,,,2,,2,,2,2,,,,,2,,,,,,,,,2,2,,,,,,,,2,,,,,,3,0,2,2,2,2,2,2,2,2,,1,1,2,2,,,,,,,,,,,,,,,,,2,2,,,,,,,,,,,,,,,,,,,,,,2,,2,2,2,2,2,2,2,2,2,2,2,2,,
2024,Ghana,GHA,Sub-Saharan Africa (excluding high income),21563813,139134431,0.856223319,2,32,1,2,1,1,1,1,1,1,1,1,4,4,4,4,0,2,1,1,2,2,2,3,2,,1,2,2,2,,,,,,,,,,,3,3,3,1,2,2,,,,,,,,,1,1,2,3,2,2,,2,1,2,2,2,1,,1,2,2,,,,2,1,2,1,1,2,2,2,2,,1,2,2,,1,1,1,1,2,1,2,2,,1,2,,,,,,,,,2,2,,,,,,,,2,,,,,,2,0,1,,,,,,,,,,,,,,2,2,1,1,,1,,1,2,2,,2,2,,2,2,2,,,,,,,,,,,,,1,1,2,2,2,2,2,2,1,1,2,,,,,,,,,,,,,,
2024,Ghana,GHA,Sub-Saharan Africa (excluding high income),21563813,139287659,0.823136579,2,39,3,3,1,1,1,1,1,1,0,1,1,4,4,4,1,4,1,1,1,2,1,2,2,,1,1,1,2,,,,,,,,,,,2,3,3,3,1,2,,,,,,,,,1,1,2,2,1,1,,2,2,,2,2,2,,2,2,2,,,2,1,2,4,2,,,,1,1,2,,2,1,2,1,1,1,2,2,2,,,,,1,1,1,2,,,2,2,,2,2,,,,,,,,2,,,,,,3,1,1,,,,,,,,,,,,,,1,,1,1,,1,,1,1,1,1,2,1,2,2,1,,1,1,2,,1,1,1,1,1,2,1,1,,,,,,,,,,1,2,,,,,,,,,,,,,,
2024,Ghana,GHA,Sub-Saharan Africa (excluding high income),21563813,139420761,0.719360206,1,17,2,5,2,2,0,1,1,1,1,1,4,4,4,4,0,4,3,1,2,,,,,,,,,,,,,,,,,,,1,5,5,3,1,1,2,,,,,,,,,2,1,1,5,1,2,,2,2,,2,2,2,1,2,2,2,,,,3,3,5,2,,,,2,2,,2,2,2,,2,,2,,2,2,,,,,2,,,,,,,,,2,2,,,,,,,,2,,,,,,5,0,1,,,,,,,,,,,,,,2,2,2,1,,1,,1,1,2,,2,2,,2,2,2,,,,,,,,,,,,,1,2,2,2,2,1,2,2,1,1,2,,,,,,,,,,,,,,
2024,Ghana,GHA,Sub-Saharan Africa (excluding high income),21563813,139440257,0.75329248,1,18,2,1,2,1,0,0,0,0,0,0,4,4,4,4,0,4,3,0,2,,,,,,,,,,,,,,,,,,,,,,,,,,,1,2,2,1,2,2,2,2,,2,,,,2,2,2,,2,,2,,2,2,2,,,2,2,1,5,1,1,2,,,,,,,,,2,,2,,2,2,,,,,2,,,,,,,,,2,2,,,,,,,,2,,,,,,4,0,2,1,2,1,2,2,2,2,1,2,,,,1,,,,,,,,,,,,,,,,2,2,,,,,,,,,,,,,,,,,,,,,,1,1,,,,,,,,,,,,,,
2024,Ghana,GHA,Sub-Saharan Africa (excluding high income),21563813,139445341,0.682537848,1,30,2,2,1,1,1,1,1,1,1,1,4,4,4,4,0,1,1,1,2,1,1,6,6,4,4,2,2,2,,,,,,,,,,,6,1,6,2,2,2,,,,,,,,,1,4,4,5,1,2,,2,2,,2,2,2,,2,1,2,,,2,9,,4,2,,,,1,2,,6,1,2,,1,1,1,1,2,1,2,1,,,2,,,,,,,,,2,2,,,,,,,,2,,,,,,5,1,1,,,,,,,,,,,,,,1,,1,1,,1,,1,1,1,1,2,1,2,2,1,,1,1,2,,2,1,1,1,1,2,2,2,,,,,,,,,,1,2,,,,,,,,,,,,,,
2024,Ghana,GHA,Sub-Saharan Africa (excluding high income),21563813,139485300,0.954273761,1,17,2,5,2,2,0,0,0,0,1,1,4,4,4,4,0,4,3,0,2,,,,,,,,,,,,,,,,,,,,,,,,,,,2,2,1,2,2,2,2,2,,2,,,,1,2,2,,2,,1,,2,2,2,,,,2,1,1,2,,,,,,,,,,,2,,2,,2,2,,,,,2,,,,,,,,,2,2,,,,,,,,2,,,,,,5,0,2,2,2,2,2,1,2,2,5,2,,,,1,,,,,,,,,,,,,,,,2,2,,,,,,,,,,,,,,,,,,,,,,2,,2,2,2,1,2,2,2,2,2,2,2,2,,
2024,Ghana,GHA,Sub-Saharan Africa (excluding high income),21563813,139493091,0.858618759,2,16,1,2,2,1,0,1,1,1,1,1,4,2,4,4,0,4,2,1,2,,,,,,,,,,,,,,,,,,,1,3,1,4,2,2,1,2,,,,,,,,2,1,2,3,3,2,,2,2,,2,2,1,,1,2,2,,,,2,2,5,2,,,,2,2,,4,2,2,,2,,1,2,2,2,,,,,2,,,,,,,,,1,2,2,2,1,,,,,2,,,,,,5,0,2,1,2,2,2,1,2,1,1,1,1,2,1,,,,,,,,,,,,,,,,,2,2,,,,,,,,,,,,,,,,,,,,,,2,,2,2,2,1,2,2,2,2,1,2,2,2,,
2024,Ghana,GHA,Sub-Saharan Africa (excluding high income),21563813,139690887,2.239634007,1,24,1,1,2,1,1,1,1,1,1,1,1,4,4,2,0,4,1,1,2,2,2,3,3,1,2,1,1,2,,,,,,,,,,,3,3,1,1,1,1,2,,,,,,,,1,1,2,3,2,2,,2,1,2,2,1,2,,2,2,2,,,,2,1,4,2,,,,2,2,,4,2,2,,1,1,1,1,2,2,,,,,1,2,1,2,,,2,1,,2,2,,,,,,,,1,2,2,1,,2,4,1,1,,,,,,,,,,,,,,2,1,1,1,,1,,1,2,1,1,2,1,2,2,1,,1,1,2,,2,1,2,2,2,2,2,2,2,2,8,2,2,2,2,2,,1,2,,,,,,,,,,,,,,
2024,Ghana,GHA,Sub-Saharan Africa (excluding high income),21563813,139803539,1.165878002,2,38,2,4,1,2,0,1,1,1,1,1,4,4,4,4,1,4,1,1,2,,,,,,,,,,,,,,,,,,,2,1,1,1,1,2,1,2,,,,,,,,2,1,2,1,1,2,,2,1,1,2,1,2,,2,1,2,,,,1,3,1,2,,,,1,1,1,,2,2,,1,1,2,,2,2,,,,,2,,,,,,,,,2,2,,,,,,,,2,,,,,,3,1,1,,,,,,,,,,,,,,1,,1,1,,1,,1,1,1,1,2,1,2,2,1,,1,1,1,,2,1,1,1,1,1,2,2,,,,,,,,,,1,2,,,,,,,,,,,,,,
2024,Ghana,GHA,Sub-Saharan Africa (excluding high income),21563813,139804657,0.668624912,2,28,2,4,1,1,0,1,1,1,0,1,1,4,4,4,0,4,1,1,2,,,,,,,,,,,,,,,,,,,1,1,3,2,2,2,2,,,,,,,,,2,2,2,,,,1,2,2,,2,2,2,,2,2,2,,,2,2,2,4,2,,,,2,2,,4,2,2,,1,1,1,1,2,2,,,,,1,2,2,1,,,1,1,,2,2,,,,,,,,2,,,,,,4,1,1,,,,,,,,,,,,,,1,,1,1,,1,,1,2,1,1,2,2,,2,1,,1,1,1,,1,1,1,1,2,2,2,2,,,,,,,,,,1,2,,,,,,,,,,,,,,
2024,Ghana,GHA,Sub-Saharan Africa (excluding high income),21563813,139830508,0.54875772,2,35,3,5,1,1,1,1,1,1,0,1,1,4,4,4,0,4,3,1,1,1,1,1,1,,1,1,1,2,,,,,,,,,,,2,2,2,1,1,1,2,,,,,,,,1,1,2,2,1,1,,1,2,,2,2,2,,2,2,2,,,2,3,2,2,2,,,,2,2,,1,2,2,,2,,2,,2,2,,,,,1,2,1,2,,,1,1,,2,2,,,,,,,,2,,,,,,3,1,1,,,,,,,,,,,,,,1,,2,1,,1,,1,1,1,1,2,2,,2,1,,1,1,1,,2,2,1,1,1,1,1,2,,,,,,,,,,1,2,,,,,,,,,,,,,,
2024,Ghana,GHA,Sub-Saharan Africa (excluding high income),21563813,139835758,0.668624912,2,28,1,5,1,1,0,1,1,1,1,1,4,4,4,4,0,4,1,1,2,,,,,,,,,,,,,,,,,,,1,1,2,2,1,2,2,,,,,,,,,2,1,2,2,2,2,,2,1,1,2,1,1,,2,2,2,,,,7,,1,2,,,,2,2,,4,2,2,,1,1,1,1,2,2,,,,,2,,,,,,,,,2,2,,,,,,,,2,,,,,,2,1,1,,,,,,,,,,,,,,1,,1,1,,1,,1,1,2,,2,2,,2,1,,1,1,1,,2,1,2,2,2,2,2,2,,,,,,,,,,1,2,,,,,,,,,,,,,,
2024,Ghana,GHA,Sub-Saharan Africa (excluding high income),21563813,139965161,0.588819963,1,32,2,3,1,2,0,1,1,1,0,1,4,4,4,4,1,2,1,1,2,,,,,,,,,,,,,,,,,,,1,1,1,1,1,2,2,,,,,,,,,2,1,1,1,2,2,,2,2,,2,2,2,2,2,2,2,,,2,1,3,1,2,,,,2,2,,4,2,1,1,1,1,1,1,2,1,2,2,,1,2,,,,,,,,,2,2,,,,,,,,2,,,,,,1,1,1,,,,,,,,,,,,,,1,,1,1,,1,,1,1,2,,2,2,,2,1,,1,1,1,,1,1,1,1,2,2,2,2,,,,,,,,,,1,1,,,,,,,,,,,,,,
2024,Ghana,GHA,Sub-Saharan Africa (excluding high income),21563813,140159153,0.954273761,1,18,2,5,1,2,1,1,1,1,0,1,4,4,4,4,1,4,2,1,2,1,2,2,2,,1,1,1,2,,,,,,,,,,,2,2,2,1,2,1,1,,,,,,,,1,1,2,2,2,2,,2,2,,2,2,2,,2,2,2,,,2,2,1,1,1,2,2,2,2,1,3,,2,2,,2,,1,2,2,2,,,,,2,,,,,,,,,2,2,,,,,,,,2,,,,,,5,1,1,,,,,,,,,,,,,,1,,1,2,,1,,1,1,1,1,1,2,,2,1,,2,1,1,,1,1,1,1,2,2,1,2,,,,,,,,,,1,1,,,,,,,,,,,,,,
2024,Ghana,GHA,Sub-Saharan Africa (excluding high income),21563813,140160490,0.581946448,1,35,1,1,1,1,0,1,1,1,1,1,2,4,4,2,0,4,1,1,2,,,,,,,,,,,,,,,,,,,1,2,1,3,1,1,2,,,,,,,,,2,1,1,3,2,2,,2,2,,2,2,2,1,2,1,1,,,,1,1,2,2,,,,2,2,,6,2,2,,1,1,2,,2,2,,,,,1,2,2,2,1,,,,,2,2,,,,,,,,1,2,2,1,,1,5,1,1,,,,,,,,,,,,,,1,,1,1,,1,,2,2,1,2,1,1,1,1,1,,2,1,2,,2,2,2,2,2,2,2,2,,,,,,,,,,1,1,,,,,,,,,,,,,,
2024,Ghana,GHA,Sub-Saharan Africa (excluding high income),21563813,140346285,0.66856285,1,40,1,5,1,1,0,1,1,1,0,1,4,4,4,4,0,4,1,1,2,,,,,,,,,,,,,,,,,,,2,3,3,3,1,2,2,,,,,,,,,2,1,1,3,2,1,,2,2,,2,2,2,2,2,2,2,,,2,1,2,4,2,,,,2,2,,2,2,2,,1,1,1,1,2,2,,,,,2,,,,,,,,,2,2,,,,,,,,2,,,,,,3,1,1,,,,,,,,,,,,,,2,2,1,4,1,1,,1,2,2,,2,2,,2,2,1,7,2,,2,1,1,2,2,2,2,2,2,2,2,2,1,2,2,1,1,4,1,2,,,,,,,,,,,,,,
2024,Ghana,GHA,Sub-Saharan Africa (excluding high income),21563813,140541338,1.911752022,2,52,2,2,1,2,1,1,1,1,1,1,4,4,4,4,1,4,1,1,2,2,2,1,2,,1,1,1,2,,,,,,,,,,,1,1,2,1,1,1,1,,,,,,,,1,1,2,1,1,1,,1,1,1,2,1,2,,2,2,2,,,,1,3,2,2,,,,1,1,1,,2,2,,1,1,2,,2,2,,,,,2,,,,,,,,,2,2,,,,,,,,2,,,,,,5,0,1,,,,,,,,,,,,,,2,2,1,1,,1,,1,2,2,,2,1,2,2,2,2,,,,,,,,,,,,,1,2,2,2,2,2,2,2,1,1,2,,,,,,,,,,,,,,
2024,Ghana,GHA,Sub-Saharan Africa (excluding high income),21563813,140732631,3.213152681,1,68,1,4,1,2,1,0,1,1,0,1,4,4,4,4,0,4,1,1,2,1,2,3,3,1,2,2,2,2,,,,,,,,,,,,,,,,,,,,,,,,,2,1,2,3,2,1,,2,2,,2,2,2,,2,2,2,,,2,1,3,1,2,,,,2,2,,4,2,2,,1,1,1,1,2,2,,,,,2,,,,,,,,,2,2,,,,,,,,2,,,,,,3,1,1,,,,,,,,,,,,,,1,,1,1,,2,,,2,2,,2,2,,2,1,,2,1,2,,1,2,1,2,2,2,2,2,,,,,,,,,,1,1,,,,,,,,,,,,,,
2024,Ghana,GHA,Sub-Saharan Africa (excluding high income),21563813,140955033,0.343135274,1,28,2,5,1,1,1,1,1,1,0,1,1,4,4,4,0,2,3,1,1,2,1,2,2,,1,1,1,2,,,,,,,,,,,1,2,1,1,1,2,,,,,,,,,1,1,1,2,2,1,,2,2,,2,2,2,2,2,2,2,,,2,3,3,4,2,,,,2,2,,3,2,2,,2,,2,,2,1,2,2,,1,1,2,1,2,,,2,2,,2,2,,,,,,,,2,,,,,,4,1,1,,,,,,,,,,,,,,1,,1,1,,1,,1,1,2,,1,2,,2,2,1,1,1,2,,1,1,1,2,2,2,2,2,,,,,,,,,,1,2,,,,,,,,,,,,,,
2024,Ghana,GHA,Sub-Saharan Africa (excluding high income),21563813,141042579,0.292104789,2,36,3,5,1,2,1,1,1,1,1,1,1,4,4,4,1,4,3,1,1,1,1,2,2,,1,1,1,2,,,,,,,,,,,2,3,3,1,1,1,2,,,,,,,,1,1,1,2,1,2,,2,1,2,2,2,2,2,1,2,1,,,2,1,2,1,1,1,2,1,1,1,1,,2,2,,2,,2,,2,2,,,,,1,1,1,1,,,1,2,,2,2,,,,,,,,2,,,,,,6,1,1,,,,,,,,,,,,,,1,,1,3,,1,,1,1,1,1,2,2,,2,1,,1,1,3,,1,1,1,1,1,1,1,2,,,,,,,,,,1,2,,,,,,,,,,,,,,
2024,Ghana,GHA,Sub-Saharan Africa (excluding high income),21563813,141056380,1.423625043,1,18,2,2,1,2,1,1,1,1,1,1,4,4,4,4,1,4,1,1,1,1,2,2,3,,1,1,1,2,,,,,,,,,,,3,1,1,1,1,2,,,,,,,,,1,1,1,1,2,2,,2,2,,2,2,1,2,2,2,1,,,,2,1,1,2,,,,1,1,3,,1,2,,2,,1,1,1,2,,,,,2,,,,,,,,,2,2,,,,,,,,2,,,,,,4,1,1,,,,,,,,,,,,,,1,,1,1,,1,,1,2,1,1,2,2,,2,1,,1,1,1,,1,1,1,2,2,2,2,2,,,,,,,,,,1,2,,,,,,,,,,,,,,
2024,Ghana,GHA,Sub-Saharan Africa (excluding high income),21563813,141066914,2.239634007,1,20,1,1,2,1,0,1,1,1,1,1,4,4,4,1,0,4,3,1,2,,,,,,,,,,,,,,,,,,,1,5,3,3,1,2,2,,,,,,,,,2,1,2,3,2,2,,2,2,,2,2,1,,2,2,2,,,,2,1,4,1,1,1,2,2,2,,4,2,2,,2,,2,,2,2,,,,,2,,,,,,,,,2,2,,,,,,,,1,2,1,,,2,5,0,1,,,,,,,,,,,,,,2,2,1,3,,2,,,2,2,,2,2,,2,2,2,,,,,,,,,,,,,1,2,1,1,2,2,2,2,1,1,2,,,,,,,,,,,,,,
2024,Ghana,GHA,Sub-Saharan Africa (excluding high income),21563813,141203970,0.940726254,2,18,2,1,2,2,0,1,1,1,1,0,4,4,4,4,1,1,3,1,2,,,,,,,,,,,,,,,,,,,2,1,1,1,1,2,2,,,,,,,,,2,2,2,,,,2,1,1,2,2,1,2,,1,2,2,,,,4,1,4,2,,,,1,1,1,,1,2,,2,,2,,2,1,2,1,,,2,,,,,,,,,2,2,,,,,,,,2,,,,,,5,1,1,,,,,,,,,,,,,,1,,2,1,,1,,1,1,2,,2,2,,2,1,,1,1,1,,1,1,1,1,1,2,1,2,,,,,,,,,,2,,2,2,2,2,2,2,2,1,1,2,1,2,,
2024,Ghana,GHA,Sub-Saharan Africa (excluding high income),21563813,141215011,0.548721839,2,46,2,3,2,1,1,1,1,1,1,1,1,4,4,4,1,1,3,1,1,1,1,2,2,,2,2,1,2,,,,,,,,,,,1,1,1,1,2,1,1,,,,,,,,2,1,2,3,2,2,,1,1,1,2,1,2,,2,2,2,,,,2,1,4,1,1,1,1,1,1,2,,2,2,,2,,2,,2,1,2,1,,,1,1,1,2,,,2,1,,2,2,,,,,,,,2,,,,,,4,0,1,,,,,,,,,,,,,,2,2,1,1,,1,,1,4,1,1,2,1,2,2,2,2,,,,,,,,,,,,,1,1,1,1,2,1,2,2,6,1,2,,,,,,,,,,,,,,
2024,Ghana,GHA,Sub-Saharan Africa (excluding high income),21563813,141282001,1.177639927,1,30,2,4,1,2,0,1,1,1,0,1,2,4,4,4,0,4,1,1,2,,,,,,,,,,,,,,,,,,,2,2,1,1,1,1,1,1,,,,,,,,2,1,2,2,1,1,,1,2,,2,2,2,,2,2,2,,,2,1,3,1,2,,,,2,2,,1,2,2,,1,1,1,1,2,2,,,,,1,2,2,2,1,,,,,2,2,,,,,,,,2,,,,,,3,1,1,,,,,,,,,,,,,,1,,1,1,,1,,1,4,1,1,2,1,2,1,1,,1,1,1,,1,1,1,1,1,2,1,2,,,,,,,,,,1,2,,,,,,,,,,,,,,
2024,Ghana,GHA,Sub-Saharan Africa (excluding high income),21563813,141310201,0.54875772,2,39,3,3,1,1,1,1,1,1,1,1,1,4,4,1,1,1,1,1,2,1,2,2,2,,1,1,1,2,,,,,,,,,,,4,2,2,3,1,2,,,,,,,,,1,1,2,4,1,2,,2,2,,2,1,1,,1,2,1,,,,2,2,4,1,2,1,2,1,1,2,,1,1,2,1,1,1,2,2,1,2,1,,,1,2,1,1,,,1,1,,2,2,,,,,,,,1,1,1,,,1,3,1,1,,,,,,,,,,,,,,1,,1,1,,1,,1,1,1,1,2,1,2,2,1,,1,1,2,,1,1,1,1,1,1,2,1,,,,,,,,,,1,1,,,,,,,,,,,,,,
2024,Ghana,GHA,Sub-Saharan Africa (excluding high income),21563813,141403702,0.719662328,2,35,2,5,1,2,1,1,1,1,1,1,1,4,4,1,1,4,2,1,1,1,2,3,2,,1,1,1,1,,,,,,,,,,,3,3,3,1,1,2,,,,,,,,,2,1,2,3,1,2,,2,1,1,2,1,1,,2,2,1,2,,,2,2,3,1,1,2,2,2,1,5,,2,2,,2,,1,2,2,2,,,,,1,2,2,1,,,2,1,,2,2,,,,,,,,1,2,1,,,1,1,1,1,,,,,,,,,,,,,,1,,2,1,,1,,1,1,1,1,1,1,1,1,1,,1,1,2,,1,1,1,1,1,2,1,2,,,,,,,,,,1,2,,,,,,,,,,,,,,
2024,Ghana,GHA,Sub-Saharan Africa (excluding high income),21563813,141570695,1.146872672,2,39,2,4,1,1,1,1,1,1,1,1,1,4,4,1,0,2,1,1,2,1,1,2,1,,1,2,1,2,,,,,,,,,,,1,2,1,1,1,2,,,,,,,,,1,1,1,1,2,2,,2,1,1,2,1,1,2,1,2,1,,,,7,,2,2,,,,2,2,,4,2,2,,1,1,1,2,2,1,2,2,,1,1,2,1,1,,,2,2,,2,2,,,,,,,,1,2,1,,,2,4,1,1,,,,,,,,,,,,,,1,,2,1,,1,,1,4,1,1,2,1,2,2,1,,2,1,2,,1,1,1,2,2,2,1,2,,,,,,,,,,1,2,,,,,,,,,,,,,,
2024,Ghana,GHA,Sub-Saharan Africa (excluding high income),21563813,141679504,1.533959582,2,22,2,1,1,1,0,1,1,1,1,1,4,4,4,4,0,4,1,1,2,,,,,,,,,,,,,,,,,,,1,1,1,1,1,1,1,2,,,,,,,,2,1,2,3,1,2,,2,1,1,2,1,2,,2,1,1,,,,1,2,1,2,,,,1,2,,4,1,1,2,1,1,1,1,1,2,,,,,2,,,,,,,,,2,2,,,,,,,,2,,,,,,5,1,1,,,,,,,,,,,,,,1,,1,1,,1,,1,4,1,1,2,1,1,1,1,,1,1,1,,1,1,1,1,1,1,2,1,,,,,,,,,,1,2,,,,,,,,,,,,,,
2024,Ghana,GHA,Sub-Saharan Africa (excluding high income),21563813,141714702,0.579221431,1,28,2,1,1,1,1,1,1,1,1,1,4,4,4,4,1,4,1,1,2,1,2,1,2,,1,1,1,2,,,,,,,,,,,1,3,1,1,1,1,2,,,,,,,,2,1,1,1,2,1,,2,2,,2,2,2,2,2,2,1,,,2,4,1,1,1,1,1,1,1,1,3,,2,2,,1,1,1,1,2,2,,,,,2,,,,,,,,,2,2,,,,,,,,2,,,,,,5,1,1,,,,,,,,,,,,,,2,2,1,1,,1,,1,2,1,1,2,2,,1,1,,1,1,2,,1,1,1,2,2,2,2,1,2,2,2,2,2,2,2,2,,1,2,,,,,,,,,,,,,,
2024,Ghana,GHA,Sub-Saharan Africa (excluding high income),21563813,141719605,0.955876011,2,45,2,3,1,2,1,1,1,1,1,1,4,4,4,4,0,2,1,1,2,1,1,2,2,,1,1,1,2,,,,,,,,,,,1,1,1,1,1,2,,,,,,,,,1,1,2,1,1,1,,2,2,,1,2,2,,2,1,2,,,,1,3,1,2,,,,2,2,,1,2,2,,1,1,1,1,2,1,2,2,,1,2,,,,,,,,,2,2,,,,,,,,2,,,,,,4,1,1,,,,,,,,,,,,,,1,,1,1,,1,,1,1,1,1,2,1,2,2,1,,2,1,2,,1,2,1,1,1,2,2,2,,,,,,,,,,1,3,,,,,,,,,,,,,,
2024,Ghana,GHA,Sub-Saharan Africa (excluding high income),21563813,141840883,0.292104789,1,30,1,1,2,2,1,1,1,1,1,1,4,4,4,1,0,4,2,1,1,1,2,3,2,,2,1,2,2,,,,,,,,,,,3,3,3,1,1,2,,,,,,,,,2,2,1,,,,,2,1,1,2,1,1,1,1,1,1,,,,2,1,1,2,,,,2,2,,5,2,1,2,1,2,1,2,1,2,,,,,2,,,,,,,,,2,2,,,,,,,,1,2,1,,,2,1,1,1,,,,,,,,,,,,,,1,,1,1,,1,,1,2,1,2,2,1,2,1,1,,1,1,2,,1,1,1,2,2,2,2,2,,,,,,,,,,1,2,,,,,,,,,,,,,,
2024,Ghana,GHA,Sub-Saharan Africa (excluding high income),21563813,141969636,2.104447271,2,19,1,4,1,2,0,1,1,1,0,1,4,4,4,4,1,1,1,1,2,,,,,,,,,,,,,,,,,,,1,1,2,2,1,1,2,,,,,,,,,2,1,2,4,2,2,,2,1,1,2,2,2,,2,2,2,,,2,2,3,1,2,,,,1,1,3,,1,1,1,2,,1,1,2,1,2,1,,,2,,,,,,,,,2,2,,,,,,,,2,,,,,,4,1,1,,,,,,,,,,,,,,2,2,2,1,,1,,1,1,2,,2,1,2,1,1,,1,1,1,,2,2,1,1,1,2,2,1,1,2,2,2,2,2,1,2,1,2,,1,2,2,2,2,2,1,1,1,2,2,2,,
2024,Ghana,GHA,Sub-Saharan Africa (excluding high income),21563813,141992187,0.819374768,2,22,2,4,2,2,0,1,1,1,1,1,4,4,4,4,0,2,1,1,2,,,,,,,,,,,,,,,,,,,2,3,3,1,1,1,1,2,,,,,,,,2,1,2,3,2,2,,2,1,1,2,1,1,,1,2,1,,,,7,,2,2,,,,2,2,,4,2,2,,1,1,1,1,2,1,2,2,,1,2,,,,,,,,,2,2,,,,,,,,2,,,,,,4,0,1,,,,,,,,,,,,,,2,2,2,1,,2,,,1,2,,2,1,2,2,2,2,,,,,,,,,,,,,1,2,2,2,2,2,2,2,1,2,,2,2,1,2,2,2,2,2,2,2,1,2,,
2024,Ghana,GHA,Sub-Saharan Africa (excluding high income),21563813,142256613,1.105459948,2,38,2,3,2,2,1,1,1,1,1,1,1,1,4,4,1,1,1,1,2,1,1,2,2,,1,1,1,2,,,,,,,,,,,1,1,1,1,1,1,1,,,,,,,,1,1,2,1,1,1,,1,2,,1,2,1,,2,2,2,,,,1,3,2,2,,,,1,1,3,,1,2,,1,1,2,,2,1,2,1,,,1,1,1,2,,,2,3,,1,2,1,2,,,2,2,,2,,,,,,1,1,1,,,,,,,,,,,,,,1,,1,1,,1,,1,2,2,,2,2,,2,1,,2,1,2,,1,1,1,2,1,2,2,2,,,,,,,,,,1,2,,,,,,,,,,,,,,
2024,Ghana,GHA,Sub-Saharan Africa (excluding high income),21563813,142296266,0.940028077,1,22,2,1,2,2,0,1,1,1,0,1,4,4,4,4,0,4,2,1,2,,,,,,,,,,,,,,,,,,,2,1,3,3,1,1,2,,,,,,,,,1,1,2,3,1,2,,2,2,,2,2,2,,2,2,2,,,2,2,2,3,2,,,,2,2,,4,2,2,,2,,1,2,2,2,,,,,2,,,,,,,,,2,2,,,,,,,,2,,,,,,5,1,1,,,,,,,,,,,,,,1,,1,1,,1,,1,1,1,1,2,2,,2,1,,1,1,2,,1,2,1,2,2,2,2,2,,,,,,,,,,1,2,,,,,,,,,,,,,,
2024,Ghana,GHA,Sub-Saharan Africa (excluding high income),21563813,142330193,0.683044782,2,30,2,4,1,2,1,1,1,1,1,1,1,4,4,4,1,1,3,1,2,1,2,2,2,,1,1,1,1,,,,,,,,,,,2,2,1,1,2,1,2,,,,,,,,1,1,2,2,1,2,,2,2,,2,2,2,,2,2,2,1,1,,6,2,3,2,,,,2,2,,1,2,1,1,2,,2,,2,1,2,1,,,1,2,2,1,,,2,2,,2,2,,,,,,,,2,,,,,,3,1,1,,,,,,,,,,,,,,1,,1,1,,1,,1,1,1,1,2,2,,2,1,,1,1,2,,1,1,1,1,1,2,2,2,,,,,,,,,,1,2,,,,,,,,,,,,,,
2024,Ghana,GHA,Sub-Saharan Africa (excluding high income),21563813,142333838,1.391378222,1,43,1,3,1,1,0,1,1,1,1,1,4,4,4,4,0,2,1,1,2,,,,,,,,,,,,,,,,,,,2,2,1,1,1,1,1,2,,,,,,,,2,1,1,2,1,1,,2,2,,2,2,1,2,1,1,2,,,,2,2,2,2,,,,2,2,,4,2,2,,1,2,1,1,2,1,2,2,,1,2,,,,,,,,,2,2,,,,,,,,2,,,,,,4,1,1,,,,,,,,,,,,,,1,,1,1,,2,,,2,2,,2,2,,2,1,,2,1,2,,1,1,1,2,2,2,2,2,,,,,,,,,,1,1,,,,,,,,,,,,,,
2024,Ghana,GHA,Sub-Saharan Africa (excluding high income),21563813,142472265,0.719894488,2,16,1,5,2,1,0,1,1,1,1,1,4,3,4,4,0,4,3,1,2,,,,,,,,,,,,,,,,,,,1,3,3,3,2,1,2,,,,,,,,,2,2,1,,,,,2,1,2,2,2,1,2,2,2,2,,,,7,,4,2,,,,2,2,,4,1,2,,2,,2,,2,2,,,,,2,,,,,,,,,1,2,2,2,2,2,,,,2,,,,,,5,1,1,,,,,,,,,,,,,,2,2,2,1,,1,,1,4,2,,1,1,2,2,2,1,1,2,,1,2,2,1,1,1,2,2,2,2,2,2,2,1,2,2,2,5,2,,2,2,2,1,2,2,2,1,1,2,2,2,,
2024,Ghana,GHA,Sub-Saharan Africa (excluding high income),21563813,142704242,3.213152681,2,47,1,4,1,2,1,1,1,1,1,1,4,4,4,1,0,2,2,1,2,2,2,1,4,,1,1,2,2,,,,,,,,,,,1,2,1,1,2,2,,,,,,,,,1,2,1,1,1,1,,2,2,,1,2,1,1,1,1,2,,,,1,3,4,2,,,,2,2,,4,2,2,,1,2,2,,2,1,2,2,,1,2,,,,,,,,,2,2,,,,,,,,1,2,1,,,2,4,0,1,,,,,,,,,,,,,,2,2,1,1,,1,,1,1,2,,2,2,,2,2,2,,,,,,,,,,,,,1,2,2,1,2,2,1,1,4,1,2,,,,,,,,,,,,,,
2024,Ghana,GHA,Sub-Saharan Africa (excluding high income),21563813,142808722,0.823169323,1,42,2,3,1,1,1,1,1,1,1,1,4,4,4,2,1,2,1,1,2,2,2,3,3,1,1,2,2,2,,,,,,,,,,,3,3,3,2,1,1,2,,,,,,,,1,2,1,2,1,1,,2,2,,2,2,2,2,2,2,1,,,2,3,2,2,2,,,,2,1,3,,2,2,,1,1,2,,2,1,2,2,,1,2,,,,,,,,,2,2,,,,,,,,1,2,2,1,,2,3,1,1,,,,,,,,,,,,,,1,,1,1,,1,,1,4,1,2,2,2,,2,1,,1,1,2,,2,1,1,2,2,2,2,2,,,,,,,,,,1,1,,,,,,,,,,,,,,
2024,Ghana,GHA,Sub-Saharan Africa (excluding high income),21563813,142811283,0.347065767,2,28,3,5,1,1,1,1,1,1,0,1,4,4,4,4,0,4,1,1,1,1,1,2,3,,1,1,1,2,,,,,,,,,,,3,1,3,1,1,2,,,,,,,,,1,1,2,2,2,1,,1,2,,2,2,2,,2,2,2,,,2,1,2,4,2,,,,2,2,,2,2,2,,1,1,1,1,2,2,,,,,2,,,,,,,,,2,2,,,,,,,,2,,,,,,1,1,1,,,,,,,,,,,,,,1,,1,1,,1,,1,2,2,,2,2,,2,2,1,1,1,2,,1,1,1,1,1,2,1,2,,,,,,,,,,1,2,,,,,,,,,,,,,,
2024,Ghana,GHA,Sub-Saharan Africa (excluding high income),21563813,142851283,0.766979791,2,15,1,3,2,1,0,0,0,0,0,0,4,4,4,4,0,4,3,0,2,,,,,,,,,,,,,,,,,,,,,,,,,,,2,2,1,1,2,2,2,2,,2,,,,2,2,2,,2,,2,,2,2,2,,,2,2,1,1,2,,,,,,,,,,,2,,2,,2,2,,,,,2,,,,,,,,,2,2,,,,,,,,2,,,,,,4,0,2,1,1,2,2,2,2,2,1,1,2,2,1,,,,,,,,,,,,,,,,,2,2,,,,,,,,,,,,,,,,,,,,,,2,,2,2,2,2,1,2,2,1,1,2,2,2,,
2024,Ghana,GHA,Sub-Saharan Africa (excluding high income),21563813,142876127,1.432473777,2,22,2,5,1,2,1,1,1,1,1,1,1,4,4,4,1,4,1,1,1,1,1,1,1,,1,1,1,2,,,,,,,,,,,1,1,1,1,1,2,,,,,,,,,1,1,2,1,1,2,,2,2,,2,1,1,,2,2,2,,,,1,2,2,2,,,,2,1,3,,2,2,,1,2,1,1,2,2,,,,,1,1,1,1,,,2,3,,2,2,,,,,,,,2,,,,,,3,1,1,,,,,,,,,,,,,,1,,1,2,,1,,1,2,2,,2,2,,2,1,,2,1,1,,1,1,1,1,2,1,2,2,,,,,,,,,,1,2,,,,,,,,,,,,,,
2024,Ghana,GHA,Sub-Saharan Africa (excluding high income),21563813,143044775,0.900292481,1,35,2,4,1,2,0,1,1,1,1,1,4,4,4,1,0,2,1,1,2,,,,,,,,,,,,,,,,,,,1,3,3,3,2,2,2,,,,,,,,,2,1,2,1,2,2,,2,2,,2,2,1,,2,2,1,,,,2,2,2,2,,,,2,2,,4,2,2,,1,2,1,1,2,1,2,2,,1,2,,,,,,,,,2,2,,,,,,,,1,2,1,,,2,4,1,1,,,,,,,,,,,,,,2,2,1,1,,1,,1,4,2,,2,2,,2,2,1,4,1,4,,1,2,1,1,1,2,2,2,1,1,1,2,1,1,1,2,97,1,2,,,,,,,,,,,,,,
2024,Ghana,GHA,Sub-Saharan Africa (excluding high income),21563813,143088133,1.164504872,1,23,1,1,2,2,0,0,0,0,0,0,4,4,4,4,0,4,3,0,2,,,,,,,,,,,,,,,,,,,,,,,,,,,2,1,2,1,1,1,2,2,,2,,,,2,2,2,,2,,2,,2,2,2,,,2,4,1,1,1,1,1,,,,,,,,,2,,2,,2,2,,,,,2,,,,,,,,,2,2,,,,,,,,2,,,,,,5,0,2,1,1,2,2,2,2,1,1,1,2,2,2,,,,,,,,,,,,,,,,,2,2,,,,,,,,,,,,,,,,,,,,,,2,,1,2,1,1,1,2,2,1,1,2,2,2,,
2024,Ghana,GHA,Sub-Saharan Africa (excluding high income),21563813,143502199,2.193258382,1,46,2,1,2,1,0,1,1,1,1,1,4,4,4,4,1,2,1,1,2,,,,,,,,,,,,,,,,,,,1,1,1,1,2,2,2,,,,,,,,,2,1,1,1,2,2,,2,1,2,2,1,2,2,2,2,1,,,,2,1,4,1,1,1,1,1,1,1,,1,2,,1,1,1,1,1,1,2,2,,1,2,,,,,,,,,2,2,,,,,,,,2,,,,,,1,0,1,,,,,,,,,,,,,,1,,1,1,,2,,,2,1,2,1,2,,2,2,2,,,,,1,1,2,2,2,2,2,2,,,,,,,,,,1,2,,,,,,,,,,,,,,
2024,Ghana,GHA,Sub-Saharan Africa (excluding high income),21563813,143677965,0.763671244,2,36,1,4,1,2,1,1,1,1,1,1,4,4,1,4,0,1,1,1,2,,,,,,,,,,,,,,,,,,,2,2,3,2,1,2,2,,,,,,,,,1,2,1,3,2,2,,2,2,,2,2,1,1,1,2,1,,,,5,2,2,2,,,,2,2,,2,1,2,,1,1,1,1,2,1,2,1,,,2,,,,,,,,,2,1,1,1,,,2,2,,2,,,,,,1,0,1,,,,,,,,,,,,,,2,2,2,1,,2,,,3,2,,2,2,,2,2,2,,,,,,,,,,,,,2,2,2,2,2,2,2,2,,2,,2,2,2,2,1,1,2,1,1,1,1,2,,
2024,Ghana,GHA,Sub-Saharan Africa (excluding high income),21563813,143683454,0.683044782,2,33,2,5,1,2,0,1,1,1,1,1,1,5,4,4,0,4,1,1,2,,,,,,,,,,,,,,,,,,,2,1,2,1,1,1,1,1,,,,,,,,2,1,1,1,1,2,,2,1,1,2,1,1,2,2,1,1,,,,2,2,2,2,,,,2,2,,4,2,2,,1,2,1,1,2,2,,,,,1,2,2,1,,,1,2,,3,2,,,,,,,,2,,,,,,2,1,1,,,,,,,,,,,,,,1,,1,1,,1,,1,1,1,1,2,2,,2,1,,1,1,2,,1,1,1,1,2,2,2,2,,,,,,,,,,1,2,,,,,,,,,,,,,,
2024,Ghana,GHA,Sub-Saharan Africa (excluding high income),21563813,143689743,1.747136011,2,40,2,1,1,1,0,1,1,1,0,1,2,4,4,4,0,4,1,1,2,,,,,,,,,,,,,,,,,,,2,2,2,2,1,1,2,,,,,,,,,2,1,2,4,2,1,,2,2,,2,2,2,,2,2,2,,,2,8,,1,2,,,,2,2,,6,2,2,,1,1,1,1,2,2,,,,,1,2,2,2,1,,,,,2,2,,,,,,,,2,,,,,,7,1,1,,,,,,,,,,,,,,1,,2,1,,1,,1,8,1,1,1,1,1,1,1,,1,1,2,,1,1,1,2,2,1,2,2,,,,,,,,,,2,,1,2,1,2,2,2,2,2,1,1,2,2,,
2024,Ghana,GHA,Sub-Saharan Africa (excluding high income),21563813,143926474,0.858618759,2,20,2,4,1,1,1,1,1,1,1,1,1,4,4,4,1,4,3,1,1,1,2,1,4,,1,1,1,1,,,,,,,,,,,1,2,4,1,1,2,,,,,,,,,1,1,2,1,1,2,,2,2,,2,2,1,,2,2,1,1,2,,2,3,1,2,,,,2,2,,4,2,1,1,2,,2,,2,2,,,,,1,2,1,1,,,2,2,,2,2,,,,,,,,2,,,,,,5,1,1,,,,,,,,,,,,,,1,,1,1,,1,,1,1,1,1,2,1,2,1,1,,1,1,1,,1,1,1,1,1,1,1,2,,,,,,,,,,1,2,,,,,,,,,,,,,,
2024,Ghana,GHA,Sub-Saharan Africa (excluding high income),21563813,143931343,0.949083362,1,19,2,4,2,2,0,1,1,1,0,1,4,4,4,4,0,4,1,1,2,,,,,,,,,,,,,,,,,,,1,2,2,2,1,2,2,,,,,,,,,2,1,2,2,1,2,,2,2,,2,2,2,,2,2,2,,,2,2,3,2,2,,,,2,2,,4,2,2,,2,,1,1,1,2,,,,,2,,,,,,,,,2,2,,,,,,,,2,,,,,,3,1,1,,,,,,,,,,,,,,2,2,2,1,,1,,1,1,2,,2,2,,2,1,,2,2,,2,1,1,1,2,2,2,2,2,1,2,2,2,2,2,1,2,1,2,,1,2,2,2,2,2,2,2,1,2,2,2,,
2024,Ghana,GHA,Sub-Saharan Africa (excluding high income),21563813,143954687,0.949083362,1,24,2,3,1,2,0,0,0,0,1,1,2,4,4,2,0,2,3,0,2,,,,,,,,,,,,,,,,,,,,,,,,,,,2,2,2,1,1,1,1,2,,2,,,,1,2,2,,2,,2,,2,2,1,,,1,5,2,2,2,,,,,,,,,,,2,,2,,1,1,2,2,,1,1,2,2,2,1,,,,,2,2,,,,,,,,1,2,2,1,,2,3,1,1,,,,,,,,,,,,,,2,2,1,1,,1,,1,1,1,1,2,1,2,1,2,1,2,1,2,,1,1,1,1,1,2,2,1,1,2,2,2,2,2,2,2,1,1,2,,,,,,,,,,,,,,
2024,Ghana,GHA,Sub-Saharan Africa (excluding high income),21563813,144144299,0.509322628,2,38,2,4,2,1,0,1,1,1,0,1,4,4,4,4,0,4,1,1,2,,,,,,,,,,,,,,,,,,,1,1,3,2,2,2,2,,,,,,,,,2,2,1,,,,,2,2,,2,2,2,2,2,2,2,,,2,3,1,4,2,,,,2,2,,4,2,2,,1,1,1,1,2,2,,,,,2,,,,,,,,,2,2,,,,,,,,2,,,,,,2,0,1,,,,,,,,,,,,,,2,2,1,1,,2,,,1,2,,2,2,,2,2,2,,,,,,,,,,,,,2,2,2,2,2,2,2,2,,1,2,,,,,,,,,,,,,,
2024,Ghana,GHA,Sub-Saharan Africa (excluding high income),21563813,144259709,0.43488309,1,29,1,3,2,2,0,1,1,1,1,0,4,4,4,4,0,4,1,1,2,,,,,,,,,,,,,,,,,,,2,1,1,1,2,2,2,,,,,,,,,2,2,2,,,,2,2,1,1,2,1,1,,2,2,1,,,,7,,3,2,,,,2,2,,4,2,2,,2,,1,1,2,2,,,,,2,,,,,,,,,2,2,,,,,,,,2,,,,,,4,0,1,,,,,,,,,,,,,,2,2,1,1,,2,,,2,2,,2,2,,2,2,2,,,,,,,,,,,,,1,2,2,2,2,2,2,2,1,1,2,,,,,,,,,,,,,,
2024,Ghana,GHA,Sub-Saharan Africa (excluding high income),21563813,144387048,0.379332026,2,20,2,4,1,1,0,1,1,1,1,1,1,4,4,1,1,4,1,1,2,,,,,,,,,,,,,,,,,,,2,1,1,1,1,2,1,1,,,,,,,,2,1,2,1,2,2,,2,2,,2,2,1,,1,1,2,,,,2,1,2,1,1,1,2,1,1,1,,2,1,1,1,1,1,1,2,2,,,,,1,2,2,1,,,1,2,,2,2,,,,,,,,1,2,1,,,1,3,1,1,,,,,,,,,,,,,,1,,1,1,,1,,1,4,1,1,2,2,,1,1,,1,1,1,,1,1,1,2,2,2,2,2,,,,,,,,,,1,2,,,,,,,,,,,,,,
2024,Ghana,GHA,Sub-Saharan Africa (excluding high income),21563813,144426671,0.385845686,1,25,3,5,1,1,1,1,1,1,1,1,1,4,4,4,1,1,1,1,2,2,1,2,2,,1,1,1,1,,,,,,,,,,,1,1,1,1,2,2,,,,,,,,,1,2,2,2,2,1,,1,2,,1,2,2,,2,1,2,1,2,,4,2,4,2,,,,2,1,2,,2,2,,1,1,2,,2,1,1,1,,,1,1,1,2,,,1,2,,2,2,,,,,,,,2,,,,,,2,1,1,,,,,,,,,,,,,,1,,1,1,,1,,1,1,1,1,2,2,,2,1,,1,1,2,,1,1,1,2,1,2,1,1,,,,,,,,,,1,2,,,,,,,,,,,,,,
2024,Ghana,GHA,Sub-Saharan Africa (excluding high income),21563813,144540177,0.338012849,1,34,2,1,1,2,0,1,1,1,1,1,4,4,4,4,0,1,1,1,2,,,,,,,,,,,,,,,,,,,1,1,1,1,1,2,1,1,,,,,,,,2,1,1,1,2,2,,1,1,1,2,2,1,1,1,1,1,,,,4,1,1,2,,,,2,2,,1,1,2,,1,1,1,1,1,1,2,1,,,2,,,,,,,,,2,2,,,,,,,,2,,,,,,2,1,1,,,,,,,,,,,,,,1,,1,1,,1,,1,4,1,1,2,2,,2,1,,1,1,1,,1,1,1,1,1,2,1,2,,,,,,,,,,1,2,,,,,,,,,,,,,,
2024,Ghana,GHA,Sub-Saharan Africa (excluding high income),21563813,144656950,0.949788264,2,20,2,1,1,1,1,1,1,1,1,1,4,3,4,4,1,2,3,1,2,1,2,2,3,,2,1,2,2,,,,,,,,,,,2,3,4,1,1,1,2,,,,,,,,1,1,1,2,3,2,,2,2,,2,2,1,2,2,2,2,,,,2,2,5,2,,,,1,2,,4,2,1,3,2,,2,,1,1,2,2,,1,2,,,,,,,,,1,2,2,2,2,2,,,,2,,,,,,5,0,1,,,,,,,,,,,,,,2,2,1,1,,1,,1,1,2,,2,1,2,2,2,2,,,,,,,,,,,,,1,2,2,2,2,2,2,2,1,1,2,,,,,,,,,,,,,,
2024,Ghana,GHA,Sub-Saharan Africa (excluding high income),21563813,144748014,0.683044782,2,32,2,4,1,2,0,1,1,1,1,1,4,4,4,4,0,1,1,1,2,,,,,,,,,,,,,,,,,,,1,2,2,2,1,1,1,1,,,,,,,,2,1,2,2,2,2,,2,2,,2,2,1,,2,2,2,,,,6,2,2,2,,,,2,2,,4,2,2,,1,1,1,1,1,1,2,1,,,2,,,,,,,,,2,2,,,,,,,,2,,,,,,3,1,1,,,,,,,,,,,,,,1,,1,1,,1,,1,2,1,1,2,1,2,2,1,,1,1,2,,1,1,1,1,1,2,2,2,,,,,,,,,,1,2,,,,,,,,,,,,,,
2024,Ghana,GHA,Sub-Saharan Africa (excluding high income),21563813,144753447,0.406937021,1,43,2,2,1,2,1,1,1,1,1,1,4,4,4,4,1,3,1,1,2,1,2,1,1,,1,1,1,2,,,,,,,,,,,1,1,1,1,1,2,,,,,,,,,1,1,2,1,1,1,,1,1,1,1,1,2,,2,2,2,,,,2,4,1,2,,,,1,1,2,,1,1,1,1,1,2,,1,1,2,2,,2,2,,,,,,,,,2,2,,,,,,,,2,,,,,,2,1,1,,,,,,,,,,,,,,1,,1,1,,1,,1,1,2,,2,1,2,2,1,,1,1,1,,1,1,1,1,1,2,2,2,,,,,,,,,,1,2,,,,,,,,,,,,,,
2024,Ghana,GHA,Sub-Saharan Africa (excluding high income),21563813,144875940,1.108015346,2,49,2,5,1,2,0,1,1,1,1,0,4,4,4,2,0,2,3,1,2,,,,,,,,,,,,,,,,,,,1,2,4,4,1,1,2,,,,,,,,,2,2,2,,,,2,2,2,,2,2,2,,2,2,1,,,2,5,2,4,2,,,,1,2,,4,2,2,,2,,2,,2,1,2,2,,1,2,,,,,,,,,2,2,,,,,,,,1,2,2,1,,2,3,0,1,,,,,,,,,,,,,,2,2,1,1,,2,,,1,2,,2,1,1,2,2,2,,,,,,,,,,,,,1,1,2,2,2,2,2,1,8,1,2,,,,,,,,,,,,,,
2024,Ghana,GHA,Sub-Saharan Africa (excluding high income),21563813,144953171,1.165878002,2,44,2,4,1,2,0,1,1,1,1,1,4,4,4,4,0,4,1,1,2,,,,,,,,,,,,,,,,,,,2,1,1,1,1,1,1,2,,,,,,,,2,1,1,3,2,2,,2,2,,2,2,2,2,2,1,2,,,2,1,3,1,2,,,,2,2,,1,2,2,,1,1,1,1,2,2,,,,,2,,,,,,,,,2,2,,,,,,,,2,,,,,,1,1,1,,,,,,,,,,,,,,1,,1,1,,1,,1,4,1,1,2,1,1,1,1,,1,1,1,,1,1,1,1,1,2,2,2,,,,,,,,,,1,1,,,,,,,,,,,,,,
2024,Ghana,GHA,Sub-Saharan Africa (excluding high income),21563813,144959679,0.343135274,1,30,2,5,1,1,0,1,1,1,1,1,4,4,4,4,0,2,1,1,2,,,,,,,,,,,,,,,,,,,1,1,1,1,1,2,2,,,,,,,,,2,1,1,1,2,2,,2,2,,2,2,1,2,2,2,2,,,,2,2,2,2,,,,2,2,,4,2,2,,1,2,1,1,2,1,2,2,,1,2,,,,,,,,,2,2,,,,,,,,2,,,,,,4,1,1,,,,,,,,,,,,,,1,,1,1,,1,,1,1,1,1,2,2,,2,1,,1,1,1,,1,1,1,1,2,2,2,2,,,,,,,,,,1,2,,,,,,,,,,,,,,
2024,Ghana,GHA,Sub-Saharan Africa (excluding high income),21563813,145137243,0.676025697,1,30,1,3,1,2,0,0,0,0,1,0,4,4,4,4,0,2,3,0,2,,,,,,,,,,,,,,,,,,,,,,,,,,,2,2,1,1,1,1,2,2,,2,,,,2,2,2,,2,,1,,1,1,1,,,,2,1,4,1,1,1,,,,,,,,,2,,2,,2,1,2,2,,1,2,,,,,,,,,2,2,,,,,,,,2,,,,,,5,0,1,,,,,,,,,,,,,,1,,1,2,,2,,,2,2,,2,1,2,2,2,2,,,,,2,2,2,2,2,2,2,2,,,,,,,,,,1,2,,,,,,,,,,,,,,
2024,Ghana,GHA,Sub-Saharan Africa (excluding high income),21563813,145256667,0.474894132,2,22,2,1,1,2,0,1,1,1,1,1,2,4,4,4,0,4,2,1,2,,,,,,,,,,,,,,,,,,,1,1,3,4,2,1,1,2,,,,,,,,2,1,1,4,3,2,,2,1,2,2,2,1,2,2,2,2,,,,2,1,4,2,,,,2,2,,4,2,2,,2,,1,2,2,2,,,,,1,2,2,2,1,,,,,2,2,,,,,,,,2,,,,,,4,0,1,,,,,,,,,,,,,,2,2,2,1,,1,,1,1,2,,2,1,2,2,2,2,,,,,,,,,,,,,1,1,2,2,2,2,1,1,8,1,2,,,,,,,,,,,,,,
2024,Ghana,GHA,Sub-Saharan Africa (excluding high income),21563813,145257612,0.805419691,1,18,2,5,2,1,0,0,0,0,0,0,4,4,4,4,0,4,3,0,2,,,,,,,,,,,,,,,,,,,,,,,,,,,2,2,2,2,2,2,2,2,,2,,,,2,2,2,,2,,2,,2,2,2,,,2,7,,4,2,,,,,,,,,,,2,,2,,2,2,,,,,2,,,,,,,,,2,2,,,,,,,,2,,,,,,5,1,1,,,,,,,,,,,,,,1,,1,1,,1,,1,1,2,,2,2,,2,1,,1,1,2,,1,1,1,2,2,2,2,2,,,,,,,,,,1,2,,,,,,,,,,,,,,
2024,Ghana,GHA,Sub-Saharan Africa (excluding high income),21563813,145322676,0.517762837,2,39,3,5,1,2,1,1,1,1,1,1,1,4,4,4,1,4,1,1,1,1,1,2,1,,1,1,1,1,,,,,,,,,,,1,1,1,1,2,1,2,,,,,,,,1,1,2,2,1,1,,1,2,,2,2,2,,2,2,2,1,1,,1,3,1,2,,,,2,1,1,,1,1,3,1,1,2,,1,2,,,,,1,2,1,2,,,2,2,,2,2,,,,,,,,2,,,,,,4,1,1,,,,,,,,,,,,,,1,,1,1,,1,,1,4,1,1,2,2,,1,1,,1,1,1,,1,1,1,1,1,2,1,2,,,,,,,,,,1,2,,,,,,,,,,,,,,
2024,Ghana,GHA,Sub-Saharan Africa (excluding high income),21563813,145402349,0.92183307,1,30,1,2,1,1,0,0,0,0,1,1,4,4,4,2,0,4,2,0,2,,,,,,,,,,,,,,,,,,,,,,,,,,,,,,,,,,2,2,1,,,,,2,2,,2,2,1,1,1,2,1,,,,2,1,4,2,,,,2,2,,2,2,2,,2,,1,2,2,2,,,,,2,,,,,,,,,2,2,,,,,,,,1,2,2,1,,2,1,0,1,,,,,,,,,,,,,,2,2,1,1,,2,,,2,2,,2,1,2,8,2,2,,,,,,,,,,,,,1,2,2,1,2,2,2,2,1,1,1,,,,,,,,,,,,,,
2024,Ghana,GHA,Sub-Saharan Africa (excluding high income),21563813,145449305,0.43488309,1,29,1,4,1,2,0,1,1,1,1,1,4,4,4,4,0,2,1,1,2,,,,,,,,,,,,,,,,,,,2,3,3,3,2,2,2,,,,,,,,,2,1,1,3,2,2,,2,2,,2,2,1,2,2,1,1,,,,2,1,5,1,1,1,2,2,2,,4,2,2,,2,,1,1,2,1,2,2,,1,2,,,,,,,,,2,2,,,,,,,,2,,,,,,4,0,1,,,,,,,,,,,,,,2,2,2,1,,2,,,2,2,,2,2,,2,2,2,,,,,,,,,,,,,1,1,2,1,2,2,2,2,1,2,,2,2,1,2,2,2,2,2,1,2,2,2,,
2024,Ghana,GHA,Sub-Saharan Africa (excluding high income),21563813,145464322,0.883229945,1,28,2,2,2,2,1,1,1,1,1,1,4,4,4,4,1,2,1,1,2,1,2,3,3,1,2,2,2,2,,,,,,,,,,,2,2,1,1,2,2,,,,,,,,,2,1,2,2,1,2,,2,1,1,2,1,1,,1,2,1,,,,5,2,5,2,,,,2,1,1,,2,2,,2,,1,1,2,1,2,2,,1,2,,,,,,,,,2,2,,,,,,,,2,,,,,,4,1,1,,,,,,,,,,,,,,1,,1,1,,1,,1,1,2,,2,2,,2,1,,1,1,1,,1,1,1,1,2,2,2,1,,,,,,,,,,1,1,,,,,,,,,,,,,,
2024,Ghana,GHA,Sub-Saharan Africa (excluding high income),21563813,145530869,0.883036331,2,25,2,2,1,1,1,1,1,1,1,1,4,4,4,4,1,2,1,1,2,2,1,3,3,1,1,1,1,2,,,,,,,,,,,1,1,1,1,1,1,2,,,,,,,,1,1,1,1,2,2,,2,1,1,2,1,1,1,2,1,1,,,,1,1,4,4,,,,2,2,,7,1,1,1,1,1,1,1,2,1,2,2,,1,2,,,,,,,,,2,2,,,,,,,,2,,,,,,5,1,1,,,,,,,,,,,,,,1,,1,1,,1,,1,1,1,1,2,1,1,1,1,,1,1,1,,1,1,1,1,1,2,1,2,,,,,,,,,,1,4,,,,,,,,,,,,,,
2024,Ghana,GHA,Sub-Saharan Africa (excluding high income),21563813,145597786,0.897453034,2,27,2,3,1,1,0,0,0,0,0,0,4,4,4,4,0,4,3,0,2,,,,,,,,,,,,,,,,,,,,,,,,,,,1,2,2,2,2,2,2,2,,2,,,,2,2,2,,2,,2,,2,2,2,,,2,2,1,5,2,,,,,,,,,,,2,,2,,2,2,,,,,2,,,,,,,,,2,2,,,,,,,,2,,,,,,5,0,1,,,,,,,,,,,,,,2,2,1,1,,2,,,2,2,,2,2,,2,2,2,,,,,,,,,,,,,1,1,2,2,2,2,2,1,1,1,2,,,,,,,,,,,,,,
2024,Ghana,GHA,Sub-Saharan Africa (excluding high income),21563813,145836190,0.347065767,2,31,3,5,1,2,1,1,1,1,1,0,4,4,4,4,1,1,3,1,1,1,2,2,2,,2,2,1,1,,,,,,,,,,,2,1,3,2,1,2,,,,,,,,,2,2,2,,,,2,2,1,1,2,1,2,,2,2,1,2,,,6,1,1,2,,,,2,2,,4,1,1,1,2,,2,,2,1,2,1,,,2,,,,,,,,,2,2,,,,,,,,2,,,,,,5,1,1,,,,,,,,,,,,,,1,,1,1,,1,,1,1,1,1,2,2,,2,1,,1,1,1,,1,1,1,1,1,1,1,1,,,,,,,,,,1,2,,,,,,,,,,,,,,
2024,Ghana,GHA,Sub-Saharan Africa (excluding high income),21563813,145869159,1.625728321,1,50,2,3,1,1,1,1,1,1,0,1,1,4,4,4,1,4,1,1,2,2,2,2,3,,1,2,2,2,,,,,,,,,,,1,1,1,1,1,2,,,,,,,,,1,1,2,1,2,2,,2,2,,2,2,2,,2,2,2,,,2,1,2,4,2,,,,1,1,3,,2,2,,1,1,1,1,1,2,,,,,1,2,2,1,,,2,2,,2,2,,,,,,,,2,,,,,,2,1,1,,,,,,,,,,,,,,1,,1,1,,1,,1,1,1,2,2,1,2,1,1,,1,1,1,,1,2,1,1,2,2,2,2,,,,,,,,,,1,2,,,,,,,,,,,,,,
2024,Ghana,GHA,Sub-Saharan Africa (excluding high income),21563813,146056476,1.029405823,1,28,2,2,1,2,1,1,1,1,1,1,4,4,4,4,0,4,1,1,2,1,2,3,2,,1,1,1,2,,,,,,,,,,,2,2,3,1,1,2,,,,,,,,,2,1,2,2,2,2,,2,1,1,2,1,1,,2,1,2,,,,3,2,3,2,,,,2,2,,4,2,2,,1,1,1,2,2,2,,,,,2,,,,,,,,,2,2,,,,,,,,2,,,,,,2,0,1,,,,,,,,,,,,,,2,2,1,1,,2,,,1,2,,2,2,,1,2,2,,,,,,,,,,,,,1,1,2,1,2,2,2,1,1,1,2,,,,,,,,,,,,,,
2024,Ghana,GHA,Sub-Saharan Africa (excluding high income),21563813,146072163,2.008180363,2,46,1,2,1,2,0,1,1,1,1,1,4,4,4,4,0,4,1,1,2,,,,,,,,,,,,,,,,,,,1,3,1,1,2,2,2,,,,,,,,,2,2,1,,,,,2,1,2,2,1,1,1,2,2,1,,,,1,1,1,2,,,,2,2,,4,2,2,,1,1,1,1,1,2,,,,,2,,,,,,,,,2,2,,,,,,,,2,,,,,,2,0,1,,,,,,,,,,,,,,2,2,1,3,,2,,,1,2,,2,1,2,2,2,2,,,,,,,,,,,,,1,1,1,1,2,2,2,2,4,1,2,,,,,,,,,,,,,,
2024,Ghana,GHA,Sub-Saharan Africa (excluding high income),21563813,146362683,0.551145906,2,27,3,4,1,2,0,1,1,1,0,1,1,4,4,4,0,4,1,1,2,,,,,,,,,,,,,,,,,,,1,2,2,2,1,1,2,,,,,,,,,2,1,1,2,1,2,,2,2,,2,2,2,2,2,2,2,,,2,2,2,3,2,,,,2,2,,4,2,2,,1,1,1,1,2,2,,,,,1,2,2,1,,,2,2,,2,2,,,,,,,,2,,,,,,4,1,1,,,,,,,,,,,,,,1,,1,1,,1,,1,1,1,1,2,2,,2,1,,1,1,3,,1,1,1,1,1,2,2,2,,,,,,,,,,1,2,,,,,,,,,,,,,,
2024,Ghana,GHA,Sub-Saharan Africa (excluding high income),21563813,146445612,1.207982648,1,25,1,4,2,1,0,1,1,1,1,1,4,1,4,4,0,4,3,1,2,,,,,,,,,,,,,,,,,,,1,3,4,4,1,1,2,,,,,,,,,2,1,2,4,2,2,,2,2,,2,2,1,,2,1,1,,,,2,2,5,1,1,1,1,2,2,,4,2,2,,2,,2,,2,2,,,,,2,,,,,,,,,1,2,2,1,,,1,2,,2,,,,,,4,0,1,,,,,,,,,,,,,,2,1,1,1,,2,,,2,2,,2,1,2,1,2,2,,,,,,,,,,,,,2,1,2,2,1,1,2,2,2,1,2,,,,,,,,,,,,,,
2024,Ghana,GHA,Sub-Saharan Africa (excluding high income),21563813,146585340,0.542561111,2,43,3,5,1,2,1,1,1,1,0,1,1,1,4,4,1,1,1,1,1,1,1,2,2,,1,1,1,2,,,,,,,,,,,2,2,2,1,1,1,2,,,,,,,,1,1,2,2,1,1,,1,2,,2,2,2,,2,2,2,,,2,1,3,3,2,,,,1,1,2,,1,1,2,1,1,1,2,1,1,2,1,,,1,1,1,2,,,2,2,,1,2,1,2,,,2,2,,2,,,,,,1,1,1,,,,,,,,,,,,,,1,,1,1,,1,,1,1,1,1,2,1,2,2,1,,1,1,3,,1,1,1,1,1,2,1,2,,,,,,,,,,1,2,,,,,,,,,,,,,,
2024,Ghana,GHA,Sub-Saharan Africa (excluding high income),21563813,146674740,1.165878002,2,39,2,3,1,2,0,1,1,1,1,1,1,4,4,4,1,1,1,1,2,,,,,,,,,,,,,,,,,,,1,1,1,1,1,1,2,,,,,,,,,2,1,1,4,3,2,,2,1,1,2,1,1,2,2,2,1,,,,2,2,2,2,,,,2,1,3,,1,2,,1,1,1,1,2,1,2,1,,,1,2,2,1,,,2,4,,2,2,,,,,,,,2,,,,,,3,1,1,,,,,,,,,,,,,,1,,1,1,,1,,1,2,1,1,2,1,2,2,1,,1,1,2,,2,1,1,1,2,2,1,2,,,,,,,,,,1,2,,,,,,,,,,,,,,
2024,Ghana,GHA,Sub-Saharan Africa (excluding high income),21563813,146997321,0.499290381,1,26,1,1,1,1,1,1,1,1,1,1,4,4,4,4,1,4,1,1,2,1,1,5,5,1,2,1,2,2,,,,,,,,,,,1,1,1,1,1,2,,,,,,,,,2,1,1,1,2,2,,2,1,1,2,1,2,2,2,2,2,,,,1,2,2,2,,,,1,1,1,,1,2,,1,1,1,1,1,2,,,,,2,,,,,,,,,2,2,,,,,,,,2,,,,,,5,1,1,,,,,,,,,,,,,,1,,1,1,,1,,1,4,1,1,2,1,2,2,1,,1,1,1,,1,1,1,2,1,2,2,2,,,,,,,,,,1,2,,,,,,,,,,,,,,
2024,Ghana,GHA,Sub-Saharan Africa (excluding high income),21563813,147023197,0.785062055,2,33,3,4,1,2,1,1,1,1,1,1,1,4,4,4,1,1,1,1,1,1,2,2,2,,1,1,1,1,,,,,,,,,,,1,1,1,1,1,2,,,,,,,,,1,1,2,2,1,1,,1,2,,2,2,2,,2,2,1,1,1,,1,3,1,2,,,,1,1,1,,2,1,1,1,1,2,,1,1,2,1,,,1,1,1,2,,,2,2,,2,2,,,,,,,,2,,,,,,4,1,1,,,,,,,,,,,,,,1,,1,1,,1,,1,4,1,1,2,2,,1,1,,1,1,2,,1,1,1,1,1,1,1,2,,,,,,,,,,1,2,,,,,,,,,,,,,,
2024,Ghana,GHA,Sub-Saharan Africa (excluding high income),21563813,147139470,0.292104789,2,31,3,5,1,1,1,1,1,1,1,1,4,4,4,4,1,1,1,1,2,1,1,2,3,,1,1,1,2,,,,,,,,,,,1,1,1,1,2,2,,,,,,,,,1,1,2,1,1,2,,2,2,,2,1,2,,2,2,2,,,,1,3,4,2,,,,2,1,3,,1,1,1,1,1,1,1,2,1,2,1,,,2,,,,,,,,,2,2,,,,,,,,2,,,,,,3,1,1,,,,,,,,,,,,,,1,,1,1,,1,,1,1,1,1,2,2,,2,1,,1,1,1,,1,1,1,1,1,2,2,2,,,,,,,,,,1,2,,,,,,,,,,,,,,
2024,Ghana,GHA,Sub-Saharan Africa (excluding high income),21563813,147178922,0.900961145,2,40,2,2,1,2,1,1,1,1,1,1,4,4,4,4,0,1,2,1,2,1,2,1,3,,2,1,1,2,,,,,,,,,,,1,2,4,1,1,2,,,,,,,,,1,1,1,2,2,2,,1,1,2,1,2,1,1,2,2,2,,,,3,1,4,2,,,,1,2,,4,2,2,,1,2,1,2,2,1,2,1,,,2,,,,,,,,,2,2,,,,,,,,2,,,,,,2,0,1,,,,,,,,,,,,,,1,,1,1,,1,,1,4,2,,2,2,,2,2,2,,,,,1,2,1,1,1,2,2,2,,,,,,,,,,1,2,,,,,,,,,,,,,,
2024,Ghana,GHA,Sub-Saharan Africa (excluding high income),21563813,147289709,0.65169761,1,30,1,4,1,1,0,0,0,0,1,1,4,4,4,2,0,4,3,0,2,,,,,,,,,,,,,,,,,,,,,,,,,,,2,1,2,1,2,2,1,2,,1,,,,,1,1,1,2,,2,1,2,2,1,,,,1,1,3,2,,,,,,,,,,,2,,2,,2,2,,,,,2,,,,,,,,,2,2,,,,,,,,1,2,2,1,,2,7,0,2,1,2,2,2,2,2,2,1,2,,,,1,,,,,,,,,,,,,,,,2,2,,,,,,,,,,,,,,,,,,,,,,1,1,,,,,,,,,,,,,,
2024,Ghana,GHA,Sub-Saharan Africa (excluding high income),21563813,147299341,0.617021522,1,32,2,4,1,1,1,1,1,1,1,1,4,4,4,4,0,2,1,1,2,2,2,3,3,2,2,2,2,2,,,,,,,,,,,1,1,1,1,1,2,,,,,,,,,2,1,2,3,2,2,,2,2,,2,2,1,,2,2,2,,,,6,3,2,2,,,,2,2,,4,2,2,,2,,1,1,2,1,2,2,,1,2,,,,,,,,,2,2,,,,,,,,2,,,,,,6,1,1,,,,,,,,,,,,,,1,,1,1,,1,,1,4,1,1,2,2,,2,1,,1,1,2,,1,1,1,1,2,2,2,2,,,,,,,,,,1,2,,,,,,,,,,,,,,
2024,Ghana,GHA,Sub-Saharan Africa (excluding high income),21563813,147343503,0.382290891,2,36,2,4,1,1,1,1,1,1,1,1,4,4,4,4,0,4,1,1,2,2,2,2,3,,1,1,2,2,,,,,,,,,,,2,2,3,1,1,2,,,,,,,,,1,1,2,3,1,2,,2,2,,2,2,1,,2,1,2,,,,2,1,2,1,2,2,2,2,2,,1,2,2,,1,2,1,1,2,2,,,,,2,,,,,,,,,2,2,,,,,,,,2,,,,,,4,1,1,,,,,,,,,,,,,,1,,1,1,,1,,1,1,1,1,2,2,,2,1,,1,1,1,,1,1,1,1,2,2,2,2,,,,,,,,,,1,2,,,,,,,,,,,,,,
2024,Ghana,GHA,Sub-Saharan Africa (excluding high income),21563813,147365609,2.720617221,2,16,1,1,1,1,1,0,1,0,1,0,4,4,4,4,0,2,1,1,2,2,2,1,3,,1,1,1,1,,,,,,,,,,,,,,,,,,,,,,,,,2,2,2,,,,2,2,2,,1,2,1,,2,2,1,1,1,,1,2,3,2,,,,2,2,,1,2,2,,1,1,1,1,2,1,2,2,,1,2,,,,,,,,,2,2,,,,,,,,2,,,,,,5,0,1,,,,,,,,,,,,,,8,,1,1,,1,,2,2,1,1,2,1,1,1,2,2,,,,,,,,,,,,,2,2,1,2,2,2,2,1,8,1,1,,,,,,,,,,,,,,
2024,Ghana,GHA,Sub-Saharan Africa (excluding high income),21563813,147541350,1.748054658,2,20,2,5,2,2,0,1,1,1,0,1,4,4,4,4,0,4,1,1,2,,,,,,,,,,,,,,,,,,,1,3,3,3,1,1,2,,,,,,,,,2,1,2,3,1,2,,2,2,,2,2,2,,2,2,2,,,2,7,,4,2,,,,2,2,,4,2,2,,1,1,1,1,2,2,,,,,2,,,,,,,,,2,2,,,,,,,,2,,,,,,5,1,1,,,,,,,,,,,,,,1,,1,4,1,1,,2,1,1,1,2,1,2,1,1,,2,1,3,,1,1,1,1,2,2,2,2,,,,,,,,,,1,2,,,,,,,,,,,,,,
2024,Ghana,GHA,Sub-Saharan Africa (excluding high income),21563813,147640908,1.228149981,1,18,2,3,2,2,0,1,1,1,1,1,4,4,4,4,0,4,1,1,2,,,,,,,,,,,,,,,,,,,2,3,1,1,1,1,1,2,,,,,,,,2,1,2,1,1,2,,2,1,2,2,1,2,,2,2,2,,,,2,1,5,2,,,,2,2,,3,2,2,,1,1,1,1,2,2,,,,,2,,,,,,,,,2,2,,,,,,,,2,,,,,,4,0,1,,,,,,,,,,,,,,2,2,2,1,,2,,,2,2,,2,1,2,2,2,2,,,,,,,,,,,,,1,2,2,2,2,2,2,2,1,2,,2,2,1,1,2,2,2,2,1,2,2,2,,
2024,Ghana,GHA,Sub-Saharan Africa (excluding high income),21563813,147655825,0.596923842,1,29,2,5,1,2,1,1,1,1,0,1,4,4,4,4,1,4,1,1,2,1,2,1,1,,1,1,1,2,,,,,,,,,,,1,1,1,2,2,2,,,,,,,,,2,2,1,,,,,2,1,1,2,2,2,2,2,2,2,,,2,1,2,4,2,,,,2,1,3,,2,2,,2,,1,1,2,2,,,,,2,,,,,,,,,2,2,,,,,,,,2,,,,,,4,1,1,,,,,,,,,,,,,,1,,1,1,,1,,1,2,1,1,2,2,,2,1,,1,1,1,,1,1,1,1,1,2,2,2,,,,,,,,,,1,2,,,,,,,,,,,,,,
2024,Ghana,GHA,Sub-Saharan Africa (excluding high income),21563813,147834753,1.719226148,1,35,1,2,1,1,0,1,1,1,1,1,4,4,4,4,0,4,1,1,2,,,,,,,,,,,,,,,,,,,1,2,2,2,1,2,2,,,,,,,,,2,1,2,3,2,2,,2,2,,2,2,2,,2,2,1,,,2,2,1,5,2,,,,1,2,,6,2,2,,1,1,1,1,2,2,,,,,2,,,,,,,,,2,2,,,,,,,,2,,,,,,5,0,1,,,,,,,,,,,,,,2,2,1,1,,1,,2,1,1,1,2,1,1,2,2,2,,,,,,,,,,,,,2,2,8,8,8,8,8,2,,2,,1,3,3,1,2,1,2,2,1,3,2,1,,
2024,Ghana,GHA,Sub-Saharan Africa (excluding high income),21563813,147922859,0.737551521,1,50,2,4,1,2,0,0,0,0,1,0,4,4,4,4,0,4,1,0,2,,,,,,,,,,,,,,,,,,,,,,,,,,,,,,,,,,2,2,2,,,,2,2,2,,2,2,2,,1,2,1,,,2,2,2,1,2,,,,2,2,,5,2,2,,2,,1,1,1,2,,,,,2,,,,,,,,,2,2,,,,,,,,2,,,,,,3,0,1,,,,,,,,,,,,,,2,2,1,1,,1,,1,2,2,,2,2,,2,2,2,,,,,,,,,,,,,2,2,2,2,2,1,2,1,8,1,2,,,,,,,,,,,,,,
2024,Ghana,GHA,Sub-Saharan Africa (excluding high income),21563813,148090153,1.358832556,2,39,2,4,1,1,0,1,1,1,1,1,4,4,4,2,0,2,1,1,2,,,,,,,,,,,,,,,,,,,1,1,1,1,1,1,2,,,,,,,,,2,1,2,1,2,2,,2,2,,2,2,1,,2,2,2,,,,2,2,2,2,,,,2,2,,4,2,2,,1,1,1,1,2,1,2,2,,1,2,,,,,,,,,2,2,,,,,,,,1,2,2,1,,2,4,1,1,,,,,,,,,,,,,,1,,1,1,,1,,1,1,1,1,2,1,2,2,1,,1,1,1,,1,1,1,1,2,2,2,2,,,,,,,,,,1,2,,,,,,,,,,,,,,
2024,Ghana,GHA,Sub-Saharan Africa (excluding high income),21563813,148275061,0.388337575,1,43,2,5,1,2,1,1,1,1,0,1,4,4,4,4,1,2,1,1,1,1,2,3,3,1,1,1,1,2,,,,,,,,,,,1,1,1,1,1,2,,,,,,,,,1,1,2,3,2,1,,1,2,,2,2,2,,2,2,2,,,2,1,2,2,2,,,,2,2,,3,2,1,3,1,1,1,1,2,1,2,2,,1,2,,,,,,,,,2,2,,,,,,,,2,,,,,,4,1,1,,,,,,,,,,,,,,1,,1,1,,1,,1,2,1,1,2,2,,1,1,,1,1,1,,1,2,1,2,1,2,2,2,,,,,,,,,,1,1,,,,,,,,,,,,,,
2024,Ghana,GHA,Sub-Saharan Africa (excluding high income),21563813,148378630,0.294409982,1,33,2,2,1,2,0,1,1,1,1,1,4,4,4,4,0,2,1,1,2,,,,,,,,,,,,,,,,,,,2,3,1,1,2,1,2,,,,,,,,,2,1,2,3,2,2,,2,1,2,2,1,2,,2,1,1,,,,2,2,5,2,,,,2,2,,4,2,2,,1,2,1,1,2,1,2,2,,1,2,,,,,,,,,2,2,,,,,,,,2,,,,,,4,1,1,,,,,,,,,,,,,,1,,1,1,,1,,1,4,2,,2,1,2,1,1,,1,1,1,,1,1,1,1,1,2,2,2,,,,,,,,,,1,1,,,,,,,,,,,,,,
2024,Ghana,GHA,Sub-Saharan Africa (excluding high income),21563813,148471222,0.542311927,2,45,2,2,1,1,1,1,1,1,0,1,4,4,4,4,0,4,1,1,2,2,2,2,3,,1,2,2,2,,,,,,,,,,,3,3,3,2,2,2,,,,,,,,,1,2,2,2,1,1,,2,2,,2,2,2,,2,2,2,,,2,1,2,1,2,,,,2,2,,4,2,2,,1,1,1,1,2,2,,,,,2,,,,,,,,,2,2,,,,,,,,2,,,,,,4,0,1,,,,,,,,,,,,,,2,2,1,1,,2,,,2,2,,2,2,,2,2,2,,,,,,,,,,,,,1,2,2,2,2,2,2,2,1,1,2,,,,,,,,,,,,,,
2024,Ghana,GHA,Sub-Saharan Africa (excluding high income),21563813,148614999,0.719099612,2,35,2,5,1,2,1,1,1,1,1,1,1,1,4,1,1,1,1,1,1,1,1,1,1,,1,1,1,1,,,,,,,,,,,1,1,1,1,1,1,1,,,,,,,,2,1,1,3,1,2,,1,1,1,2,1,1,2,2,2,1,1,2,,3,2,4,2,,,,2,1,1,,1,1,1,1,1,1,1,1,1,2,1,,,1,1,1,1,,,1,2,,1,2,1,1,,,2,1,,1,2,1,,,1,1,1,1,,,,,,,,,,,,,,1,,1,1,,1,,1,1,1,1,2,1,2,2,1,,1,1,3,,1,1,1,1,1,1,1,1,,,,,,,,,,1,2,,,,,,,,,,,,,,
2024,Ghana,GHA,Sub-Saharan Africa (excluding high income),21563813,148641978,1.107193013,1,45,2,2,1,2,1,1,1,1,1,1,4,4,4,4,1,2,2,1,2,1,2,1,1,,1,2,2,2,,,,,,,,,,,1,1,1,1,1,1,2,,,,,,,,1,2,1,1,1,2,,1,1,1,1,1,1,1,2,1,1,,,,4,3,4,1,1,1,2,1,1,2,,1,2,,1,2,1,2,2,1,2,2,,1,2,,,,,,,,,2,2,,,,,,,,2,,,,,,2,0,1,,,,,,,,,,,,,,1,,1,1,,1,,1,1,2,,2,2,,1,2,2,,,,,1,2,2,1,2,2,2,2,,,,,,,,,,1,2,,,,,,,,,,,,,,
2024,Ghana,GHA,Sub-Saharan Africa (excluding high income),21563813,148746773,1.023806773,1,25,2,4,1,2,1,1,1,1,0,1,4,4,4,4,0,2,1,1,2,2,2,3,4,2,1,2,2,2,,,,,,,,,,,1,4,4,1,1,1,1,,,,,,,,1,1,1,1,1,2,,2,2,,2,2,2,2,2,2,2,,,2,2,3,4,2,,,,2,2,,4,2,2,,1,1,1,2,2,1,2,2,,1,2,,,,,,,,,2,2,,,,,,,,2,,,,,,4,0,1,,,,,,,,,,,,,,2,2,2,1,,1,,1,2,2,,2,1,2,2,2,2,,,,,,,,,,,,,1,1,2,2,2,2,2,1,8,1,2,,,,,,,,,,,,,,
2024,Ghana,GHA,Sub-Saharan Africa (excluding high income),21563813,148748805,1.148105611,2,44,1,2,1,2,0,1,1,1,0,1,4,4,4,4,0,2,1,1,2,,,,,,,,,,,,,,,,,,,1,1,1,1,1,2,2,,,,,,,,,2,1,2,1,2,2,,2,2,,2,2,2,,2,2,2,,,2,1,2,2,2,,,,2,2,,4,2,2,,1,1,1,1,2,1,2,2,,1,2,,,,,,,,,2,2,,,,,,,,2,,,,,,1,1,1,,,,,,,,,,,,,,1,,1,1,,2,,,2,2,,2,2,,2,2,1,4,1,4,,1,2,1,2,2,2,2,2,,,,,,,,,,1,1,,,,,,,,,,,,,,
2024,Ghana,GHA,Sub-Saharan Africa (excluding high income),21563813,148816223,1.150469687,2,15,2,3,2,1,0,0,0,0,1,1,4,4,4,4,0,4,3,0,2,,,,,,,,,,,,,,,,,,,,,,,,,,,2,2,1,1,2,2,2,2,,2,,,,1,2,2,,2,,1,,2,2,2,,,,2,1,1,2,,,,,,,,,,,2,,2,,2,2,,,,,2,,,,,,,,,2,2,,,,,,,,2,,,,,,5,0,2,1,2,2,2,2,2,1,1,1,2,2,1,,,,,,,,,,,,,,,,,2,2,,,,,,,,,,,,,,,,,,,,,,2,,2,2,3,2,1,1,2,1,1,2,2,2,,
2024,Ghana,GHA,Sub-Saharan Africa (excluding high income),21563813,148824620,0.579221431,1,30,2,4,1,1,0,1,1,1,1,1,4,4,4,4,0,1,2,1,2,,,,,,,,,,,,,,,,,,,1,1,2,1,1,2,2,,,,,,,,,2,2,2,,,,1,2,2,,2,2,1,,1,1,1,,,,2,2,4,2,,,,2,2,,1,2,2,,1,2,1,2,2,1,2,1,,,2,,,,,,,,,2,2,,,,,,,,2,,,,,,6,1,1,,,,,,,,,,,,,,1,,1,1,,1,,1,1,2,,2,1,2,2,1,,1,1,1,,1,1,1,2,2,2,2,2,,,,,,,,,,1,2,,,,,,,,,,,,,,
2024,Ghana,GHA,Sub-Saharan Africa (excluding high income),21563813,148913277,2.42065319,2,21,1,1,1,2,0,1,1,1,1,0,1,4,4,4,1,4,1,1,2,,,,,,,,,,,,,,,,,,,2,2,2,2,2,1,1,2,,,,,,,,2,2,2,,,,2,2,2,,2,2,1,,2,2,2,,,,2,3,1,2,,,,2,1,2,,2,2,,1,2,1,1,2,2,,,,,1,2,2,1,,,2,1,,2,2,,,,,,,,2,,,,,,4,1,1,,,,,,,,,,,,,,1,,1,3,,1,,1,1,1,1,2,1,1,8,3,1,1,1,1,,1,1,1,2,1,2,2,2,,,,,,,,,,1,2,,,,,,,,,,,,,,
2024,Ghana,GHA,Sub-Saharan Africa (excluding high income),21563813,148939891,0.814478521,2,38,2,4,1,1,1,1,1,1,1,1,4,4,4,4,0,2,1,1,2,2,2,3,3,2,2,1,2,2,,,,,,,,,,,1,1,1,1,1,1,2,,,,,,,,2,1,2,3,2,2,,2,2,,2,2,1,,2,2,2,,,,2,3,2,2,,,,2,2,,4,2,2,,1,1,1,2,2,1,2,2,,1,2,,,,,,,,,2,2,,,,,,,,2,,,,,,3,1,1,,,,,,,,,,,,,,1,,1,1,,1,,1,4,1,1,2,1,2,2,1,,1,1,1,,1,1,1,1,2,2,2,2,,,,,,,,,,1,2,,,,,,,,,,,,,,
2024,Ghana,GHA,Sub-Saharan Africa (excluding high income),21563813,149042248,1.249064105,2,25,2,1,1,1,0,1,1,1,0,1,1,4,4,4,0,2,1,1,2,,,,,,,,,,,,,,,,,,,2,3,3,2,1,2,2,,,,,,,,,2,1,1,2,1,2,,2,2,,2,2,2,2,2,2,2,,,2,1,2,2,2,,,,2,2,,1,2,3,,1,1,1,1,1,1,2,2,,1,1,2,2,1,,,1,2,,2,2,,,,,,,,2,,,,,,6,1,1,,,,,,,,,,,,,,1,,1,3,,1,,1,4,1,1,2,2,,2,1,,4,2,,2,2,1,1,1,2,2,2,1,,,,,,,,,,1,2,,,,,,,,,,,,,,
2024,Ghana,GHA,Sub-Saharan Africa (excluding high income),21563813,149050557,1.024567173,2,30,2,1,1,1,0,1,1,1,1,1,4,4,4,4,1,1,3,1,2,,,,,,,,,,,,,,,,,,,1,1,2,4,1,1,1,1,,,,,,,,2,1,1,2,2,2,,1,2,,2,1,1,1,1,1,1,,,,2,3,1,2,,,,1,1,2,,2,1,3,2,,2,,2,1,2,1,,,2,,,,,,,,,2,2,,,,,,,,2,,,,,,2,0,1,,,,,,,,,,,,,,2,2,1,1,,1,,1,1,2,,2,1,1,1,2,2,,,,,,,,,,,,,1,2,2,2,2,2,2,2,1,1,2,,,,,,,,,,,,,,
2024,Ghana,GHA,Sub-Saharan Africa (excluding high income),21563813,149144666,0.521006033,2,28,2,5,1,2,1,1,1,1,0,1,4,4,4,4,0,1,2,1,1,1,2,2,2,,1,1,1,2,,,,,,,,,,,3,3,3,2,2,2,,,,,,,,,1,2,2,3,2,1,,2,2,,2,2,2,,2,2,2,,,2,1,2,4,2,,,,2,2,,3,2,2,,1,2,1,2,2,1,2,1,,,2,,,,,,,,,2,2,,,,,,,,2,,,,,,5,1,1,,,,,,,,,,,,,,2,2,1,1,,1,,1,2,2,,2,2,,2,1,,4,1,3,,2,2,1,2,2,2,1,2,2,2,2,2,2,2,1,2,7,1,2,,,,,,,,,,,,,,
2024,Ghana,GHA,Sub-Saharan Africa (excluding high income),21563813,149159870,0.57965163,2,34,2,5,1,1,1,1,1,1,0,1,4,4,4,4,1,1,1,1,2,1,2,1,3,,1,1,2,2,,,,,,,,,,,1,1,1,1,1,2,,,,,,,,,1,2,1,2,1,2,,1,2,,2,2,2,2,2,2,2,,,2,1,2,3,2,,,,2,1,1,,2,2,,1,1,1,1,2,1,2,1,,,2,,,,,,,,,2,2,,,,,,,,2,,,,,,3,1,1,,,,,,,,,,,,,,1,,1,1,,1,,1,1,1,1,2,1,2,2,1,,1,1,1,,1,1,1,2,1,1,1,1,,,,,,,,,,1,2,,,,,,,,,,,,,,
2024,Ghana,GHA,Sub-Saharan Africa (excluding high income),21563813,149161766,0.292104789,1,28,2,4,2,1,0,0,0,0,1,1,4,4,4,4,0,4,1,0,2,,,,,,,,,,,,,,,,,,,,,,,,,,,,,,,,,,2,2,1,,,,,2,2,,2,1,1,2,2,2,2,,,,4,1,2,2,,,,2,2,,4,2,2,,2,,1,1,2,2,,,,,2,,,,,,,,,2,2,,,,,,,,2,,,,,,4,0,1,,,,,,,,,,,,,,2,2,1,1,,2,,,1,2,,2,2,,2,2,2,,,,,,,,,,,,,2,2,2,2,2,2,2,2,,1,2,,,,,,,,,,,,,,
2024,Ghana,GHA,Sub-Saharan Africa (excluding high income),21563813,149363338,3.213152681,1,62,1,1,2,2,0,0,0,0,0,0,4,4,4,4,0,4,1,0,2,,,,,,,,,,,,,,,,,,,,,,,,,,,2,2,2,2,2,2,2,2,,2,,,,2,2,2,,2,,2,,2,2,2,,,2,2,2,1,2,,,,,,,,,,,2,,1,1,2,2,,,,,2,,,,,,,,,2,2,,,,,,,,2,,,,,,3,0,2,2,2,2,1,2,2,1,7,1,1,2,2,,,,,,,,,,,,,,,,,2,2,,,,,,,,,,,,,,,,,,,,,,1,2,,,,,,,,,,,,,,
2024,Ghana,GHA,Sub-Saharan Africa (excluding high income),21563813,149468029,0.682510699,2,32,3,5,1,2,1,1,1,1,1,1,1,1,4,4,1,1,1,1,1,1,1,2,2,,1,1,1,2,,,,,,,,,,,1,1,2,1,1,2,,,,,,,,,1,1,2,2,1,1,,2,1,1,1,1,1,,2,1,1,,,,3,2,2,2,,,,1,1,3,,1,1,3,1,1,1,1,1,1,2,1,,,1,1,1,1,,,1,2,,1,2,1,1,,,2,1,,2,,,,,,1,1,1,,,,,,,,,,,,,,1,,1,1,,1,,1,1,1,1,1,2,,2,1,,1,1,2,,1,1,1,1,1,2,1,2,,,,,,,,,,1,2,,,,,,,,,,,,,,
2024,Ghana,GHA,Sub-Saharan Africa (excluding high income),21563813,149919799,0.343135274,1,30,2,4,1,1,0,1,1,1,1,1,1,4,4,4,0,4,2,1,2,,,,,,,,,,,,,,,,,,,1,1,3,1,1,2,2,,,,,,,,,2,1,1,1,2,2,,2,2,,2,2,1,2,1,2,2,,,,2,1,1,2,,,,2,2,,2,2,2,,1,2,1,2,2,2,,,,,1,2,2,1,,,2,2,,2,2,,,,,,,,2,,,,,,2,0,1,,,,,,,,,,,,,,2,2,1,1,,1,,1,1,2,,2,2,,2,2,2,,,,,,,,,,,,,1,2,2,2,2,2,2,1,1,1,2,,,,,,,,,,,,,,
2024,Ghana,GHA,Sub-Saharan Africa (excluding high income),21563813,150005029,0.351875883,2,27,1,5,1,2,0,1,1,1,1,1,4,4,4,4,0,4,1,1,2,,,,,,,,,,,,,,,,,,,2,1,1,1,1,1,1,2,,,,,,,,2,1,2,1,3,2,,2,1,1,2,1,2,,2,2,1,,,,1,2,1,2,,,,2,2,,4,2,2,,1,1,1,1,2,2,,,,,2,,,,,,,,,2,2,,,,,,,,2,,,,,,4,1,1,,,,,,,,,,,,,,1,,1,1,,2,,,2,2,,2,1,2,2,2,1,4,1,4,,1,1,1,2,2,2,2,2,,,,,,,,,,1,1,,,,,,,,,,,,,,
2024,Ghana,GHA,Sub-Saharan Africa (excluding high income),21563813,150077142,1.338547498,2,35,2,3,1,2,0,0,0,0,1,1,4,4,4,2,0,4,2,0,2,,,,,,,,,,,,,,,,,,,,,,,,,,,,,,,,,,2,2,1,,,,,1,2,,2,2,1,2,2,2,1,,,,1,2,4,2,,,,2,2,,4,2,2,,1,2,1,2,2,2,,,,,2,,,,,,,,,2,2,,,,,,,,1,2,2,1,,2,5,0,2,1,2,2,2,2,2,2,1,2,,,,1,,,,,,,,,,,,,,,,2,2,,,,,,,,,,,,,,,,,,,,,,1,1,,,,,,,,,,,,,,
2024,Ghana,GHA,Sub-Saharan Africa (excluding high income),21563813,150152763,1.323989938,1,21,2,2,2,2,0,1,1,1,0,1,4,4,4,4,0,4,1,1,2,,,,,,,,,,,,,,,,,,,2,3,3,2,2,2,2,,,,,,,,,2,1,2,3,2,2,,2,2,,2,2,2,,2,2,2,,,2,2,4,2,2,,,,2,2,,4,2,2,,1,2,1,1,2,2,,,,,2,,,,,,,,,2,2,,,,,,,,2,,,,,,5,0,1,,,,,,,,,,,,,,2,2,2,1,,1,,2,2,2,,2,1,2,2,2,2,,,,,,,,,,,,,1,1,2,2,2,2,2,2,1,2,,2,2,1,2,2,2,2,2,1,2,2,2,,
2024,Ghana,GHA,Sub-Saharan Africa (excluding high income),21563813,150338959,2.182027376,2,49,2,3,2,2,0,1,1,1,1,1,4,4,4,1,0,2,1,1,2,,,,,,,,,,,,,,,,,,,1,3,3,3,1,2,2,,,,,,,,,2,1,2,3,2,1,,2,2,,2,2,1,,2,2,2,,,,5,1,4,2,,,,2,2,,4,2,2,,1,1,2,,2,1,2,2,,1,2,,,,,,,,,2,2,,,,,,,,1,2,1,,,1,2,1,1,,,,,,,,,,,,,,1,,1,1,,1,,1,1,1,2,2,2,,2,1,,1,1,2,,1,1,1,2,1,2,2,2,,,,,,,,,,1,2,,,,,,,,,,,,,,
2024,Ghana,GHA,Sub-Saharan Africa (excluding high income),21563813,150400391,0.617021522,1,30,2,5,1,1,1,1,1,1,1,1,1,4,4,4,0,4,1,1,2,2,1,2,2,,2,1,2,2,,,,,,,,,,,2,1,1,1,1,1,1,,,,,,,,2,1,2,2,2,2,,2,2,,2,2,1,,2,2,2,,,,2,3,2,2,,,,2,2,,4,2,2,,1,2,1,1,1,2,,,,,1,2,2,1,,,2,2,,2,2,,,,,,,,2,,,,,,3,1,1,,,,,,,,,,,,,,1,,1,1,,1,,1,2,1,1,2,1,2,2,1,,1,1,3,,1,1,1,1,1,2,2,2,,,,,,,,,,1,2,,,,,,,,,,,,,,
2024,Ghana,GHA,Sub-Saharan Africa (excluding high income),21563813,150509440,0.455007132,2,32,3,4,1,2,1,1,1,1,0,1,1,1,4,4,0,1,1,1,1,1,1,3,4,1,1,1,1,2,,,,,,,,,,,2,2,2,1,1,2,,,,,,,,,1,1,2,2,2,2,,2,2,,2,2,2,,2,2,2,,,2,6,2,2,2,,,,2,2,,4,1,2,,1,1,1,1,1,1,2,1,,,1,2,1,1,,,2,2,,1,2,1,1,,,3,2,,2,,,,,,3,1,1,,,,,,,,,,,,,,1,,1,1,,1,,1,1,2,,2,2,,2,1,,1,1,1,,2,1,1,2,1,2,2,1,,,,,,,,,,1,1,,,,,,,,,,,,,,
2024,Ghana,GHA,Sub-Saharan Africa (excluding high income),21563813,150774941,0.636157201,2,20,3,5,1,1,1,0,1,0,0,1,2,4,4,4,0,4,2,0,1,2,1,3,2,,1,1,1,2,,,,,,,,,,,,,,,,,,,,,,,,,2,2,2,,,,1,2,2,,2,2,2,,2,2,2,,,2,3,2,2,2,,,,2,2,,3,2,2,,1,2,2,,2,2,,,,,1,1,2,2,1,,,,,2,2,,,,,,,,2,,,,,,2,1,1,,,,,,,,,,,,,,1,,1,1,,2,,,1,2,,2,2,,2,1,,1,2,,2,1,1,1,2,2,2,2,2,,,,,,,,,,1,2,,,,,,,,,,,,,,
2024,Ghana,GHA,Sub-Saharan Africa (excluding high income),21563813,151006517,2.546990186,1,56,1,1,1,1,0,1,1,1,1,1,4,4,4,4,0,1,3,1,2,,,,,,,,,,,,,,,,,,,1,2,3,4,1,2,1,2,,,,,,,,2,1,1,1,2,2,,2,1,2,2,2,1,1,2,1,1,,,,3,3,4,2,,,,1,2,,4,2,2,,2,,2,,2,1,2,1,,,2,,,,,,,,,2,2,,,,,,,,2,,,,,,2,0,1,,,,,,,,,,,,,,2,2,1,1,,1,,1,1,2,,2,2,,2,2,2,,,,,,,,,,,,,1,1,2,2,2,2,2,2,1,1,2,,,,,,,,,,,,,,
2024,Ghana,GHA,Sub-Saharan Africa (excluding high income),21563813,151027604,1.72555863,2,60,2,1,1,1,0,0,0,0,1,1,4,4,4,3,0,2,3,0,2,,,,,,,,,,,,,,,,,,,,,,,,,,,2,1,2,1,1,1,2,2,,1,,,,,2,2,,1,,2,2,2,2,2,,,,4,1,2,1,1,1,,,,,,,,,2,,2,,2,1,2,2,,1,2,,,,,,,,,2,2,,,,,,,,1,2,2,2,2,2,4,0,1,,,,,,,,,,,,,,1,,2,2,,2,,,2,1,2,2,2,,2,2,2,,,,,1,2,2,2,2,2,2,2,,,,,,,,,,1,2,,,,,,,,,,,,,,
2024,Ghana,GHA,Sub-Saharan Africa (excluding high income),21563813,151055572,3.213152681,1,63,1,4,2,2,0,1,1,1,0,1,4,4,4,2,0,4,1,1,2,,,,,,,,,,,,,,,,,,,1,3,3,3,1,2,2,,,,,,,,,2,1,2,3,2,2,,2,2,,2,2,2,,2,2,2,,,2,2,4,2,2,,,,2,2,,4,2,2,,2,,1,1,2,2,,,,,2,,,,,,,,,2,2,,,,,,,,1,2,2,1,,2,4,0,1,,,,,,,,,,,,,,2,2,2,1,,2,,,2,2,,2,2,,2,2,2,,,,,,,,,,,,,2,2,2,1,2,2,2,1,8,2,,2,1,1,2,2,2,2,2,2,2,2,2,,
2024,Ghana,GHA,Sub-Saharan Africa (excluding high income),21563813,151059038,0.346808186,1,30,2,5,2,1,1,0,1,1,0,1,4,4,4,4,0,1,1,1,1,1,2,2,3,,1,1,2,2,,,,,,,,,,,,,,,,,,,,,,,,,1,2,1,2,2,2,,2,2,,2,2,2,2,2,2,2,,,2,2,2,3,2,,,,2,2,,2,2,2,,1,1,1,1,1,1,2,1,,,2,,,,,,,,,2,2,,,,,,,,2,,,,,,3,1,1,,,,,,,,,,,,,,1,,1,1,,1,,1,2,1,1,2,2,,2,1,,1,1,2,,1,1,1,1,2,2,2,2,,,,,,,,,,1,2,,,,,,,,,,,,,,
2024,Ghana,GHA,Sub-Saharan Africa (excluding high income),21563813,151065569,1.149472925,2,68,3,3,1,2,1,1,1,1,1,1,4,4,4,1,1,1,1,1,1,1,1,2,2,,1,1,1,1,,,,,,,,,,,3,1,2,1,1,1,1,,,,,,,,1,1,2,2,3,1,,2,2,,1,2,1,,2,2,2,1,3,,1,1,4,1,2,2,2,1,1,1,,1,1,3,1,1,1,1,1,1,2,1,,,2,,,,,,,,,2,2,,,,,,,,1,2,1,,,1,4,1,1,,,,,,,,,,,,,,1,,1,1,,1,,1,4,1,1,2,1,1,2,1,,1,1,1,,1,1,2,1,1,2,1,2,,,,,,,,,,1,2,,,,,,,,,,,,,,
2024,Ghana,GHA,Sub-Saharan Africa (excluding high income),21563813,151134262,1.870428962,2,20,2,2,2,2,0,1,1,1,0,0,4,4,4,4,0,4,2,1,2,,,,,,,,,,,,,,,,,,,1,3,3,3,2,2,2,,,,,,,,,2,2,2,,,,2,2,2,,2,2,2,,2,2,2,,,2,7,,4,2,,,,2,2,,4,2,2,,2,,1,2,2,2,,,,,2,,,,,,,,,2,2,,,,,,,,2,,,,,,4,0,1,,,,,,,,,,,,,,2,2,1,1,,1,,1,1,2,,2,2,,2,2,2,,,,,,,,,,,,,1,1,2,2,2,2,2,2,1,1,2,,,,,,,,,,,,,,
2024,Ghana,GHA,Sub-Saharan Africa (excluding high income),21563813,151233014,1.637533308,1,15,1,3,2,2,0,0,0,0,0,0,4,4,4,4,0,4,3,0,2,,,,,,,,,,,,,,,,,,,,,,,,,,,2,2,1,1,2,2,2,2,,2,,,,2,2,2,,2,,2,,2,2,2,,,2,2,4,5,2,,,,,,,,,,,2,,2,,2,2,,,,,2,,,,,,,,,2,2,,,,,,,,2,,,,,,5,0,2,1,2,2,2,1,2,2,5,1,1,2,1,,,,,,,,,,,,,,,,,2,2,,,,,,,,,,,,,,,,,,,,,,2,,2,1,2,1,2,2,2,2,2,2,2,2,,
2024,Ghana,GHA,Sub-Saharan Africa (excluding high income),21563813,151244914,1.432749886,1,45,2,2,1,2,0,1,1,1,1,1,4,4,4,2,0,4,1,1,2,,,,,,,,,,,,,,,,,,,1,1,1,1,1,2,2,,,,,,,,,2,1,1,1,2,2,,2,2,,2,2,2,2,2,2,1,,,2,1,2,1,2,,,,2,2,,4,2,2,,1,1,1,2,2,2,,,,,2,,,,,,,,,2,2,,,,,,,,1,2,2,1,,2,4,1,1,,,,,,,,,,,,,,1,,1,1,,1,,1,2,1,1,2,1,2,1,1,,1,1,1,,1,1,1,1,1,2,2,2,,,,,,,,,,1,2,,,,,,,,,,,,,,
2024,Ghana,GHA,Sub-Saharan Africa (excluding high income),21563813,151455445,1.679725505,1,16,1,2,1,2,0,1,1,1,1,1,4,4,4,4,1,4,2,1,2,,,,,,,,,,,,,,,,,,,1,1,3,2,2,1,2,,,,,,,,,2,1,2,2,2,2,,2,2,,2,2,1,,2,2,2,,,,2,1,5,2,,,,2,2,,4,2,1,1,1,2,2,,2,2,,,,,2,,,,,,,,,2,2,,,,,,,,2,,,,,,5,0,1,,,,,,,,,,,,,,2,2,2,1,,2,,,2,2,,1,2,,2,2,2,,,,,,,,,,,,,1,2,2,2,2,2,2,2,1,1,2,,,,,,,,,,,,,,
2024,Ghana,GHA,Sub-Saharan Africa (excluding high income),21563813,151544514,1.325658682,2,30,1,2,1,1,0,0,0,0,1,1,2,4,4,2,0,4,3,0,2,,,,,,,,,,,,,,,,,,,,,,,,,,,2,2,1,1,1,2,2,2,,2,,,,1,2,2,,2,,1,,2,2,1,,,,7,,1,2,,,,,,,,,,,2,,2,,2,2,,,,,1,2,2,2,1,,,,,2,2,,,,,,,,1,2,2,1,,2,4,0,2,1,2,2,2,2,2,2,1,2,,,,1,,,,,,,,,,,,,,,,2,2,,,,,,,,,,,,,,,,,,,,,,2,,1,2,2,1,2,2,2,2,1,2,2,1,,
2024,Ghana,GHA,Sub-Saharan Africa (excluding high income),21563813,151638993,0.617021522,1,25,1,3,2,2,0,1,1,1,1,1,4,4,4,4,0,2,2,1,2,,,,,,,,,,,,,,,,,,,1,2,2,2,1,1,2,,,,,,,,,2,1,2,2,2,2,,2,2,,2,2,1,,2,2,1,,,,2,2,2,2,,,,2,2,,4,2,2,,2,,1,2,2,1,2,2,,1,2,,,,,,,,,2,2,,,,,,,,2,,,,,,4,1,1,,,,,,,,,,,,,,1,,1,1,,1,,1,1,1,1,2,1,2,2,1,,1,1,2,,1,1,1,1,1,2,2,1,,,,,,,,,,1,2,,,,,,,,,,,,,,
2024,Ghana,GHA,Sub-Saharan Africa (excluding high income),21563813,151744236,1.229062151,2,15,2,2,2,2,0,0,0,0,1,0,4,4,4,4,0,4,3,0,2,,,,,,,,,,,,,,,,,,,,,,,,,,,2,1,1,1,2,2,2,2,,2,,,,2,2,2,,2,,1,,2,2,2,,,,2,1,5,2,,,,,,,,,,,2,,2,,2,2,,,,,2,,,,,,,,,2,2,,,,,,,,2,,,,,,5,0,2,1,2,2,2,2,2,1,1,1,2,2,2,,,,,,,,,,,,,,,,,2,2,,,,,,,,,,,,,,,,,,,,,,2,,2,1,2,1,2,2,2,2,2,2,2,2,,
2024,Ghana,GHA,Sub-Saharan Africa (excluding high income),21563813,151977515,0.763416938,1,41,3,5,1,1,1,1,1,1,0,1,1,4,4,4,1,1,1,1,1,1,1,2,2,,1,1,2,2,,,,,,,,,,,3,2,1,1,2,2,,,,,,,,,1,2,2,2,3,1,,1,2,,2,2,2,,2,2,2,,,2,1,2,3,2,,,,1,1,2,,1,1,3,1,1,2,,1,1,1,1,,,1,1,1,2,,,1,2,,2,2,,,,,,,,2,,,,,,5,1,1,,,,,,,,,,,,,,1,,1,1,,1,,1,4,1,1,1,1,1,2,1,,1,1,2,,1,1,1,1,1,2,1,1,,,,,,,,,,1,2,,,,,,,,,,,,,,
2024,Ghana,GHA,Sub-Saharan Africa (excluding high income),21563813,152148340,1.637533308,1,23,2,3,2,2,0,1,1,1,1,1,4,4,4,4,1,4,1,1,2,,,,,,,,,,,,,,,,,,,2,1,1,1,1,2,1,2,,,,,,,,2,1,2,1,3,2,,2,1,1,2,1,2,,2,2,1,,,,2,4,1,2,,,,2,1,3,,2,2,,2,,1,1,2,2,,,,,2,,,,,,,,,2,2,,,,,,,,2,,,,,,4,1,1,,,,,,,,,,,,,,1,,2,1,,1,,1,1,1,1,2,1,2,1,1,,1,1,1,,1,1,1,1,1,2,2,2,,,,,,,,,,2,,2,2,1,2,2,2,2,2,2,2,1,2,,
2024,Ghana,GHA,Sub-Saharan Africa (excluding high income),21563813,152391003,0.292104789,1,22,2,3,2,2,0,1,1,1,1,0,4,4,4,4,1,1,3,1,2,,,,,,,,,,,,,,,,,,,2,6,4,3,2,1,2,,,,,,,,,2,2,2,,,,2,1,2,,2,2,1,,1,2,2,,,,1,3,2,2,,,,2,1,3,,1,2,,2,,2,,2,1,2,1,,,2,,,,,,,,,2,2,,,,,,,,2,,,,,,1,1,1,,,,,,,,,,,,,,1,,1,1,,1,,1,1,1,1,2,2,,2,1,,1,1,1,,1,2,1,1,1,2,1,2,,,,,,,,,,1,2,,,,,,,,,,,,,,
2024,Ghana,GHA,Sub-Saharan Africa (excluding high income),21563813,152425914,1.488625681,2,70,2,5,1,2,0,1,1,1,1,1,4,4,4,4,1,1,1,1,2,,,,,,,,,,,,,,,,,,,1,1,1,1,1,2,2,,,,,,,,,2,1,2,1,1,1,,1,2,,2,2,1,,2,2,2,,,,1,3,4,2,,,,1,1,1,,1,2,,1,1,1,1,2,1,2,1,,,2,,,,,,,,,2,2,,,,,,,,2,,,,,,6,1,1,,,,,,,,,,,,,,1,,1,1,,1,,1,1,1,1,2,2,,2,1,,1,1,2,,1,1,1,1,1,2,1,2,,,,,,,,,,1,2,,,,,,,,,,,,,,
2024,Ghana,GHA,Sub-Saharan Africa (excluding high income),21563813,152642876,1.424682396,2,18,2,4,2,2,0,1,1,1,1,1,4,4,4,4,0,4,3,1,2,,,,,,,,,,,,,,,,,,,1,1,1,1,1,2,2,,,,,,,,,2,1,2,1,1,2,,2,2,,2,2,1,,2,2,1,,,,3,1,2,2,,,,2,2,,4,2,2,,2,,2,,2,2,,,,,2,,,,,,,,,2,2,,,,,,,,2,,,,,,5,1,1,,,,,,,,,,,,,,2,2,2,1,,1,,1,4,2,,1,2,,2,1,,4,1,4,,2,2,2,2,1,2,2,2,2,2,2,2,1,2,2,2,5,2,,2,2,2,1,2,2,2,1,1,1,2,2,,
2024,Ghana,GHA,Sub-Saharan Africa (excluding high income),21563813,152662479,0.292104789,1,32,3,4,1,2,1,1,1,1,0,1,4,4,4,4,1,1,1,1,1,1,1,3,3,1,1,1,1,2,,,,,,,,,,,1,1,1,1,2,2,,,,,,,,,1,1,2,3,2,2,,2,2,,2,2,2,,2,2,2,,,2,1,3,4,1,2,2,2,1,1,1,,1,1,1,1,1,1,1,2,1,2,1,,,2,,,,,,,,,2,2,,,,,,,,2,,,,,,1,1,1,,,,,,,,,,,,,,1,,1,1,,1,,1,1,1,1,2,2,,2,1,,1,1,1,,2,2,2,2,1,2,2,2,,,,,,,,,,1,2,,,,,,,,,,,,,,
2024,Ghana,GHA,Sub-Saharan Africa (excluding high income),21563813,152736746,0.617021522,1,25,2,4,1,1,0,1,1,1,1,1,4,4,4,4,0,2,1,1,2,,,,,,,,,,,,,,,,,,,1,3,1,1,1,2,2,,,,,,,,,2,1,2,3,2,2,,2,2,,2,2,1,,2,2,2,,,,2,2,2,2,,,,2,2,,4,2,2,,2,,1,1,1,1,2,2,,1,2,,,,,,,,,2,2,,,,,,,,2,,,,,,3,1,1,,,,,,,,,,,,,,1,,1,1,,1,,1,4,1,1,2,2,,2,1,,1,1,2,,1,1,1,1,1,2,2,2,,,,,,,,,,1,2,,,,,,,,,,,,,,
2024,Ghana,GHA,Sub-Saharan Africa (excluding high income),21563813,152737114,0.75329248,1,22,2,2,1,1,0,0,0,0,1,0,2,4,4,4,0,2,2,0,2,,,,,,,,,,,,,,,,,,,,,,,,,,,1,2,2,2,2,1,2,2,,2,,,,2,2,2,,1,,1,,2,2,1,,,,7,,5,2,,,,,,,,,,,2,,1,2,2,1,2,2,,1,1,2,2,2,1,,,,,2,2,,,,,,,,2,,,,,,4,0,1,,,,,,,,,,,,,,2,2,2,1,,1,,1,2,2,,2,2,,2,2,2,,,,,,,,,,,,,1,2,1,2,2,2,2,2,1,1,1,,,,,,,,,,,,,,
2024,Ghana,GHA,Sub-Saharan Africa (excluding high income),21563813,153020687,0.896751968,2,33,2,3,1,1,1,1,1,1,1,1,1,4,4,1,1,1,1,1,1,1,1,2,1,,1,1,1,2,,,,,,,,,,,1,1,1,1,2,2,,,,,,,,,1,1,1,3,1,1,,2,1,1,1,1,1,2,2,2,1,,,,3,1,3,2,,,,2,1,2,,2,2,,1,1,1,1,1,1,2,1,,,1,2,1,2,,,2,2,,2,2,,,,,,,,1,2,1,,,2,2,1,1,,,,,,,,,,,,,,1,,1,1,,1,,1,2,1,1,2,2,,2,1,,2,1,3,,2,2,1,2,1,2,1,2,,,,,,,,,,1,2,,,,,,,,,,,,,,
2024,Ghana,GHA,Sub-Saharan Africa (excluding high income),21563813,153089948,1.215931663,1,40,1,1,1,1,0,1,1,1,1,1,4,4,4,4,1,4,1,1,2,,,,,,,,,,,,,,,,,,,1,2,2,2,1,2,2,,,,,,,,,2,1,2,2,1,2,,2,2,,2,2,1,,1,2,1,,,,2,1,4,2,,,,2,1,4,,2,2,,1,1,1,1,2,2,,,,,2,,,,,,,,,2,2,,,,,,,,2,,,,,,1,0,1,,,,,,,,,,,,,,2,2,1,3,,2,,,1,2,,2,1,2,1,2,2,,,,,,,,,,,,,1,1,2,2,2,2,1,2,2,1,2,,,,,,,,,,,,,,
2024,Ghana,GHA,Sub-Saharan Africa (excluding high income),21563813,153303294,0.949788264,2,18,2,1,1,1,1,1,1,1,1,1,2,4,4,4,0,4,3,1,2,1,2,1,3,,1,1,1,2,,,,,,,,,,,1,2,4,1,1,1,1,,,,,,,,2,1,1,1,2,2,,2,2,,2,2,1,2,2,2,2,,,,2,2,5,2,,,,2,2,,4,2,2,,2,,2,,2,2,,,,,1,2,2,2,1,,,,,2,2,,,,,,,,2,,,,,,5,0,1,,,,,,,,,,,,,,1,,2,1,,1,,1,1,2,,1,2,,1,2,2,,,,,1,1,1,1,1,2,1,2,,,,,,,,,,2,,2,2,2,1,2,2,2,2,1,2,2,2,,
2024,Ghana,GHA,Sub-Saharan Africa (excluding high income),21563813,153367699,1.86904079,1,21,2,3,1,1,0,1,1,1,1,1,4,4,4,4,1,2,1,1,2,,,,,,,,,,,,,,,,,,,1,3,3,3,1,2,2,,,,,,,,,2,2,2,,,,1,2,1,1,2,1,1,,2,2,1,,,,2,2,3,2,,,,2,1,3,,2,2,,1,1,1,1,2,1,2,2,,1,2,,,,,,,,,2,2,,,,,,,,2,,,,,,2,1,1,,,,,,,,,,,,,,1,,1,1,,1,,1,1,1,1,2,2,,2,1,,3,1,3,,1,1,1,1,1,2,2,2,,,,,,,,,,1,2,,,,,,,,,,,,,,
2024,Ghana,GHA,Sub-Saharan Africa (excluding high income),21563813,153447146,0.817787947,1,27,2,2,2,2,1,0,1,0,0,1,4,4,4,4,0,2,1,1,2,2,1,2,3,,2,2,2,2,,,,,,,,,,,,,,,,,,2,1,2,2,2,1,1,2,,1,,,,,2,2,,2,,2,2,2,2,2,,,2,2,1,3,1,1,1,2,2,2,,4,2,2,,1,2,1,1,2,1,2,2,,1,2,,,,,,,,,2,2,,,,,,,,2,,,,,,2,0,1,,,,,,,,,,,,,,1,,1,1,,1,,1,2,1,1,2,2,,2,2,2,,,,,1,2,2,2,2,2,2,2,,,,,,,,,,1,2,,,,,,,,,,,,,,
2024,Ghana,GHA,Sub-Saharan Africa (excluding high income),21563813,153604791,0.55116783,1,30,2,3,1,1,0,1,1,1,0,1,4,4,4,2,0,4,1,1,2,,,,,,,,,,,,,,,,,,,2,4,2,1,1,2,2,,,,,,,,,2,1,2,3,2,2,,2,2,,2,2,2,,2,2,2,,,2,5,1,3,2,,,,2,2,,4,2,2,,1,1,1,1,2,2,,,,,2,,,,,,,,,2,2,,,,,,,,1,2,2,1,,2,5,0,1,,,,,,,,,,,,,,1,,1,1,,1,,1,2,2,,2,2,,2,2,2,,,,,2,2,2,2,2,2,2,2,,,,,,,,,,1,2,,,,,,,,,,,,,,
2024,Ghana,GHA,Sub-Saharan Africa (excluding high income),21563813,153662700,0.454563645,1,37,2,4,2,2,1,1,1,1,1,0,5,4,4,4,0,4,1,1,1,1,1,2,2,,2,2,2,2,,,,,,,,,,,3,5,3,2,1,2,,,,,,,,,2,2,2,,,,2,2,1,1,2,1,2,,2,2,1,,,,2,1,4,2,,,,2,2,,4,2,2,,1,1,1,1,2,2,,,,,4,,,,,,,,,2,2,,,,,,,,2,,,,,,2,1,1,,,,,,,,,,,,,,1,,1,1,,1,,1,1,1,1,2,1,2,2,1,,4,1,3,,2,2,2,1,2,2,2,2,,,,,,,,,,1,2,,,,,,,,,,,,,,
2024,Ghana,GHA,Sub-Saharan Africa (excluding high income),21563813,153725459,1.307339771,2,50,1,3,2,1,0,1,1,1,0,0,4,4,4,4,0,4,3,1,2,,,,,,,,,,,,,,,,,,,1,2,2,2,1,2,2,,,,,,,,,2,2,2,,,,2,2,2,,2,2,2,,2,2,2,,,2,2,2,4,2,,,,2,2,,2,2,2,,2,,2,,2,2,,,,,2,,,,,,,,,2,2,,,,,,,,2,,,,,,3,0,1,,,,,,,,,,,,,,2,2,2,1,,2,,,2,2,,2,2,,2,2,2,,,,,,,,,,,,,2,2,2,2,2,2,2,1,8,1,2,,,,,,,,,,,,,,
2024,Ghana,GHA,Sub-Saharan Africa (excluding high income),21563813,153938843,0.682537848,1,31,1,2,1,1,1,0,1,0,1,1,4,4,4,4,0,1,3,1,2,2,2,1,2,,1,1,1,2,,,,,,,,,,,,,,,,,,2,2,2,2,1,1,2,2,,1,,,,,2,2,,2,,1,2,2,2,2,,,,2,2,4,2,,,,2,2,,6,2,2,,2,,2,,2,1,1,2,,,2,,,,,,,,,2,2,,,,,,,,2,,,,,,5,0,1,,,,,,,,,,,,,,2,2,1,1,,2,,,1,1,1,2,2,,2,2,2,,,,,,,,,,,,,2,2,2,2,2,2,2,1,8,1,2,,,,,,,,,,,,,,
2024,Ghana,GHA,Sub-Saharan Africa (excluding high income),21563813,154005403,1.351441718,2,44,2,5,1,2,0,1,1,1,1,1,1,4,4,4,0,1,1,1,2,,,,,,,,,,,,,,,,,,,1,1,2,2,1,2,1,2,,,,,,,,2,1,1,2,1,1,,2,1,1,2,1,1,2,1,1,1,,,,2,2,1,2,,,,2,2,,4,2,2,,1,2,1,1,1,1,2,1,,,1,2,2,1,,,1,2,,2,2,,,,,,,,2,,,,,,1,1,1,,,,,,,,,,,,,,1,,1,1,,1,,1,3,1,1,1,1,2,2,1,,1,1,2,,1,1,1,2,1,1,1,1,,,,,,,,,,1,2,,,,,,,,,,,,,,
2024,Ghana,GHA,Sub-Saharan Africa (excluding high income),21563813,154148719,0.766979791,2,20,2,4,2,2,0,1,1,1,1,1,4,4,4,4,1,1,1,1,2,,,,,,,,,,,,,,,,,,,1,3,3,3,1,2,2,,,,,,,,,2,1,2,3,1,2,,2,2,,2,2,1,,2,2,2,,,,2,1,4,2,,,,2,2,,5,2,1,1,1,1,1,1,2,1,2,1,,,2,,,,,,,,,2,2,,,,,,,,2,,,,,,4,1,1,,,,,,,,,,,,,,1,,1,1,,1,,1,1,1,1,2,2,,2,1,,1,1,3,,1,1,1,1,2,2,2,2,,,,,,,,,,1,2,,,,,,,,,,,,,,
2024,Ghana,GHA,Sub-Saharan Africa (excluding high income),21563813,154319592,0.845160809,2,45,1,5,1,2,0,1,1,1,0,1,4,3,3,4,1,1,1,1,2,,,,,,,,,,,,,,,,,,,1,1,3,3,1,2,2,,,,,,,,,2,1,2,3,2,1,,2,2,,2,2,2,,2,2,2,,,2,2,2,4,2,,,,2,1,3,,2,2,,1,1,1,1,2,1,2,1,,,2,,,,,,,,,1,1,2,2,2,2,,,,2,,,,,,3,1,1,,,,,,,,,,,,,,1,,1,1,,1,,1,2,2,,2,1,2,2,1,,1,1,3,,1,1,1,2,2,2,2,2,,,,,,,,,,1,2,,,,,,,,,,,,,,
2024,Ghana,GHA,Sub-Saharan Africa (excluding high income),21563813,154363342,0.949788264,2,21,2,2,2,2,0,1,1,1,1,1,4,4,4,4,1,4,1,1,2,,,,,,,,,,,,,,,,,,,1,2,4,4,1,1,1,2,,,,,,,,2,1,2,2,3,2,,2,1,2,2,1,1,,2,2,2,,,,2,2,5,1,1,1,2,1,1,3,,2,1,3,2,,1,1,1,2,,,,,2,,,,,,,,,2,2,,,,,,,,2,,,,,,5,1,1,,,,,,,,,,,,,,1,,2,1,,1,,1,4,1,1,1,1,2,1,1,,1,1,1,,1,1,1,1,1,1,1,1,,,,,,,,,,1,2,,,,,,,,,,,,,,
2024,Ghana,GHA,Sub-Saharan Africa (excluding high income),21563813,154480420,0.929047108,1,21,2,4,1,1,0,1,1,1,1,1,1,4,4,4,0,4,1,1,2,,,,,,,,,,,,,,,,,,,1,3,3,3,2,2,2,,,,,,,,,2,2,2,,,,1,2,2,,2,2,1,,2,2,2,,,,2,2,4,2,,,,2,2,,4,2,2,,2,,1,1,2,2,,,,,1,2,2,1,,,1,1,,2,2,,,,,,,,2,,,,,,4,1,1,,,,,,,,,,,,,,1,,1,1,,1,,1,1,1,1,2,2,,2,1,,1,1,2,,1,1,1,1,2,2,2,2,,,,,,,,,,1,2,,,,,,,,,,,,,,
2024,Ghana,GHA,Sub-Saharan Africa (excluding high income),21563813,154510345,1.447864534,1,24,2,4,1,2,1,1,1,1,1,0,4,4,4,4,0,1,3,1,1,1,2,4,2,,2,2,1,2,,,,,,,,,,,4,3,1,2,2,2,,,,,,,,,2,2,2,,,,2,2,1,1,2,1,2,,2,2,2,,,,6,2,1,2,,,,2,2,,1,2,1,2,2,,2,,2,1,2,1,,,2,,,,,,,,,2,2,,,,,,,,2,,,,,,5,1,1,,,,,,,,,,,,,,1,,1,1,,1,,1,1,1,1,2,1,2,2,1,,1,1,2,,1,1,1,1,1,1,1,1,,,,,,,,,,1,2,,,,,,,,,,,,,,
2024,Ghana,GHA,Sub-Saharan Africa (excluding high income),21563813,154578498,1.402964847,2,20,1,2,1,1,0,1,1,1,1,1,2,4,4,4,0,4,3,1,2,,,,,,,,,,,,,,,,,,,1,1,1,3,1,1,1,1,,,,,,,,2,1,2,1,2,2,,2,1,1,2,2,1,,2,2,2,,,,2,1,1,2,,,,2,2,,4,2,1,2,2,,2,,2,2,,,,,1,2,2,2,1,,,,,2,2,,,,,,,,2,,,,,,5,0,1,,,,,,,,,,,,,,1,,1,1,,1,,1,1,2,,2,2,,2,2,2,,,,,1,2,2,2,2,2,2,2,,,,,,,,,,1,2,,,,,,,,,,,,,,
2024,Ghana,GHA,Sub-Saharan Africa (excluding high income),21563813,154650745,0.682537848,1,28,2,3,2,2,1,1,1,1,1,1,4,4,4,4,0,2,1,1,2,2,2,2,2,,1,1,1,2,,,,,,,,,,,2,3,3,1,1,2,,,,,,,,,2,1,2,3,2,2,,2,2,,2,2,1,,2,2,2,,,,6,2,2,2,,,,2,2,,4,2,2,,2,,1,1,2,1,2,2,,1,2,,,,,,,,,2,2,,,,,,,,2,,,,,,3,1,1,,,,,,,,,,,,,,1,,1,1,,1,,1,4,1,1,2,2,,2,1,,1,1,2,,1,1,1,1,1,2,2,2,,,,,,,,,,1,2,,,,,,,,,,,,,,
2024,Ghana,GHA,Sub-Saharan Africa (excluding high income),21563813,154747016,0.386132261,2,32,2,5,1,1,1,1,1,1,1,1,1,4,4,4,1,4,1,1,2,1,2,2,1,,1,1,1,2,,,,,,,,,,,1,1,1,1,1,2,,,,,,,,,1,1,1,2,1,1,,1,2,,2,2,1,2,2,2,2,,,,1,2,2,1,1,1,2,1,1,3,,1,2,,1,1,1,1,2,2,,,,,1,2,1,2,,,2,2,,2,2,,,,,,,,2,,,,,,4,1,1,,,,,,,,,,,,,,1,,1,1,,1,,1,1,2,,2,2,,2,1,,1,1,2,,2,2,2,2,2,2,2,2,,,,,,,,,,1,2,,,,,,,,,,,,,,
2024,Ghana,GHA,Sub-Saharan Africa (excluding high income),21563813,154753378,0.883229945,1,25,2,4,1,2,0,1,1,1,1,1,2,4,4,4,1,4,1,1,2,,,,,,,,,,,,,,,,,,,2,2,1,1,1,1,1,2,,,,,,,,2,1,2,1,1,2,,2,2,,2,2,1,,2,2,1,,,,2,2,5,2,,,,2,1,3,,2,2,,1,1,1,1,2,2,,,,,1,2,2,2,1,,,,,2,2,,,,,,,,2,,,,,,4,1,1,,,,,,,,,,,,,,1,,1,1,,1,,1,4,1,1,2,2,,2,1,,1,1,1,,1,1,1,1,1,2,2,2,,,,,,,,,,1,2,,,,,,,,,,,,,,
2024,Ghana,GHA,Sub-Saharan Africa (excluding high income),21563813,154796300,1.345127952,2,32,2,4,1,1,1,1,1,1,1,1,1,4,4,4,1,1,1,1,1,1,2,1,2,,2,1,1,2,,,,,,,,,,,1,1,1,2,1,1,1,,,,,,,,1,2,1,1,2,2,,2,1,1,2,1,2,2,2,2,2,,,,1,3,4,1,1,2,2,1,1,2,,1,2,,1,1,2,,2,1,1,1,,,1,2,2,1,,,2,1,,2,2,,,,,,,,2,,,,,,4,1,1,,,,,,,,,,,,,,1,,1,1,,1,,1,2,2,,2,1,2,2,1,,1,1,2,,1,1,1,2,1,2,2,2,,,,,,,,,,1,2,,,,,,,,,,,,,,
2024,Ghana,GHA,Sub-Saharan Africa (excluding high income),21563813,154820305,0.598302023,2,28,2,5,1,1,0,0,0,0,0,0,4,4,4,4,0,4,3,0,2,,,,,,,,,,,,,,,,,,,,,,,,,,,1,2,2,2,2,2,2,2,,2,,,,2,2,2,,2,,2,,2,2,2,,,2,2,1,6,2,,,,,,,,,,,2,,2,,2,2,,,,,2,,,,,,,,,2,2,,,,,,,,2,,,,,,4,0,1,,,,,,,,,,,,,,2,2,1,1,,1,,2,4,2,,2,2,,2,2,2,,,,,,,,,,,,,1,2,1,2,2,2,2,2,1,1,2,,,,,,,,,,,,,,
2024,Ghana,GHA,Sub-Saharan Africa (excluding high income),21563813,154823347,1.448939891,2,23,2,5,1,1,1,1,1,1,1,1,1,4,4,4,0,1,1,1,2,2,1,2,2,,1,1,1,2,,,,,,,,,,,1,1,1,1,2,2,,,,,,,,,1,1,2,1,2,2,,2,2,,2,2,1,,2,1,2,,,,2,3,3,2,,,,2,2,,4,1,2,,1,1,1,1,2,1,2,1,,,1,2,1,1,,,2,2,,2,2,,,,,,,,2,,,,,,4,1,1,,,,,,,,,,,,,,1,,1,1,,1,,1,1,1,1,2,2,,2,1,,1,1,2,,1,1,1,1,2,2,2,2,,,,,,,,,,1,2,,,,,,,,,,,,,,
2024,Ghana,GHA,Sub-Saharan Africa (excluding high income),21563813,155014593,0.909338882,1,25,2,4,2,2,1,1,1,1,0,1,4,4,4,4,0,4,1,1,1,1,1,2,3,,1,1,1,2,,,,,,,,,,,2,1,1,1,2,2,,,,,,,,,2,1,2,2,1,2,,2,2,,2,2,2,,2,2,2,,,2,2,3,1,2,,,,2,2,,2,2,2,,2,,1,1,1,2,,,,,2,,,,,,,,,2,2,,,,,,,,2,,,,,,6,1,1,,,,,,,,,,,,,,1,,1,1,,1,,1,1,1,1,2,1,2,2,1,,1,1,1,,1,1,1,1,1,2,1,2,,,,,,,,,,1,2,,,,,,,,,,,,,,
2024,Ghana,GHA,Sub-Saharan Africa (excluding high income),21563813,155076550,0.914991,2,29,2,3,1,2,0,1,1,1,1,1,4,4,4,4,0,4,1,1,2,,,,,,,,,,,,,,,,,,,1,2,1,1,1,1,2,,,,,,,,,1,1,2,1,2,2,,1,2,,2,1,1,,1,2,2,,,,2,1,3,2,,,,2,2,,4,1,2,,1,1,1,1,2,2,,,,,2,,,,,,,,,2,2,,,,,,,,2,,,,,,3,1,1,,,,,,,,,,,,,,1,,1,1,,1,,1,1,1,1,2,1,2,1,1,,1,1,2,,1,1,1,1,1,2,2,2,,,,,,,,,,1,2,,,,,,,,,,,,,,
2024,Ghana,GHA,Sub-Saharan Africa (excluding high income),21563813,155179513,1.432749886,1,47,2,2,1,2,1,1,1,1,1,1,4,4,4,4,0,4,1,1,2,2,2,3,3,1,3,1,1,2,,,,,,,,,,,2,2,2,2,1,2,,,,,,,,,2,2,1,,,,,2,2,,1,2,2,2,2,2,2,,,,4,1,1,2,,,,2,2,,4,2,2,,1,1,2,,2,2,,,,,2,,,,,,,,,2,2,,,,,,,,2,,,,,,4,0,2,2,2,2,2,2,2,1,7,1,2,1,2,,,,,,,,,,,,,,,,,2,2,,,,,,,,,,,,,,,,,,,,,,1,2,,,,,,,,,,,,,,
2024,Ghana,GHA,Sub-Saharan Africa (excluding high income),21563813,155357943,0.939174194,2,52,1,1,2,2,0,0,0,0,1,1,4,3,4,4,0,4,2,0,2,,,,,,,,,,,,,,,,,,,,,,,,,,,2,1,1,1,1,1,2,2,,1,,,,,2,2,,2,,1,1,1,2,1,,,,7,,4,1,1,1,,,,,,,,,2,,1,2,2,2,,,,,2,,,,,,,,,1,2,2,2,2,2,,,,2,,,,,,3,0,2,2,1,2,1,2,1,1,7,1,2,1,2,,,,,,,,,,,,,,,,,2,2,,,,,,,,,,,,,,,,,,,,,,1,2,,,,,,,,,,,,,,
2024,Ghana,GHA,Sub-Saharan Africa (excluding high income),21563813,155400801,0.455007132,2,34,2,5,1,2,1,1,1,1,1,1,4,4,4,4,0,4,1,1,1,1,2,2,2,,2,1,2,2,,,,,,,,,,,1,1,1,1,1,2,,,,,,,,,2,1,2,2,1,2,,2,1,1,2,1,1,,2,2,2,,,,2,3,2,2,,,,2,2,,1,2,2,,1,1,1,1,1,2,,,,,2,,,,,,,,,2,2,,,,,,,,2,,,,,,3,1,1,,,,,,,,,,,,,,1,,1,1,,1,,1,1,2,,2,1,2,2,1,,1,1,1,,1,1,1,1,1,2,2,2,,,,,,,,,,1,2,,,,,,,,,,,,,,
2024,Ghana,GHA,Sub-Saharan Africa (excluding high income),21563813,155485826,0.837425948,2,29,3,3,1,2,1,1,1,1,1,1,1,4,4,4,0,4,1,1,1,1,2,2,3,,1,1,1,2,,,,,,,,,,,2,1,3,1,2,2,,,,,,,,,1,1,2,2,1,2,,2,2,,2,2,2,,2,2,1,,,2,4,1,2,2,,,,1,2,,1,1,2,,2,,1,1,2,2,,,,,1,2,1,2,,,2,3,,2,2,,,,,,,,2,,,,,,4,1,1,,,,,,,,,,,,,,1,,1,2,,1,,1,4,1,1,2,2,,2,1,,2,1,2,,1,1,1,1,1,1,1,1,,,,,,,,,,1,2,,,,,,,,,,,,,,
2024,Ghana,GHA,Sub-Saharan Africa (excluding high income),21563813,155493467,1.50658496,1,19,1,4,1,1,0,0,0,0,0,0,4,4,4,4,0,4,3,0,2,,,,,,,,,,,,,,,,,,,,,,,,,,,2,2,2,1,2,2,2,2,,2,,,,2,2,2,,2,,2,,2,2,2,,,2,2,2,5,2,,,,,,,,,,,2,,2,,2,2,,,,,2,,,,,,,,,2,2,,,,,,,,2,,,,,,5,0,1,,,,,,,,,,,,,,2,2,1,1,,2,,,8,2,,2,2,,2,2,2,,,,,,,,,,,,,1,2,2,2,2,2,2,2,1,1,2,,,,,,,,,,,,,,
2024,Ghana,GHA,Sub-Saharan Africa (excluding high income),21563813,155576135,0.505005483,1,23,2,2,1,2,0,0,0,0,0,0,4,4,4,4,0,2,1,0,2,,,,,,,,,,,,,,,,,,,,,,,,,,,1,1,1,2,2,2,2,2,,2,,,,2,2,2,,2,,2,,2,2,2,,,2,5,3,4,2,,,,,,,,,,,1,1,2,,2,1,2,2,,1,2,,,,,,,,,2,2,,,,,,,,2,,,,,,2,1,1,,,,,,,,,,,,,,2,2,2,1,,1,,1,1,2,,2,2,,2,2,1,4,2,,1,1,2,1,1,2,2,1,2,1,1,2,2,2,2,1,2,1,2,,1,2,2,2,2,2,2,1,1,2,2,2,,
2024,Ghana,GHA,Sub-Saharan Africa (excluding high income),21563813,155759977,1.432749886,1,51,1,2,1,2,0,1,1,1,0,1,4,4,4,4,0,2,2,1,2,,,,,,,,,,,,,,,,,,,2,3,1,1,1,2,2,,,,,,,,,2,1,2,2,3,2,,2,2,,2,2,2,,2,2,2,,,2,1,2,4,2,,,,2,2,,5,2,2,,1,2,1,2,2,1,2,2,,1,2,,,,,,,,,2,2,,,,,,,,2,,,,,,5,0,1,,,,,,,,,,,,,,2,2,1,1,,2,,,3,2,,2,1,2,2,2,2,,,,,,,,,,,,,2,2,2,1,2,2,2,2,4,1,2,,,,,,,,,,,,,,
2024,Ghana,GHA,Sub-Saharan Africa (excluding high income),21563813,155768483,0.317371945,2,32,3,5,1,2,1,1,1,1,1,1,1,4,4,4,1,1,1,1,1,1,2,2,1,,1,1,1,1,,,,,,,,,,,1,1,1,1,1,2,,,,,,,,,1,1,2,2,1,1,,1,2,,1,2,2,,2,1,2,1,1,,1,3,1,2,,,,1,1,1,,1,1,3,1,1,2,,2,1,1,2,,,1,1,1,2,,,1,2,,2,2,,,,,,,,2,,,,,,1,1,1,,,,,,,,,,,,,,1,,1,1,,1,,1,4,1,1,2,1,2,2,1,,1,1,2,,1,2,1,1,1,2,1,2,,,,,,,,,,1,3,,,,,,,,,,,,,,
2024,Ghana,GHA,Sub-Saharan Africa (excluding high income),21563813,155846819,2.081864546,1,53,1,1,1,1,0,1,1,1,1,1,4,4,4,1,0,4,1,1,2,,,,,,,,,,,,,,,,,,,1,3,3,3,1,2,2,,,,,,,,,2,1,2,3,1,2,,2,2,,2,2,1,,1,2,1,,,,2,1,1,1,2,1,2,2,2,,1,2,2,,2,,1,1,2,2,,,,,2,,,,,,,,,2,2,,,,,,,,1,2,1,,,2,3,0,1,,,,,,,,,,,,,,2,2,1,1,,1,,2,2,2,,2,2,,2,2,2,,,,,,,,,,,,,1,1,2,1,2,2,2,2,1,1,2,,,,,,,,,,,,,,
2024,Ghana,GHA,Sub-Saharan Africa (excluding high income),21563813,156084498,0.968589523,1,35,3,4,1,2,1,1,1,1,0,1,1,4,4,4,1,1,1,1,1,2,2,2,2,,1,2,2,2,,,,,,,,,,,2,2,2,1,1,1,2,,,,,,,,1,1,2,3,1,2,,2,2,,2,2,2,,2,2,2,,,2,4,3,1,2,,,,1,1,3,,1,2,,1,1,1,1,2,1,2,1,,,1,1,1,2,,,2,2,,2,2,,,,,,,,2,,,,,,1,1,1,,,,,,,,,,,,,,1,,1,1,,1,,1,1,1,1,2,2,,2,2,1,1,1,2,,1,1,1,1,1,2,2,2,,,,,,,,,,1,2,,,,,,,,,,,,,,
2024,Ghana,GHA,Sub-Saharan Africa (excluding high income),21563813,156272413,0.379332026,2,20,2,4,1,1,0,1,1,1,1,1,4,4,4,1,1,4,1,1,2,,,,,,,,,,,,,,,,,,,1,1,2,3,2,2,1,1,,,,,,,,2,1,2,2,1,2,,2,1,1,2,1,2,,2,1,2,,,,3,2,4,2,,,,2,1,1,,2,1,1,1,2,1,1,2,2,,,,,2,,,,,,,,,2,2,,,,,,,,1,2,1,,,2,2,1,1,,,,,,,,,,,,,,1,,1,1,,1,,1,1,1,1,2,1,2,1,1,,2,1,2,,1,1,1,1,1,2,1,2,,,,,,,,,,1,2,,,,,,,,,,,,,,
2024,Ghana,GHA,Sub-Saharan Africa (excluding high income),21563813,156307859,0.416029147,2,30,3,5,1,1,1,1,1,1,1,1,1,4,4,1,1,1,1,1,1,1,1,3,2,,1,1,1,2,,,,,,,,,,,1,1,1,2,1,2,,,,,,,,,1,2,1,1,2,1,,1,2,,1,2,2,2,2,2,2,,,,3,3,2,1,1,1,1,2,2,,3,1,1,3,1,1,1,1,1,1,1,1,,,1,1,1,1,,,2,2,,2,2,,,,,,,,1,2,1,,,1,1,1,1,,,,,,,,,,,,,,1,,1,1,,1,,1,4,1,1,2,1,1,1,1,,1,1,3,,1,1,1,1,1,1,1,1,,,,,,,,,,1,2,,,,,,,,,,,,,,
2024,Ghana,GHA,Sub-Saharan Africa (excluding high income),21563813,156426549,0.344873841,2,25,2,5,1,2,1,1,1,1,1,1,1,1,4,1,1,1,1,1,1,1,1,2,1,,1,1,1,1,,,,,,,,,,,1,1,1,1,1,2,,,,,,,,,1,1,1,2,1,2,,2,1,1,2,1,1,2,2,2,1,1,1,,2,1,2,2,,,,2,1,3,,1,1,1,1,1,1,1,2,1,2,1,,,1,1,1,1,,,1,2,,1,2,2,1,,,2,1,,1,1,1,,,1,3,1,1,,,,,,,,,,,,,,1,,1,1,,1,,1,1,1,1,1,1,2,1,1,,1,1,1,,1,2,1,1,1,1,2,2,,,,,,,,,,1,2,,,,,,,,,,,,,,
2024,Ghana,GHA,Sub-Saharan Africa (excluding high income),21563813,156663338,0.617021522,1,25,2,1,1,1,1,1,1,1,1,1,1,4,4,4,1,1,4,1,2,1,1,1,1,,1,1,1,2,,,,,,,,,,,1,2,3,1,1,2,,,,,,,,,1,1,1,1,1,2,,2,1,1,2,1,1,1,2,2,1,,,,2,2,1,2,,,,1,2,,4,1,1,3,4,,4,,4,1,1,1,,,1,2,1,1,,,1,2,,2,2,,,,,,,,2,,,,,,2,1,1,,,,,,,,,,,,,,1,,1,1,,1,,1,1,1,1,2,1,2,1,1,,1,1,1,,1,1,1,1,1,1,1,1,,,,,,,,,,1,2,,,,,,,,,,,,,,
2024,Ghana,GHA,Sub-Saharan Africa (excluding high income),21563813,156677438,0.338012849,1,32,2,4,1,2,0,1,1,1,1,1,4,4,4,4,0,4,1,1,2,,,,,,,,,,,,,,,,,,,1,2,3,3,1,2,2,,,,,,,,,2,1,2,3,1,2,,2,2,,2,2,1,,2,2,2,,,,2,2,2,2,,,,2,2,,4,2,2,,1,1,1,1,2,2,,,,,2,,,,,,,,,2,2,,,,,,,,2,,,,,,2,0,1,,,,,,,,,,,,,,2,2,2,1,,1,,1,1,2,,2,2,,2,2,2,,,,,,,,,,,,,1,2,2,2,2,2,2,2,1,1,2,,,,,,,,,,,,,,
2024,Ghana,GHA,Sub-Saharan Africa (excluding high income),21563813,156729304,0.439392473,1,50,2,1,2,1,0,0,0,0,0,0,4,4,4,2,0,4,2,0,2,,,,,,,,,,,,,,,,,,,,,,,,,,,2,2,2,2,1,1,2,2,,2,,,,2,2,2,,2,,2,,2,2,2,,,2,6,3,4,2,,,,,,,,,,,1,2,2,,1,2,,,,,2,,,,,,,,,2,2,,,,,,,,1,2,2,1,,2,2,0,1,,,,,,,,,,,,,,2,2,1,1,,2,,,2,2,,2,2,,2,2,2,,,,,,,,,,,,,1,2,1,2,2,2,2,2,1,1,2,,,,,,,,,,,,,,
2024,Ghana,GHA,Sub-Saharan Africa (excluding high income),21563813,156789647,2.492054386,1,18,2,1,1,1,1,1,1,1,1,1,4,4,4,4,1,4,1,1,2,2,2,1,3,,1,1,2,2,,,,,,,,,,,1,1,3,1,2,2,,,,,,,,,1,1,2,1,1,1,,2,1,1,2,1,2,,2,2,2,,,,2,1,3,2,,,,1,1,1,,2,2,,1,1,1,1,2,2,,,,,2,,,,,,,,,2,2,,,,,,,,2,,,,,,5,1,1,,,,,,,,,,,,,,1,,2,1,,1,,1,1,1,1,2,1,2,1,1,,1,1,1,,1,1,1,2,1,2,2,2,,,,,,,,,,1,2,,,,,,,,,,,,,,
2024,Ghana,GHA,Sub-Saharan Africa (excluding high income),21563813,156792378,1.611839786,2,33,1,1,1,1,0,1,1,1,1,1,4,4,4,1,1,4,3,1,2,,,,,,,,,,,,,,,,,,,2,3,3,3,1,2,2,,,,,,,,,2,1,2,3,2,2,,2,2,,2,2,1,,2,2,1,,,,2,1,4,1,1,1,1,2,1,2,,2,2,,2,,2,,2,2,,,,,2,,,,,,,,,2,2,,,,,,,,1,2,1,,,2,1,0,1,,,,,,,,,,,,,,2,2,1,1,,2,,,2,2,,2,2,,2,2,2,,,,,,,,,,,,,2,2,2,1,2,2,2,1,8,1,2,,,,,,,,,,,,,,
2024,Ghana,GHA,Sub-Saharan Africa (excluding high income),21563813,156948355,0.582431575,1,40,1,3,2,1,0,0,0,0,0,0,4,4,4,4,0,2,3,0,2,,,,,,,,,,,,,,,,,,,,,,,,,,,2,2,2,1,2,2,2,2,,2,,,,2,2,2,,2,,2,,2,2,2,,,2,2,1,2,2,,,,,,,,,,,2,,2,,2,1,2,2,,1,2,,,,,,,,,2,2,,,,,,,,2,,,,,,2,0,1,,,,,,,,,,,,,,2,2,1,1,,2,,,3,1,2,2,2,,2,2,2,,,,,,,,,,,,,2,2,2,1,2,2,2,2,4,1,2,,,,,,,,,,,,,,
2024,Ghana,GHA,Sub-Saharan Africa (excluding high income),21563813,156965233,1.165012725,1,37,2,3,1,2,1,1,1,1,1,0,4,4,4,4,0,4,3,1,2,2,2,3,1,,2,1,1,2,,,,,,,,,,,2,2,2,1,2,2,,,,,,,,,2,2,2,,,,2,2,2,,2,2,1,,2,1,1,,,,7,,1,2,,,,2,2,,2,2,2,,2,,2,,2,2,,,,,2,,,,,,,,,2,2,,,,,,,,2,,,,,,2,1,1,,,,,,,,,,,,,,1,,1,1,,1,,1,2,2,,2,2,,2,1,,1,1,1,,2,1,1,1,2,2,2,2,,,,,,,,,,1,2,,,,,,,,,,,,,,
2024,Ghana,GHA,Sub-Saharan Africa (excluding high income),21563813,157061599,0.624532053,2,30,2,1,1,1,0,1,1,1,1,1,4,1,4,2,0,4,1,1,2,,,,,,,,,,,,,,,,,,,2,4,2,2,1,1,2,,,,,,,,,2,1,2,2,1,2,,2,2,,2,2,1,,1,2,1,,,,2,1,4,2,,,,2,2,,3,2,2,,1,1,1,1,2,2,,,,,2,,,,,,,,,1,2,2,1,,,1,2,,1,2,2,1,,2,3,0,1,,,,,,,,,,,,,,2,2,1,1,,1,,1,1,2,,2,1,2,2,2,2,,,,,,,,,,,,,1,2,2,2,2,2,2,2,1,1,1,,,,,,,,,,,,,,
2024,Ghana,GHA,Sub-Saharan Africa (excluding high income),21563813,157115140,0.347065767,2,32,3,5,1,1,1,1,1,1,1,1,4,4,4,4,1,1,1,1,1,1,1,2,2,,1,1,1,2,,,,,,,,,,,1,1,1,1,2,2,,,,,,,,,1,1,2,1,1,1,,2,1,1,2,1,1,,2,2,2,,,,1,3,3,2,,,,2,1,2,,1,1,1,1,1,1,1,1,1,2,1,,,2,,,,,,,,,2,2,,,,,,,,2,,,,,,4,1,1,,,,,,,,,,,,,,1,,1,1,,1,,1,1,1,1,2,2,,2,2,1,1,1,2,,1,1,1,1,2,2,1,2,,,,,,,,,,1,2,,,,,,,,,,,,,,
2024,Ghana,GHA,Sub-Saharan Africa (excluding high income),21563813,157151458,1.181970897,1,39,,2,1,1,0,1,1,1,1,1,4,4,4,4,0,2,1,1,2,,,,,,,,,,,,,,,,,,,1,3,3,3,1,2,2,,,,,,,,,2,2,1,,,,,2,2,,2,2,1,2,2,2,1,,,,7,,4,2,,,,2,2,,4,2,2,,2,,1,1,2,1,2,2,,1,2,,,,,,,,,2,2,,,,,,,,2,,,,,,4,0,2,1,1,2,2,2,2,1,1,1,1,1,2,,,,,,,,,,,,,,,,,2,2,,,,,,,,,,,,,,,,,,,,,,1,2,,,,,,,,,,,,,,
2024,Ghana,GHA,Sub-Saharan Africa (excluding high income),21563813,157265630,0.617479796,2,28,2,3,1,2,1,1,1,1,1,1,4,4,4,4,0,1,1,1,1,1,2,1,3,,1,1,1,2,,,,,,,,,,,1,1,1,1,1,1,2,,,,,,,,1,1,1,1,1,2,,2,2,,1,2,2,1,2,2,2,,,,1,3,2,2,,,,2,2,,1,1,1,2,2,,1,1,1,1,1,1,,,2,,,,,,,,,2,2,,,,,,,,2,,,,,,2,1,1,,,,,,,,,,,,,,1,,1,1,,1,,1,1,1,1,2,1,2,2,2,1,1,1,2,,1,1,1,1,1,1,1,2,,,,,,,,,,1,2,,,,,,,,,,,,,,
2024,Ghana,GHA,Sub-Saharan Africa (excluding high income),21563813,157290090,1.035525674,2,36,3,4,1,2,1,1,1,1,1,1,1,4,4,4,1,1,1,1,1,1,2,2,2,,1,1,1,1,,,,,,,,,,,1,1,1,1,1,1,1,,,,,,,,1,1,2,2,1,1,,1,2,,2,2,2,,2,2,2,1,1,,1,3,1,2,,,,2,1,1,,2,1,3,1,1,2,,1,1,2,1,,,1,1,1,2,,,1,2,,2,2,,,,,,,,2,,,,,,6,1,1,,,,,,,,,,,,,,1,,1,1,,1,,1,4,1,1,2,1,2,1,1,,1,1,2,,1,1,1,1,1,2,1,2,,,,,,,,,,1,1,,,,,,,,,,,,,,
2024,Ghana,GHA,Sub-Saharan Africa (excluding high income),21563813,157326343,0.814478521,2,35,2,5,1,1,1,1,1,1,1,1,1,4,4,4,0,2,1,1,1,2,1,2,2,,1,1,1,2,,,,,,,,,,,2,2,2,1,1,2,,,,,,,,,1,1,2,2,1,2,,2,2,,2,2,1,,2,2,2,,,,2,2,2,2,,,,2,2,,1,2,2,,1,1,1,1,2,1,2,2,,1,1,2,1,1,,,2,2,,2,2,,,,,,,,2,,,,,,3,1,1,,,,,,,,,,,,,,1,,1,1,,1,,1,2,1,1,2,1,2,2,1,,1,1,2,,1,1,1,1,2,2,2,2,,,,,,,,,,1,2,,,,,,,,,,,,,,
2024,Ghana,GHA,Sub-Saharan Africa (excluding high income),21563813,157385852,0.360873538,1,33,2,4,1,1,0,0,0,0,1,1,4,4,4,2,0,4,1,0,2,,,,,,,,,,,,,,,,,,,,,,,,,,,,,,,,,,2,1,2,2,2,1,,2,2,,2,2,2,,1,1,2,,,2,6,2,2,2,,,,2,2,,5,2,2,,1,2,1,1,2,2,,,,,2,,,,,,,,,2,2,,,,,,,,1,2,2,1,,2,5,1,1,,,,,,,,,,,,,,1,,1,1,,1,,1,1,1,1,2,2,,2,2,1,1,2,,2,2,1,1,2,2,2,9,2,,,,,,,,,,1,2,,,,,,,,,,,,,,
2024,Ghana,GHA,Sub-Saharan Africa (excluding high income),21563813,157442482,0.661994969,1,24,1,3,2,2,0,1,1,1,1,0,4,4,4,4,1,2,1,1,2,,,,,,,,,,,,,,,,,,,1,3,3,3,2,2,2,,,,,,,,,2,2,2,,,,2,2,1,1,2,1,1,,2,2,1,,,,7,,5,2,,,,2,1,3,,2,2,,2,,1,1,2,1,2,2,,1,2,,,,,,,,,2,2,,,,,,,,2,,,,,,4,1,1,,,,,,,,,,,,,,1,,2,1,,1,,1,1,2,,2,1,2,1,1,,2,1,2,,1,1,1,2,1,2,2,2,,,,,,,,,,1,1,,,,,,,,,,,,,,
2024,Ghana,GHA,Sub-Saharan Africa (excluding high income),21563813,157466906,1.959554259,1,50,1,2,2,1,0,0,0,0,1,1,4,4,4,4,0,4,1,0,2,,,,,,,,,,,,,,,,,,,,,,,,,,,2,2,2,2,2,2,2,2,,2,,,,1,2,2,,2,,2,,3,1,1,,,2,2,1,2,1,2,2,,,,,,,,,2,,1,1,2,2,,,,,2,,,,,,,,,2,2,,,,,,,,2,,,,,,5,0,1,,,,,,,,,,,,,,2,2,1,1,,2,,,2,2,,2,2,,2,2,2,,,,,,,,,,,,,1,2,1,1,2,2,2,2,1,1,2,,,,,,,,,,,,,,
2024,Ghana,GHA,Sub-Saharan Africa (excluding high income),21563813,157506649,0.448375984,2,30,2,4,1,1,0,1,1,1,1,1,1,4,4,4,1,2,1,1,2,,,,,,,,,,,,,,,,,,,1,2,2,1,1,2,2,,,,,,,,,2,1,1,3,2,2,,2,2,,2,2,1,2,2,1,1,,,,2,1,4,2,,,,2,1,3,,2,2,,2,,1,1,2,1,2,2,,1,1,2,2,1,,,2,2,,2,2,,,,,,,,2,,,,,,4,1,1,,,,,,,,,,,,,,1,,1,1,,1,,1,4,1,1,2,2,,2,1,,3,1,4,,1,1,1,2,1,1,2,2,,,,,,,,,,1,2,,,,,,,,,,,,,,
2024,Ghana,GHA,Sub-Saharan Africa (excluding high income),21563813,157615142,0.68624325,2,27,2,5,1,1,1,1,1,1,1,1,4,4,4,4,1,4,2,1,1,2,2,3,3,1,2,1,1,2,,,,,,,,,,,1,1,3,1,2,2,,,,,,,,,2,2,2,,,,1,2,1,1,2,1,1,,2,2,2,,,,1,2,2,2,,,,2,1,3,,2,2,,1,2,2,,2,2,,,,,2,,,,,,,,,2,2,,,,,,,,2,,,,,,5,0,1,,,,,,,,,,,,,,1,,1,1,,1,,2,1,2,,2,2,,2,2,2,,,,,2,1,1,2,2,2,2,2,,,,,,,,,,1,2,,,,,,,,,,,,,,
2024,Ghana,GHA,Sub-Saharan Africa (excluding high income),21563813,157721830,0.525710173,2,35,3,5,1,1,1,1,1,1,1,1,1,4,4,4,0,4,1,1,2,1,1,2,2,,1,1,1,2,,,,,,,,,,,5,5,5,1,2,1,1,,,,,,,,1,1,2,2,2,1,,1,2,,1,2,2,,2,2,2,,,,1,2,4,2,,,,2,2,,4,2,2,,1,1,1,1,1,2,,,,,1,1,1,2,,,4,3,,2,2,,,,,,,,2,,,,,,4,1,1,,,,,,,,,,,,,,1,,1,1,,1,,1,4,1,1,2,2,,2,2,1,1,1,3,,1,1,1,1,1,1,2,2,,,,,,,,,,1,1,,,,,,,,,,,,,,
2024,Ghana,GHA,Sub-Saharan Africa (excluding high income),21563813,158055441,0.545191965,1,27,2,1,1,2,1,1,1,1,0,0,1,4,4,4,0,2,3,1,2,2,2,2,2,,2,2,2,2,,,,,,,,,,,2,2,2,2,2,2,,,,,,,,,2,2,2,,,,2,2,2,,2,2,2,,2,2,2,,,2,4,1,4,2,,,,2,2,,4,2,2,,2,,2,,2,1,2,2,,1,1,2,1,2,,,2,2,,2,2,,,,,,,,2,,,,,,3,0,1,,,,,,,,,,,,,,2,2,1,1,,2,,,2,2,,2,2,,2,2,2,,,,,,,,,,,,,1,1,2,2,2,2,2,2,1,1,2,,,,,,,,,,,,,,
2024,Ghana,GHA,Sub-Saharan Africa (excluding high income),21563813,158100656,0.805419691,1,24,2,2,1,1,0,1,1,1,1,1,2,4,4,2,1,4,1,1,2,,,,,,,,,,,,,,,,,,,2,1,2,1,1,2,2,,,,,,,,,1,1,1,1,1,2,,2,2,,2,2,2,2,2,2,1,,,1,1,1,3,1,2,2,1,1,1,3,,2,2,,1,1,1,1,2,2,,,,,1,2,2,2,1,,,,,2,2,,,,,,,,1,2,2,1,,2,3,0,1,,,,,,,,,,,,,,2,2,1,1,,1,,1,1,2,,2,1,2,2,2,2,,,,,,,,,,,,,2,2,2,2,2,2,1,2,7,1,2,,,,,,,,,,,,,,
2024,Ghana,GHA,Sub-Saharan Africa (excluding high income),21563813,158118806,1.66202302,2,45,2,2,1,2,0,0,0,0,1,1,2,4,4,4,0,4,3,0,2,,,,,,,,,,,,,,,,,,,,,,,,,,,,,,,,,,2,2,2,,,,1,2,2,,2,2,1,,2,2,2,,,,2,2,5,2,,,,2,2,,1,2,2,,2,,2,,2,2,,,,,1,2,2,2,1,,,,,2,2,,,,,,,,2,,,,,,5,1,1,,,,,,,,,,,,,,1,,2,1,,1,,1,4,2,,2,2,,2,1,,1,1,2,,1,1,1,1,1,2,1,2,,,,,,,,,,1,2,,,,,,,,,,,,,,
2024,Ghana,GHA,Sub-Saharan Africa (excluding high income),21563813,158158530,0.292104789,2,17,2,2,1,2,0,1,1,1,1,1,4,4,4,4,1,4,1,1,2,,,,,,,,,,,,,,,,,,,2,1,1,1,1,1,1,1,,,,,,,,2,1,2,3,1,2,,2,2,,2,2,1,,2,2,2,,,,2,1,3,2,,,,1,1,1,,2,2,,1,1,1,1,2,2,,,,,2,,,,,,,,,2,2,,,,,,,,2,,,,,,5,1,1,,,,,,,,,,,,,,1,,1,1,,1,,1,1,1,1,2,1,2,2,1,,1,1,2,,2,1,1,1,1,2,1,2,,,,,,,,,,1,2,,,,,,,,,,,,,,
2024,Ghana,GHA,Sub-Saharan Africa (excluding high income),21563813,158162947,0.617021522,1,30,2,4,1,1,1,1,1,1,1,1,1,4,4,4,0,2,1,1,1,2,2,3,3,1,1,1,1,2,,,,,,,,,,,2,2,1,1,1,1,1,,,,,,,,2,1,2,2,2,2,,2,2,,2,2,1,,2,2,2,,,,2,2,2,2,,,,2,2,,4,2,2,,2,,1,1,2,1,2,2,,1,1,2,2,1,,,2,2,,2,2,,,,,,,,2,,,,,,3,1,1,,,,,,,,,,,,,,1,,1,1,,1,,1,1,1,1,2,1,1,1,1,,1,1,2,,1,1,1,1,2,2,2,1,,,,,,,,,,1,2,,,,,,,,,,,,,,
2024,Ghana,GHA,Sub-Saharan Africa (excluding high income),21563813,158269401,0.940726254,2,20,2,1,2,2,0,1,1,1,0,1,4,4,4,4,1,1,1,1,2,,,,,,,,,,,,,,,,,,,2,1,1,1,1,1,1,1,,,,,,,,2,1,2,2,1,2,,2,2,,2,2,2,,2,2,2,,,2,2,1,1,2,,,,1,2,,2,1,1,1,1,1,1,1,2,1,2,1,,,2,,,,,,,,,2,2,,,,,,,,2,,,,,,3,1,1,,,,,,,,,,,,,,1,,2,1,,1,,1,1,1,2,2,1,1,2,1,,1,1,1,,1,1,1,1,1,2,1,2,,,,,,,,,,1,2,,,,,,,,,,,,,,
2024,Ghana,GHA,Sub-Saharan Africa (excluding high income),21563813,158274667,1.024567173,2,30,2,2,1,2,0,1,1,1,1,0,4,4,4,4,0,1,3,1,2,,,,,,,,,,,,,,,,,,,1,4,4,4,2,1,2,,,,,,,,,2,2,2,,,,2,2,2,,2,2,1,,2,4,2,,,,3,2,5,2,,,,1,2,,4,2,2,,2,,2,,2,1,2,1,,,2,,,,,,,,,2,2,,,,,,,,2,,,,,,2,0,1,,,,,,,,,,,,,,2,2,1,1,,1,,1,1,2,,2,2,,2,2,2,,,,,,,,,,,,,2,2,2,2,2,2,2,2,,1,2,,,,,,,,,,,,,,
2024,Ghana,GHA,Sub-Saharan Africa (excluding high income),21563813,158351403,1.029405823,1,34,2,1,1,2,1,1,1,1,1,1,1,4,4,4,1,4,1,1,2,1,2,2,2,,1,1,1,2,,,,,,,,,,,3,2,1,1,1,1,1,,,,,,,,2,1,1,2,1,1,,1,1,1,1,1,1,1,1,1,1,,,,4,1,4,2,,,,2,2,,1,1,1,1,1,1,1,1,1,2,,,,,1,2,2,1,,,1,2,,2,2,,,,,,,,2,,,,,,1,1,1,,,,,,,,,,,,,,1,,1,2,,1,,1,1,1,1,2,1,1,2,1,,2,1,2,,2,1,1,2,2,2,2,2,,,,,,,,,,1,2,,,,,,,,,,,,,,
2024,Ghana,GHA,Sub-Saharan Africa (excluding high income),21563813,158362128,0.858618759,2,18,2,1,1,1,0,0,0,0,1,1,4,4,4,2,0,4,1,0,2,,,,,,,,,,,,,,,,,,,,,,,,,,,,,,,,,,2,1,2,3,2,1,,2,2,,2,2,1,,2,2,1,,,,5,2,5,2,,,,2,2,,4,2,2,,1,1,2,,2,2,,,,,2,,,,,,,,,2,2,,,,,,,,1,2,2,1,,2,2,0,1,,,,,,,,,,,,,,2,1,2,1,,1,,1,2,2,,2,2,,1,2,2,,,,,,,,,,,,,1,2,2,2,2,2,2,2,1,2,,2,2,1,2,1,2,1,2,1,1,2,2,,
2024,Ghana,GHA,Sub-Saharan Africa (excluding high income),21563813,158785944,0.683044782,2,30,2,5,1,2,0,1,1,1,1,1,4,4,4,4,1,1,2,1,2,,,,,,,,,,,,,,,,,,,1,1,1,1,2,2,2,,,,,,,,,2,1,2,1,2,2,,2,2,,2,2,1,,2,2,1,,,,3,2,2,2,,,,2,1,3,,2,2,,1,2,1,2,2,1,2,1,,,2,,,,,,,,,2,2,,,,,,,,2,,,,,,4,1,1,,,,,,,,,,,,,,2,2,1,1,,1,,1,4,2,,2,2,,1,1,,2,1,2,,2,1,2,1,1,2,2,2,2,1,2,2,2,2,1,1,97,1,2,,,,,,,,,,,,,,
2024,Ghana,GHA,Sub-Saharan Africa (excluding high income),21563813,158841396,1.612035783,2,19,2,5,1,1,0,1,1,1,1,1,1,3,4,4,1,4,1,1,2,,,,,,,,,,,,,,,,,,,2,3,2,1,1,1,2,,,,,,,,,2,1,2,3,1,2,,2,2,,2,2,1,,2,2,2,,,,7,,3,2,,,,2,1,2,,2,2,,1,1,1,1,1,2,,,,,1,2,2,1,,,2,2,,1,2,2,2,2,2,,,,2,,,,,,5,1,1,,,,,,,,,,,,,,1,,2,1,,1,,1,4,1,1,1,1,2,2,1,,1,1,1,,1,1,1,1,1,1,1,1,,,,,,,,,,1,2,,,,,,,,,,,,,,
2024,Ghana,GHA,Sub-Saharan Africa (excluding high income),21563813,158848963,0.367157909,1,31,3,5,1,1,1,1,1,1,1,1,1,4,4,4,1,1,1,1,1,1,2,2,1,,1,1,1,2,,,,,,,,,,,3,1,1,1,2,1,2,,,,,,,,1,1,2,2,1,1,,1,1,2,2,2,1,,2,2,2,,,,2,2,3,2,,,,1,1,1,,1,1,2,1,1,1,1,1,1,2,1,,,1,1,1,2,,,2,2,,2,2,,,,,,,,2,,,,,,4,1,1,,,,,,,,,,,,,,1,,1,1,,1,,1,1,1,1,2,2,,1,1,,1,1,2,,1,1,1,1,1,2,1,2,,,,,,,,,,1,2,,,,,,,,,,,,,,
2024,Ghana,GHA,Sub-Saharan Africa (excluding high income),21563813,158923850,1.164504872,1,18,2,4,2,2,0,1,1,1,0,1,4,4,4,4,0,4,1,1,2,,,,,,,,,,,,,,,,,,,1,3,3,3,1,2,2,,,,,,,,,2,1,2,3,1,2,,2,2,,2,2,2,,2,2,2,,,2,7,,5,2,,,,2,2,,4,2,2,,1,2,1,1,2,2,,,,,2,,,,,,,,,2,2,,,,,,,,2,,,,,,5,0,1,,,,,,,,,,,,,,2,2,1,1,,1,,2,1,2,,2,2,,2,2,2,,,,,,,,,,,,,1,2,2,2,2,2,2,2,1,1,2,,,,,,,,,,,,,,
2024,Ghana,GHA,Sub-Saharan Africa (excluding high income),21563813,158970581,1.042012067,2,32,1,5,1,2,1,1,1,1,0,1,4,4,4,4,0,1,1,1,1,1,2,2,2,,1,1,1,2,,,,,,,,,,,4,2,4,2,2,2,,,,,,,,,1,2,2,2,2,1,,2,2,,2,2,2,,2,2,2,,,2,1,2,4,2,,,,2,2,,3,2,2,,3,,1,1,2,1,2,1,,,2,,,,,,,,,2,2,,,,,,,,2,,,,,,3,1,1,,,,,,,,,,,,,,1,,1,1,,1,,1,2,1,1,2,2,,2,1,,1,1,3,,1,1,1,2,2,2,2,2,,,,,,,,,,1,2,,,,,,,,,,,,,,
2024,Ghana,GHA,Sub-Saharan Africa (excluding high income),21563813,158993787,0.83745926,1,33,2,2,2,2,1,1,1,1,1,1,4,4,4,4,1,4,1,1,2,1,2,1,2,,1,1,2,2,,,,,,,,,,,2,2,2,1,1,2,,,,,,,,,2,1,1,2,1,2,,2,1,2,2,2,1,2,2,2,2,,,,4,1,1,2,,,,2,1,1,,2,2,,1,1,1,1,1,2,,,,,2,,,,,,,,,2,2,,,,,,,,2,,,,,,5,1,1,,,,,,,,,,,,,,1,,1,1,,1,,1,2,1,1,2,1,2,2,1,,2,1,2,,1,1,1,1,1,2,2,2,,,,,,,,,,1,2,,,,,,,,,,,,,,
2024,Ghana,GHA,Sub-Saharan Africa (excluding high income),21563813,159046986,0.818766654,1,24,2,4,1,2,0,1,1,1,0,1,1,4,4,4,1,4,1,1,2,,,,,,,,,,,,,,,,,,,2,2,2,1,1,1,2,,,,,,,,,2,1,1,1,2,2,,2,2,,2,2,2,2,2,2,2,,,2,1,2,2,2,,,,2,1,2,,2,1,3,1,1,1,2,2,2,,,,,1,2,2,1,,,2,2,,2,2,,,,,,,,2,,,,,,4,1,1,,,,,,,,,,,,,,1,,1,1,,1,,1,4,1,1,2,1,2,2,1,,1,1,1,,1,1,1,1,1,2,2,2,,,,,,,,,,1,2,,,,,,,,,,,,,,
2024,Ghana,GHA,Sub-Saharan Africa (excluding high income),21563813,159057585,0.542136253,2,26,2,4,1,1,1,1,1,1,1,1,4,4,4,1,0,4,1,1,2,1,2,2,2,,1,1,1,2,,,,,,,,,,,2,2,3,1,2,2,,,,,,,,,2,1,2,2,2,2,,2,1,1,2,1,2,,2,2,2,,,,2,1,2,2,,,,2,2,,4,2,2,,1,1,1,1,2,2,,,,,2,,,,,,,,,2,2,,,,,,,,1,2,1,,,2,3,0,1,,,,,,,,,,,,,,2,2,1,1,,1,,1,1,2,,2,1,2,2,2,2,,,,,,,,,,,,,1,2,2,2,2,2,2,2,1,1,2,,,,,,,,,,,,,,
2024,Ghana,GHA,Sub-Saharan Africa (excluding high income),21563813,159082523,1.439788976,2,15,2,1,2,2,1,0,1,0,0,0,4,4,4,4,0,1,1,1,2,,,,,,,,,,,,,,,,,,,,,,,,,,,1,1,2,2,2,1,1,2,,2,,,,2,2,2,,2,,2,,2,2,2,,,2,2,1,1,1,1,1,,,,,,,,,1,1,2,,2,1,1,2,1,,2,,,,,,,,,2,2,,,,,,,,2,,,,,,4,0,1,,,,,,,,,,,,,,2,2,1,1,,1,,1,1,2,,2,1,2,2,2,2,,,,,,,,,,,,,1,2,1,2,2,2,8,2,1,1,2,,,,,,,,,,,,,,
2024,Ghana,GHA,Sub-Saharan Africa (excluding high income),21563813,159134270,0.597857982,1,26,2,5,2,1,0,0,0,0,0,0,4,4,4,4,0,4,3,0,2,,,,,,,,,,,,,,,,,,,,,,,,,,,2,2,2,2,2,2,2,2,,2,,,,2,2,2,,2,,2,,2,2,2,,,2,3,1,2,2,,,,,,,,,,,2,,2,,2,2,,,,,2,,,,,,,,,2,2,,,,,,,,2,,,,,,5,0,2,2,2,2,2,2,2,2,,1,2,2,2,,,,,,,,,,,,,,,,,2,2,,,,,,,,,,,,,,,,,,,,,,1,2,,,,,,,,,,,,,,
2024,Ghana,GHA,Sub-Saharan Africa (excluding high income),21563813,159299656,0.341268924,1,28,2,5,1,2,1,1,1,1,1,0,4,4,4,4,0,4,1,1,2,1,1,4,2,,2,1,1,2,,,,,,,,,,,2,2,2,1,2,1,1,,,,,,,,2,2,2,,,,2,2,1,1,1,1,1,,1,2,1,,,,2,1,6,2,,,,2,2,,5,2,2,,1,1,1,2,2,2,,,,,2,,,,,,,,,2,2,,,,,,,,2,,,,,,4,1,1,,,,,,,,,,,,,,1,,1,4,1,1,,1,1,1,1,2,2,,1,1,,1,1,1,,1,1,1,1,1,2,2,2,,,,,,,,,,1,2,,,,,,,,,,,,,,
2024,Ghana,GHA,Sub-Saharan Africa (excluding high income),21563813,159402836,1.507703929,2,22,2,5,2,1,0,1,1,1,1,1,1,4,4,4,0,4,3,1,2,,,,,,,,,,,,,,,,,,,3,1,4,6,1,2,2,,,,,,,,,2,1,2,1,1,1,,2,2,,2,2,2,,2,2,1,,,2,2,3,3,2,,,,1,2,,5,1,2,,2,,2,,2,2,,,,,1,2,2,1,,,2,2,,2,2,,,,,,,,2,,,,,,5,1,1,,,,,,,,,,,,,,1,,2,1,,1,,1,4,1,1,2,2,,2,2,1,1,2,,2,1,2,1,2,2,2,2,2,,,,,,,,,,1,2,,,,,,,,,,,,,,
2024,Ghana,GHA,Sub-Saharan Africa (excluding high income),21563813,159427165,1.600946072,1,47,1,2,1,1,0,1,1,1,1,1,4,4,4,2,0,4,1,1,2,,,,,,,,,,,,,,,,,,,1,2,1,1,1,2,2,,,,,,,,,2,1,2,3,2,1,,2,2,,2,2,1,,2,2,2,,,,2,1,2,2,,,,2,2,,3,2,2,,1,1,2,,2,2,,,,,2,,,,,,,,,2,2,,,,,,,,1,2,2,1,,2,6,0,1,,,,,,,,,,,,,,2,2,2,1,,1,,1,2,2,,2,2,,2,2,2,,,,,,,,,,,,,2,8,2,1,2,2,2,2,4,1,2,,,,,,,,,,,,,,
2024,Ghana,GHA,Sub-Saharan Africa (excluding high income),21563813,159579265,0.597367189,2,30,2,5,1,2,0,1,1,1,0,1,1,4,4,4,1,4,1,1,2,,,,,,,,,,,,,,,,,,,1,2,3,2,1,2,2,,,,,,,,,2,1,2,2,2,2,,2,2,,2,2,2,,2,2,2,,,2,1,2,2,2,,,,2,1,3,,2,2,,1,1,1,1,2,2,,,,,1,2,2,1,,,1,2,,2,2,,,,,,,,2,,,,,,4,1,1,,,,,,,,,,,,,,1,,1,1,,1,,1,2,1,1,2,2,,2,1,,1,1,1,,1,1,1,1,1,2,1,1,,,,,,,,,,1,2,,,,,,,,,,,,,,
2024,Ghana,GHA,Sub-Saharan Africa (excluding high income),21563813,159653700,0.86976618,1,34,1,3,1,2,0,0,0,0,1,0,4,4,4,4,0,2,3,0,2,,,,,,,,,,,,,,,,,,,,,,,,,,,2,2,1,1,1,2,2,2,,2,,,,2,2,2,,2,,2,,2,2,1,,,2,7,,1,1,2,1,,,,,,,,,2,,2,,2,1,2,2,,1,2,,,,,,,,,2,2,,,,,,,,2,,,,,,2,0,1,,,,,,,,,,,,,,2,2,1,2,,2,,,2,2,,1,1,2,2,2,2,,,,,,,,,,,,,8,2,2,1,2,1,2,1,8,1,2,,,,,,,,,,,,,,
2024,Ghana,GHA,Sub-Saharan Africa (excluding high income),21563813,159737444,0.392239704,1,28,3,5,1,2,1,1,1,1,1,1,1,4,4,4,1,1,1,1,1,1,2,2,2,,1,1,1,1,,,,,,,,,,,2,1,1,1,1,2,,,,,,,,,1,2,2,2,1,1,,1,2,,2,2,2,,2,2,2,1,1,,1,3,1,2,,,,1,1,1,,1,1,3,1,1,1,1,1,1,1,1,,,1,1,1,2,,,2,2,,2,2,,,,,,,,2,,,,,,2,1,1,,,,,,,,,,,,,,1,,1,1,,1,,1,1,2,,2,1,2,2,1,,1,1,2,,1,1,1,1,1,1,2,1,,,,,,,,,,1,2,,,,,,,,,,,,,,
2024,Ghana,GHA,Sub-Saharan Africa (excluding high income),21563813,159798202,1.202201283,1,35,1,3,1,2,1,1,1,1,1,1,4,4,4,4,0,2,1,1,1,2,1,2,2,,2,1,2,2,,,,,,,,,,,2,1,1,1,1,2,,,,,,,,,2,1,2,3,2,2,,2,2,,2,2,1,,1,2,1,,,,2,2,2,2,,,,2,2,,4,2,2,,2,,1,1,2,1,2,2,,1,2,,,,,,,,,2,2,,,,,,,,2,,,,,,1,0,1,,,,,,,,,,,,,,2,2,1,1,,1,,1,2,2,,2,1,2,2,2,2,,,,,,,,,,,,,1,2,2,2,2,2,2,2,1,1,2,,,,,,,,,,,,,,
2024,Ghana,GHA,Sub-Saharan Africa (excluding high income),21563813,160257396,0.379050498,1,24,2,5,1,2,1,1,1,1,1,1,1,1,4,4,1,4,1,1,1,1,2,2,2,,1,1,1,2,,,,,,,,,,,1,1,1,1,1,1,2,,,,,,,,1,1,1,2,1,1,,1,1,1,2,1,1,2,1,2,1,,,,3,2,3,2,,,,1,1,3,,1,1,2,1,1,1,1,2,2,,,,,1,1,1,1,,,2,3,,1,2,1,2,,,3,2,,2,,,,,,2,1,1,,,,,,,,,,,,,,1,,1,1,,1,,1,1,2,,2,1,2,1,1,,1,1,1,,1,1,1,1,1,1,1,2,,,,,,,,,,1,1,,,,,,,,,,,,,,
2024,Ghana,GHA,Sub-Saharan Africa (excluding high income),21563813,160262123,0.617479796,2,25,2,5,1,2,1,1,1,1,1,1,4,4,4,4,1,1,1,1,1,1,2,2,2,,1,1,1,2,,,,,,,,,,,2,2,2,1,2,2,,,,,,,,,1,1,2,2,2,2,,2,2,,2,2,1,,2,2,2,,,,2,3,2,2,,,,2,1,2,,2,1,1,2,,1,1,1,1,2,1,,,2,,,,,,,,,2,2,,,,,,,,2,,,,,,3,1,1,,,,,,,,,,,,,,1,,1,1,,1,,1,1,1,1,2,2,,2,1,,1,1,2,,1,1,1,1,1,2,2,2,,,,,,,,,,1,2,,,,,,,,,,,,,,
2024,Ghana,GHA,Sub-Saharan Africa (excluding high income),21563813,160306770,0.764014333,1,39,2,4,1,1,0,1,1,1,1,1,4,4,4,4,0,1,1,1,2,,,,,,,,,,,,,,,,,,,1,2,4,4,2,2,2,,,,,,,,,2,2,1,,,,,2,2,,2,2,1,1,1,2,2,,,,6,2,3,2,,,,2,2,,4,2,2,,1,1,2,,2,1,2,1,,,2,,,,,,,,,2,2,,,,,,,,2,,,,,,4,0,1,,,,,,,,,,,,,,2,2,1,1,,1,,1,2,2,,2,2,,2,2,2,,,,,,,,,,,,,1,1,1,2,2,2,2,2,1,1,2,,,,,,,,,,,,,,
2024,Ghana,GHA,Sub-Saharan Africa (excluding high income),21563813,160404871,0.870412172,2,32,1,3,2,2,0,1,1,1,1,1,4,4,4,4,0,4,1,1,2,,,,,,,,,,,,,,,,,,,2,2,2,1,1,1,2,,,,,,,,,2,1,2,3,1,2,,2,1,2,2,2,1,,2,1,1,,,,7,,4,2,,,,2,2,,4,2,2,,2,,1,1,2,2,,,,,2,,,,,,,,,2,2,,,,,,,,2,,,,,,4,0,1,,,,,,,,,,,,,,2,2,1,1,,2,,,2,2,,2,1,2,2,2,2,,,,,,,,,,,,,1,2,2,1,2,2,2,2,1,1,2,,,,,,,,,,,,,,
2024,Ghana,GHA,Sub-Saharan Africa (excluding high income),21563813,160662698,1.246952641,2,22,2,4,1,2,0,1,1,1,0,1,4,4,4,4,0,4,1,1,2,,,,,,,,,,,,,,,,,,,1,1,3,3,2,2,2,,,,,,,,,2,1,2,1,2,2,,2,2,,2,2,2,,2,2,2,,,2,3,3,3,2,,,,2,2,,1,2,2,,2,,1,1,2,2,,,,,2,,,,,,,,,2,2,,,,,,,,2,,,,,,4,1,1,,,,,,,,,,,,,,1,,1,1,,1,,1,2,1,1,2,2,,2,1,,1,1,1,,1,1,1,1,1,2,1,1,,,,,,,,,,2,,1,2,2,2,2,2,2,2,2,2,2,2,,
2024,Ghana,GHA,Sub-Saharan Africa (excluding high income),21563813,160680624,3.043115546,1,44,1,4,1,1,0,1,1,1,1,1,4,4,4,1,0,4,1,1,2,,,,,,,,,,,,,,,,,,,1,1,1,1,1,2,2,,,,,,,,,2,1,1,1,2,2,,2,2,,2,2,1,2,2,2,2,,,,2,3,5,2,,,,2,2,,4,2,2,,1,1,1,1,1,2,,,,,2,,,,,,,,,2,2,,,,,,,,1,2,1,,,2,4,0,1,,,,,,,,,,,,,,2,2,1,1,,1,,1,1,2,,2,2,,2,2,2,,,,,,,,,,,,,1,1,2,1,2,2,2,1,1,1,2,,,,,,,,,,,,,,
2024,Ghana,GHA,Sub-Saharan Africa (excluding high income),21563813,160771953,0.292104789,2,29,1,5,2,1,0,0,0,0,1,0,4,4,4,4,0,4,2,0,2,,,,,,,,,,,,,,,,,,,,,,,,,,,2,2,2,2,2,2,2,2,,2,,,,2,2,2,,2,,2,,2,2,1,,,2,2,1,4,2,,,,,,,,,,,2,,1,2,2,2,,,,,2,,,,,,,,,2,2,,,,,,,,2,,,,,,3,0,1,,,,,,,,,,,,,,1,,1,1,,2,,,2,1,1,2,2,,2,2,2,,,,,2,1,1,1,1,2,2,2,,,,,,,,,,1,2,,,,,,,,,,,,,,
2024,Ghana,GHA,Sub-Saharan Africa (excluding high income),21563813,160805660,0.392239704,1,32,3,5,1,2,1,1,1,1,1,1,1,4,4,4,0,2,1,1,1,2,2,1,1,,1,1,1,2,,,,,,,,,,,1,1,1,1,2,2,,,,,,,,,2,1,2,2,1,2,,2,2,,2,1,2,,2,2,2,,,,1,3,4,1,2,1,2,2,2,,4,2,2,,1,1,1,1,2,1,2,2,,1,1,2,1,2,,,2,1,,2,2,,,,,,,,2,,,,,,1,1,1,,,,,,,,,,,,,,1,,1,1,,1,,1,1,1,1,2,1,2,2,1,,1,1,3,,1,1,1,1,2,2,1,2,,,,,,,,,,1,2,,,,,,,,,,,,,,
2024,Ghana,GHA,Sub-Saharan Africa (excluding high income),21563813,161028241,1.178514582,2,33,2,5,1,2,1,1,1,1,1,1,4,4,4,4,1,1,1,1,1,2,2,1,3,,1,1,1,2,,,,,,,,,,,1,1,1,1,2,2,,,,,,,,,1,1,2,2,1,2,,2,1,1,1,1,2,,2,1,2,,,,1,3,4,2,,,,2,1,3,,1,2,,1,1,1,1,1,1,2,1,,,2,,,,,,,,,2,2,,,,,,,,2,,,,,,6,1,1,,,,,,,,,,,,,,1,,1,1,,1,,1,3,1,1,2,2,,2,1,,1,1,1,,1,1,1,1,1,1,2,2,,,,,,,,,,1,2,,,,,,,,,,,,,,
2024,Ghana,GHA,Sub-Saharan Africa (excluding high income),21563813,161045012,0.55116783,1,27,2,4,2,1,0,1,1,1,1,1,4,4,4,4,0,4,1,1,2,,,,,,,,,,,,,,,,,,,1,2,4,1,1,2,2,,,,,,,,,2,1,2,3,1,1,,2,1,1,2,1,1,,2,2,1,,,,2,1,1,2,,,,2,2,,2,2,2,,2,,1,1,2,2,,,,,2,,,,,,,,,2,2,,,,,,,,2,,,,,,3,1,1,,,,,,,,,,,,,,2,2,1,1,,1,,1,1,2,,2,2,,2,1,,3,2,,2,2,2,2,2,2,2,2,2,1,2,2,2,2,2,1,2,1,1,2,,,,,,,,,,,,,,
2024,Ghana,GHA,Sub-Saharan Africa (excluding high income),21563813,161073412,1.517328104,2,17,2,2,2,1,0,1,1,1,1,1,4,4,4,4,1,4,1,1,2,,,,,,,,,,,,,,,,,,,2,2,2,2,1,1,2,,,,,,,,,2,1,2,1,2,2,,2,2,,2,2,1,,2,2,1,,,,2,1,4,2,,,,2,1,1,,2,2,,1,2,1,1,2,2,,,,,2,,,,,,,,,2,2,,,,,,,,2,,,,,,5,1,1,,,,,,,,,,,,,,1,,2,1,,1,,1,2,1,1,2,1,2,2,1,,1,1,2,,1,1,1,2,1,2,2,2,,,,,,,,,,2,,2,2,2,2,2,1,1,1,1,2,1,1,,
2024,Ghana,GHA,Sub-Saharan Africa (excluding high income),21563813,161126118,1.062248975,1,42,1,3,2,1,0,0,0,0,0,1,4,4,4,4,0,4,3,0,2,,,,,,,,,,,,,,,,,,,,,,,,,,,,,,,,,,2,1,2,2,2,2,,2,2,,2,2,2,,2,2,2,,,2,1,2,2,2,,,,2,2,,4,2,2,,2,,2,,2,2,,,,,2,,,,,,,,,2,2,,,,,,,,2,,,,,,1,0,1,,,,,,,,,,,,,,2,2,2,1,,2,,,2,2,,2,2,,2,2,2,,,,,,,,,,,,,2,2,2,2,2,1,2,1,8,1,2,,,,,,,,,,,,,,
2024,Ghana,GHA,Sub-Saharan Africa (excluding high income),21563813,161176672,0.617479796,2,28,2,3,1,1,0,1,1,1,1,1,4,4,4,4,1,1,1,1,2,,,,,,,,,,,,,,,,,,,1,2,2,1,2,1,2,,,,,,,,,2,1,1,1,2,3,,2,2,,2,1,1,2,2,2,1,,,,8,,2,2,,,,1,1,2,,1,1,1,1,1,1,1,2,1,2,1,,,2,,,,,,,,,2,2,,,,,,,,2,,,,,,7,0,1,,,,,,,,,,,,,,2,1,1,1,,1,,1,1,2,,2,2,,2,2,2,,,,,,,,,,,,,8,8,2,2,2,2,2,2,,1,2,,,,,,,,,,,,,,
2024,Ghana,GHA,Sub-Saharan Africa (excluding high income),21563813,161226176,0.682537848,1,32,2,4,1,2,1,1,1,1,1,1,4,4,4,4,0,2,1,1,2,2,2,2,2,,1,1,2,2,,,,,,,,,,,3,2,2,1,1,2,,,,,,,,,2,1,2,2,1,2,,2,2,,2,2,1,,2,2,1,,,,6,2,2,2,,,,2,2,,4,2,2,,2,,1,1,1,1,2,2,,1,2,,,,,,,,,2,2,,,,,,,,2,,,,,,3,1,1,,,,,,,,,,,,,,1,,1,1,,1,,1,2,1,1,2,1,2,2,1,,1,1,2,,1,1,1,1,1,2,2,2,,,,,,,,,,1,2,,,,,,,,,,,,,,
2024,Ghana,GHA,Sub-Saharan Africa (excluding high income),21563813,161236070,1.899576528,2,17,2,4,2,2,0,1,1,1,1,1,1,4,4,4,0,4,1,1,2,,,,,,,,,,,,,,,,,,,1,3,3,3,1,2,2,,,,,,,,,2,1,2,3,1,2,,2,2,,2,2,1,,2,2,1,,,,3,1,1,1,2,2,2,2,2,,4,2,2,,1,1,1,1,2,2,,,,,1,2,2,1,,,1,2,,2,2,,,,,,,,2,,,,,,2,1,1,,,,,,,,,,,,,,1,,1,1,,1,,1,1,1,2,2,2,,2,1,,1,1,2,,1,1,1,1,1,2,1,2,,,,,,,,,,1,2,,,,,,,,,,,,,,
2024,Ghana,GHA,Sub-Saharan Africa (excluding high income),21563813,161351827,0.298683595,2,28,3,5,1,1,1,1,1,1,0,1,1,4,4,4,0,1,1,1,1,1,1,2,2,,1,1,1,2,,,,,,,,,,,2,1,1,2,2,2,,,,,,,,,2,2,1,,,,,2,2,,2,2,2,2,2,2,2,,,2,2,3,4,2,,,,2,2,,4,1,2,,1,1,2,,2,1,2,1,,,1,1,1,2,,,2,2,,2,2,,,,,,,,2,,,,,,4,1,1,,,,,,,,,,,,,,1,,1,1,,1,,1,1,1,1,2,1,1,2,1,,1,1,1,,1,1,1,1,1,2,2,1,,,,,,,,,,1,2,,,,,,,,,,,,,,
2024,Ghana,GHA,Sub-Saharan Africa (excluding high income),21563813,161515446,0.813874041,1,35,2,5,1,1,1,1,1,1,1,1,1,4,4,4,0,2,3,1,2,2,2,2,2,,1,1,1,2,,,,,,,,,,,2,2,2,1,1,1,1,,,,,,,,1,1,2,2,2,2,,2,1,1,2,1,1,,2,2,2,,,,2,3,2,2,,,,2,2,,4,2,2,,2,,2,,1,1,2,2,,1,1,2,1,2,,,2,2,,2,2,,,,,,,,2,,,,,,3,1,1,,,,,,,,,,,,,,1,,1,1,,1,,1,1,1,1,2,2,,2,1,,1,1,3,,1,1,1,1,1,2,2,2,,,,,,,,,,1,2,,,,,,,,,,,,,,
2024,Ghana,GHA,Sub-Saharan Africa (excluding high income),21563813,161630179,1.352051394,1,34,2,1,1,1,1,1,1,1,1,1,4,4,4,4,1,1,1,1,2,1,2,2,1,,2,1,2,2,,,,,,,,,,,3,1,1,2,1,2,,,,,,,,,2,1,1,3,2,2,,2,1,1,2,1,2,2,2,1,2,,,,1,1,4,2,,,,1,1,1,,1,2,,1,1,2,,2,1,2,1,,,2,,,,,,,,,2,2,,,,,,,,2,,,,,,4,1,1,,,,,,,,,,,,,,1,,1,1,,1,,1,4,2,,2,1,2,1,1,,1,1,2,,1,1,1,1,1,2,2,2,,,,,,,,,,1,2,,,,,,,,,,,,,,
2024,Ghana,GHA,Sub-Saharan Africa (excluding high income),21563813,161784764,0.837425948,2,30,3,5,1,2,1,1,1,1,1,1,1,4,4,4,1,1,1,1,1,2,1,2,3,,1,2,2,2,,,,,,,,,,,2,2,2,1,1,2,,,,,,,,,1,1,2,2,1,1,,1,1,1,2,1,2,,2,2,2,,,,4,2,2,2,,,,2,2,,5,2,1,1,1,1,1,1,2,1,2,1,,,1,1,1,2,,,2,2,,2,2,,,,,,,,2,,,,,,1,1,1,,,,,,,,,,,,,,1,,1,1,,1,,1,1,1,1,2,1,2,2,1,,1,1,1,,1,1,1,1,1,2,2,2,,,,,,,,,,1,2,,,,,,,,,,,,,,
2024,Ghana,GHA,Sub-Saharan Africa (excluding high income),21563813,161877150,0.292104789,1,26,1,4,1,2,1,1,1,1,1,1,1,1,4,4,0,2,1,1,2,1,1,2,1,,2,1,1,2,,,,,,,,,,,1,1,1,1,1,2,,,,,,,,,1,1,2,2,1,2,,2,2,,2,2,1,,1,2,2,,,,2,1,2,2,,,,2,2,,4,2,1,2,1,1,1,1,1,1,2,2,,1,1,2,1,2,,,1,1,,1,2,1,2,,,1,1,,2,,,,,,5,1,1,,,,,,,,,,,,,,1,,1,1,,1,,1,1,2,,1,1,2,1,1,,1,1,2,,1,1,1,1,1,2,1,2,,,,,,,,,,1,2,,,,,,,,,,,,,,
2024,Ghana,GHA,Sub-Saharan Africa (excluding high income),21563813,161917261,0.715097622,2,36,2,3,1,1,0,1,1,1,1,1,4,4,4,2,0,2,1,1,2,,,,,,,,,,,,,,,,,,,1,5,5,5,1,2,2,,,,,,,,,2,1,2,1,2,2,,2,2,,2,2,1,,2,2,2,,,,1,2,4,2,,,,2,2,,4,2,2,,2,,1,1,2,1,2,2,,1,2,,,,,,,,,2,2,,,,,,,,1,2,2,1,,2,4,0,1,,,,,,,,,,,,,,2,2,1,1,,1,,1,2,2,,2,2,,2,2,2,,,,,,,,,,,,,2,2,1,2,2,2,2,1,3,1,2,,,,,,,,,,,,,,
2024,Ghana,GHA,Sub-Saharan Africa (excluding high income),21563813,161951631,1.149615845,1,17,2,1,1,1,0,0,0,0,1,0,2,4,4,4,0,4,1,0,2,,,,,,,,,,,,,,,,,,,,,,,,,,,,,,,,,,2,2,2,,,,2,2,2,,2,1,2,,2,2,1,,,,3,1,1,2,,,,2,2,,4,2,2,,2,,1,1,2,2,,,,,1,2,2,2,1,,,,,2,2,,,,,,,,2,,,,,,5,0,1,,,,,,,,,,,,,,2,2,1,1,,1,,1,1,2,,1,1,2,2,2,2,,,,,,,,,,,,,1,2,2,2,2,2,2,2,1,1,2,,,,,,,,,,,,,,
2024,Ghana,GHA,Sub-Saharan Africa (excluding high income),21563813,162351524,0.805321765,1,30,1,3,2,1,0,1,1,1,0,1,4,4,4,4,0,4,3,1,2,,,,,,,,,,,,,,,,,,,1,3,3,3,1,2,2,,,,,,,,,2,1,2,3,2,2,,2,2,,2,2,2,,2,2,2,,,2,2,3,4,1,2,2,2,2,2,,4,2,2,,2,,2,,2,2,,,,,2,,,,,,,,,2,2,,,,,,,,2,,,,,,4,0,1,,,,,,,,,,,,,,2,2,1,1,,2,,,2,2,,2,2,,2,2,2,,,,,,,,,,,,,2,1,1,1,2,2,2,1,8,1,2,,,,,,,,,,,,,,
2024,Ghana,GHA,Sub-Saharan Africa (excluding high income),21563813,162689735,1.394605694,2,20,2,4,1,1,0,1,1,1,0,1,4,4,4,4,0,4,1,1,2,,,,,,,,,,,,,,,,,,,1,3,3,3,2,2,2,,,,,,,,,2,2,2,,,,1,2,2,,2,2,2,,2,2,2,,,2,2,2,4,2,,,,2,2,,4,2,2,,2,,1,1,2,2,,,,,2,,,,,,,,,2,2,,,,,,,,2,,,,,,4,1,1,,,,,,,,,,,,,,1,,1,1,,1,,1,2,1,1,2,2,,2,1,,1,1,2,,1,1,1,1,2,2,2,2,,,,,,,,,,1,2,,,,,,,,,,,,,,
2024,Ghana,GHA,Sub-Saharan Africa (excluding high income),21563813,162793688,2.977251362,2,62,2,3,1,2,1,1,1,1,1,1,4,4,4,4,1,2,1,1,1,1,2,2,2,,1,1,1,1,,,,,,,,,,,1,2,1,1,1,2,,,,,,,,,1,1,2,1,1,1,,1,2,,1,2,2,,2,1,2,1,1,,1,3,1,2,,,,2,1,1,,2,2,,1,1,2,,1,1,2,2,,1,2,,,,,,,,,2,2,,,,,,,,2,,,,,,6,1,1,,,,,,,,,,,,,,1,,1,1,,1,,1,2,2,,2,1,2,2,1,,1,1,2,,1,2,1,1,2,2,2,2,,,,,,,,,,1,1,,,,,,,,,,,,,,
2024,Ghana,GHA,Sub-Saharan Africa (excluding high income),21563813,162996253,0.301726681,2,40,3,5,1,1,1,1,1,1,1,1,1,4,4,4,0,1,1,1,1,2,1,2,3,,1,1,1,2,,,,,,,,,,,2,3,1,2,2,2,,,,,,,,,1,2,2,2,2,1,,1,1,1,2,1,1,,2,2,2,,,,1,3,3,2,,,,2,2,,2,2,2,,1,1,1,1,1,1,2,1,,,1,1,1,2,,,2,2,,2,2,,,,,,,,2,,,,,,3,1,1,,,,,,,,,,,,,,1,,1,1,,1,,1,1,1,1,2,2,,1,1,,1,1,1,,1,1,1,2,1,2,1,2,,,,,,,,,,1,2,,,,,,,,,,,,,,
2024,Ghana,GHA,Sub-Saharan Africa (excluding high income),21563813,163013477,1.724277976,1,65,2,5,1,2,0,0,0,0,1,1,4,4,4,2,0,2,2,0,2,,,,,,,,,,,,,,,,,,,,,,,,,,,,,,,,,,1,2,1,3,2,1,,2,1,1,1,1,1,1,2,2,1,,,,4,2,3,1,1,1,1,2,2,,4,2,2,,1,2,1,2,2,1,2,2,,1,2,,,,,,,,,2,2,,,,,,,,1,2,2,1,,2,1,0,1,,,,,,,,,,,,,,2,2,1,1,,1,,1,1,2,,2,2,,2,2,2,,,,,,,,,,,,,1,1,2,2,2,2,2,1,1,1,2,,,,,,,,,,,,,,
2024,Ghana,GHA,Sub-Saharan Africa (excluding high income),21563813,163129087,0.883229945,1,27,2,3,1,2,0,1,1,1,1,1,4,4,4,4,0,4,1,1,2,,,,,,,,,,,,,,,,,,,2,1,2,1,1,2,2,,,,,,,,,2,1,2,2,2,2,,2,2,,2,1,2,,2,2,1,,,,1,3,1,2,,,,2,2,,4,2,2,,2,,1,1,2,2,,,,,2,,,,,,,,,2,2,,,,,,,,2,,,,,,4,1,1,,,,,,,,,,,,,,1,,1,1,,1,,1,2,1,1,2,1,2,2,1,,1,1,1,,1,1,1,2,1,2,2,2,,,,,,,,,,1,2,,,,,,,,,,,,,,
2024,Ghana,GHA,Sub-Saharan Africa (excluding high income),21563813,163135200,3.213152681,1,62,1,2,1,2,0,1,1,1,1,1,4,4,4,4,0,4,1,1,2,,,,,,,,,,,,,,,,,,,1,3,3,3,2,2,2,,,,,,,,,2,2,1,,,,,2,2,,2,2,1,1,1,2,1,,,,2,1,5,2,,,,2,2,,4,2,2,,2,,1,1,2,2,,,,,2,,,,,,,,,2,2,,,,,,,,2,,,,,,4,0,1,,,,,,,,,,,,,,2,8,1,2,,2,,,2,2,,2,2,,2,2,2,,,,,,,,,,,,,1,2,2,1,2,2,2,1,4,1,3,,,,,,,,,,,,,,
2024,Ghana,GHA,Sub-Saharan Africa (excluding high income),21563813,163152463,1.097515439,2,35,3,4,1,1,1,1,1,1,1,1,1,4,4,4,1,1,1,1,1,1,1,2,2,,1,1,1,2,,,,,,,,,,,3,3,3,1,2,2,,,,,,,,,1,1,2,3,1,2,,2,2,,2,2,1,,2,2,1,,,,3,2,3,2,,,,1,1,2,,2,2,,1,1,1,2,2,1,1,1,,,1,2,1,2,,,2,2,,2,2,,,,,,,,2,,,,,,5,1,1,,,,,,,,,,,,,,1,,1,1,,1,,1,2,1,1,2,1,2,1,2,1,1,1,3,,2,1,1,1,2,2,1,2,,,,,,,,,,1,2,,,,,,,,,,,,,,
2024,Ghana,GHA,Sub-Saharan Africa (excluding high income),21563813,163171305,1.226969464,1,20,1,3,2,1,0,1,1,1,1,1,4,4,4,1,0,4,1,1,2,,,,,,,,,,,,,,,,,,,1,2,1,2,2,2,1,1,,,,,,,,2,1,2,1,2,2,,2,2,,2,2,2,,2,2,1,,,2,2,1,2,2,,,,2,2,,1,2,2,,1,1,2,,2,2,,,,,2,,,,,,,,,2,2,,,,,,,,1,2,1,,,1,4,1,1,,,,,,,,,,,,,,1,,2,1,,1,,1,8,1,1,2,1,1,1,1,,1,1,2,,1,1,1,1,1,2,2,2,,,,,,,,,,2,,1,2,1,2,1,1,2,2,1,2,2,1,,
2024,Ghana,GHA,Sub-Saharan Africa (excluding high income),21563813,163201321,1.433629929,2,45,1,1,2,1,0,0,0,0,0,0,4,4,4,4,0,4,3,0,2,,,,,,,,,,,,,,,,,,,,,,,,,,,1,2,2,2,2,1,2,2,,2,,,,2,2,2,,2,,2,,2,2,2,,,2,6,2,1,2,,,,,,,,,,,2,,2,,2,2,,,,,2,,,,,,,,,2,2,,,,,,,,2,,,,,,6,0,2,2,2,2,2,2,2,2,,2,,,,2,,,,,,,,,,,,,,,,2,2,,,,,,,,,,,,,,,,,,,,,,1,2,,,,,,,,,,,,,,
2024,Ghana,GHA,Sub-Saharan Africa (excluding high income),21563813,163417432,0.298683595,2,26,2,5,1,1,1,1,1,1,1,1,1,4,4,4,1,1,1,1,1,2,1,2,2,,1,1,1,2,,,,,,,,,,,3,3,2,1,1,2,,,,,,,,,1,1,2,2,2,1,,2,1,1,2,1,1,,2,2,1,,,,3,2,4,2,,,,1,1,2,,2,2,,1,1,1,1,2,1,2,1,,,1,1,1,2,,,1,2,,2,2,,,,,,,,2,,,,,,2,1,1,,,,,,,,,,,,,,1,,1,1,,1,,1,4,1,1,2,1,2,1,1,,2,1,2,,1,1,1,1,1,1,1,1,,,,,,,,,,1,2,,,,,,,,,,,,,,
2024,Ghana,GHA,Sub-Saharan Africa (excluding high income),21563813,163568662,1.099450046,2,56,1,2,1,2,0,1,1,1,1,1,1,4,4,4,0,2,1,1,2,,,,,,,,,,,,,,,,,,,1,3,3,3,1,2,2,,,,,,,,,2,1,1,3,3,2,,2,2,,2,2,1,1,1,2,2,,,,2,2,5,2,,,,2,2,,4,2,2,,1,1,1,1,2,1,2,2,,1,1,2,2,1,,,2,2,,2,2,,,,,,,,2,,,,,,1,0,1,,,,,,,,,,,,,,2,2,1,1,,2,,,2,2,,2,2,,2,2,2,,,,,,,,,,,,,1,2,2,1,2,2,2,1,8,1,1,,,,,,,,,,,,,,
2024,Ghana,GHA,Sub-Saharan Africa (excluding high income),21563813,163584294,0.402959946,2,27,1,5,1,2,0,1,1,1,1,1,4,1,4,1,0,2,1,1,2,,,,,,,,,,,,,,,,,,,2,1,1,2,2,2,2,,,,,,,,,2,2,1,,,,,2,2,,2,2,1,2,2,1,2,,,,3,2,3,2,,,,2,2,,3,2,2,,1,2,1,1,2,1,2,2,,1,2,,,,,,,,,1,2,2,1,,,1,2,,1,2,1,,,2,1,0,1,,,,,,,,,,,,,,1,,1,1,,2,,,2,2,,2,1,2,2,2,2,,,,,1,1,1,2,2,1,2,2,,,,,,,,,,1,2,,,,,,,,,,,,,,
2024,Ghana,GHA,Sub-Saharan Africa (excluding high income),21563813,163591551,0.415720384,1,33,3,5,1,1,1,1,1,1,1,1,1,1,4,2,0,3,1,1,1,1,2,2,2,,1,1,1,1,,,,,,,,,,,2,2,1,2,1,1,2,,,,,,,,1,2,1,1,2,1,,1,1,1,1,2,1,1,1,1,1,1,1,,5,3,1,2,,,,2,2,,4,1,2,,1,1,1,1,1,1,2,2,,2,1,1,1,1,,,2,2,,1,2,1,1,,,3,2,,1,2,2,1,,1,1,1,1,,,,,,,,,,,,,,1,,1,1,,1,,1,4,1,1,2,1,1,1,1,,1,1,2,,1,1,1,1,1,1,1,1,,,,,,,,,,1,1,,,,,,,,,,,,,,
2024,Ghana,GHA,Sub-Saharan Africa (excluding high income),21563813,163680172,0.470146993,2,45,2,4,2,1,0,0,0,0,1,1,4,4,4,4,0,4,2,0,2,,,,,,,,,,,,,,,,,,,,,,,,,,,2,2,2,2,2,2,2,2,,1,,,,,2,2,,2,,1,2,2,2,2,,,,2,1,4,2,,,,,,,,,,,1,2,1,2,2,2,,,,,2,,,,,,,,,2,2,,,,,,,,2,,,,,,4,0,2,2,2,2,2,2,2,2,,2,,,,1,,,,,,,,,,,,,,,,2,2,,,,,,,,,,,,,,,,,,,,,,1,2,,,,,,,,,,,,,,
2024,Ghana,GHA,Sub-Saharan Africa (excluding high income),21563813,163710280,1.720880286,1,35,1,2,1,2,0,0,0,0,1,1,4,4,4,4,0,2,3,0,2,,,,,,,,,,,,,,,,,,,,,,,,,,,2,2,2,1,2,2,2,2,,1,,,,,2,2,,2,,2,1,2,1,2,,,,7,,1,2,,,,,,,,,,,2,,2,,2,1,2,2,,1,2,,,,,,,,,2,2,,,,,,,,2,,,,,,5,0,2,1,2,2,2,2,2,1,1,2,,,,1,,,,,,,,,,,,,,,,2,2,,,,,,,,,,,,,,,,,,,,,,1,2,,,,,,,,,,,,,,
2024,Ghana,GHA,Sub-Saharan Africa (excluding high income),21563813,163941169,0.900961145,2,35,2,5,1,2,1,1,1,1,1,1,4,4,4,4,0,4,1,1,1,1,2,1,1,,1,1,1,2,,,,,,,,,,,1,1,1,1,1,2,,,,,,,,,1,1,2,1,1,2,,2,2,,2,2,1,,2,2,2,,,,2,3,2,2,,,,2,2,,4,2,2,,1,1,1,1,2,2,,,,,2,,,,,,,,,2,2,,,,,,,,2,,,,,,3,1,1,,,,,,,,,,,,,,1,,1,1,,1,,1,1,2,,2,2,,2,1,,1,1,2,,1,2,1,2,1,2,1,1,,,,,,,,,,1,2,,,,,,,,,,,,,,
2024,Ghana,GHA,Sub-Saharan Africa (excluding high income),21563813,163987709,1.164863149,1,42,1,1,1,1,0,0,0,0,1,0,4,4,4,2,0,4,1,0,4,,,,,,,,,,,,,,,,,,,,,,,,,,,2,4,4,1,1,1,1,4,,4,,,,3,2,2,,2,,1,,1,1,1,,,,7,,5,2,,,,,,,,,,,2,,1,1,2,2,,,,,2,,,,,,,,,2,2,,,,,,,,1,4,4,1,,2,4,0,1,,,,,,,,,,,,,,2,2,1,1,,8,,,2,2,,2,2,,2,2,9,,,,,,,,,,,,,9,9,9,1,9,9,9,9,4,1,2,,,,,,,,,,,,,,
2024,Ghana,GHA,Sub-Saharan Africa (excluding high income),21563813,164034198,1.516201992,1,23,2,1,1,1,0,1,1,1,1,1,4,4,4,4,0,4,3,1,2,,,,,,,,,,,,,,,,,,,1,2,2,3,1,1,2,,,,,,,,,2,1,2,2,2,2,,2,2,,2,2,1,,2,1,2,,,,1,1,4,1,2,1,2,2,2,,2,2,2,,2,,2,,2,2,,,,,2,,,,,,,,,2,2,,,,,,,,2,,,,,,2,1,1,,,,,,,,,,,,,,1,,1,1,,1,,1,1,1,1,1,1,2,2,1,,1,1,3,,1,1,1,1,1,2,2,2,,,,,,,,,,1,2,,,,,,,,,,,,,,
2024,Ghana,GHA,Sub-Saharan Africa (excluding high income),21563813,164596485,1.338547498,2,36,2,5,1,1,1,1,1,1,1,1,1,1,4,4,0,4,1,1,1,2,1,2,2,,1,2,1,2,,,,,,,,,,,1,1,1,1,2,1,2,,,,,,,,1,1,2,2,1,2,,1,2,,2,2,2,,2,2,1,,,2,2,3,5,2,,,,1,2,,4,2,1,2,1,1,1,1,2,2,,,,,1,1,1,2,,,1,2,,1,2,1,2,,,2,1,,2,,,,,,4,0,1,,,,,,,,,,,,,,2,2,1,1,,1,,1,1,2,,2,1,2,2,2,2,,,,,,,,,,,,,2,1,2,2,2,1,2,1,97,1,2,,,,,,,,,,,,,,
2024,Ghana,GHA,Sub-Saharan Africa (excluding high income),21563813,164613997,0.90521605,1,35,2,5,1,1,0,1,1,1,1,1,1,4,4,4,0,2,1,1,2,,,,,,,,,,,,,,,,,,,1,1,1,1,1,2,2,,,,,,,,,2,1,1,1,1,2,,2,2,,2,2,1,2,2,2,2,,,,2,3,4,2,,,,2,2,,5,2,2,,1,1,1,1,2,1,2,2,,1,1,2,2,1,,,2,2,,2,2,,,,,,,,2,,,,,,3,1,1,,,,,,,,,,,,,,1,,1,1,,1,,1,1,1,1,2,2,,2,1,,1,1,2,,1,1,1,1,2,2,1,2,,,,,,,,,,1,2,,,,,,,,,,,,,,
2024,Ghana,GHA,Sub-Saharan Africa (excluding high income),21563813,164773277,0.455007132,2,33,3,5,1,2,1,1,1,1,1,1,1,4,4,4,0,1,3,1,2,1,1,2,2,,1,1,1,2,,,,,,,,,,,2,2,2,1,2,1,1,,,,,,,,1,1,2,2,1,2,,2,2,,2,2,1,,2,2,1,,,,2,2,2,2,,,,2,2,,4,2,2,,2,,2,,1,1,2,1,,,1,2,1,2,,,2,2,,2,2,,,,,,,,2,,,,,,3,1,1,,,,,,,,,,,,,,1,,1,1,,1,,1,1,1,1,2,1,2,2,1,,1,1,2,,1,1,1,1,1,2,1,2,,,,,,,,,,1,2,,,,,,,,,,,,,,
2024,Ghana,GHA,Sub-Saharan Africa (excluding high income),21563813,164892325,0.582684886,2,20,2,1,2,1,0,1,1,1,0,1,4,4,4,4,0,4,3,1,2,,,,,,,,,,,,,,,,,,,1,3,3,3,1,2,2,,,,,,,,,2,1,2,3,1,2,,2,1,2,2,2,2,,2,2,2,,,2,2,1,4,2,,,,2,2,,4,2,2,,2,,2,,2,2,,,,,2,,,,,,,,,2,2,,,,,,,,2,,,,,,6,1,1,,,,,,,,,,,,,,1,,1,1,,1,,1,4,1,1,2,2,,1,1,,1,1,1,,1,1,1,1,1,2,1,2,,,,,,,,,,1,2,,,,,,,,,,,,,,
2024,Ghana,GHA,Sub-Saharan Africa (excluding high income),21563813,164934054,1.373432099,1,35,2,5,1,1,0,1,1,1,0,1,4,4,4,4,0,1,1,1,2,,,,,,,,,,,,,,,,,,,1,3,3,3,1,2,2,,,,,,,,,2,1,2,3,2,2,,2,2,,2,2,2,,2,2,2,,,2,2,2,3,2,,,,2,2,,4,2,2,,1,1,1,1,1,1,2,1,,,2,,,,,,,,,2,2,,,,,,,,2,,,,,,3,1,1,,,,,,,,,,,,,,1,,1,1,,1,,1,2,1,1,2,2,,2,1,,1,1,2,,1,1,1,1,2,2,1,2,,,,,,,,,,1,2,,,,,,,,,,,,,,
2024,Ghana,GHA,Sub-Saharan Africa (excluding high income),21563813,164937092,1.302637608,2,16,2,3,2,1,0,0,0,0,0,0,4,4,4,4,0,4,3,0,2,,,,,,,,,,,,,,,,,,,,,,,,,,,1,1,1,1,2,2,2,2,,2,,,,2,2,2,,2,,2,,2,2,3,,,3,2,2,4,2,,,,,,,,,,,2,,2,,2,2,,,,,2,,,,,,,,,2,2,,,,,,,,2,,,,,,4,0,1,,,,,,,,,,,,,,2,2,2,1,,1,,1,1,2,,1,2,,2,2,2,,,,,,,,,,,,,1,2,2,2,1,1,2,2,6,2,,2,2,1,2,1,2,1,1,1,2,2,2,,
2024,Ghana,GHA,Sub-Saharan Africa (excluding high income),21563813,164983487,0.827365789,2,27,2,2,2,1,0,1,1,1,1,1,1,4,4,2,0,4,1,1,2,,,,,,,,,,,,,,,,,,,2,2,3,2,1,2,2,,,,,,,,,2,2,1,,,,,2,1,1,2,1,1,2,2,2,1,,,,3,1,1,2,,,,2,2,,4,2,2,,1,1,1,1,2,2,,,,,1,2,2,1,,,2,1,,2,2,,,,,,,,1,2,2,1,,2,4,0,1,,,,,,,,,,,,,,2,2,1,1,,1,,1,1,2,,2,2,,2,2,2,,,,,,,,,,,,,1,1,1,1,2,2,2,2,1,1,2,,,,,,,,,,,,,,
2024,Ghana,GHA,Sub-Saharan Africa (excluding high income),21563813,165095788,0.838081257,2,31,2,5,1,2,1,1,1,1,1,1,4,4,4,4,0,4,1,1,2,1,2,1,1,,1,2,2,2,,,,,,,,,,,2,2,2,1,1,2,,,,,,,,,1,2,2,2,1,2,,2,1,1,2,1,2,,2,2,2,,,,1,2,2,2,,,,2,2,,1,2,2,,1,1,1,1,2,2,,,,,2,,,,,,,,,2,2,,,,,,,,2,,,,,,1,0,1,,,,,,,,,,,,,,2,2,1,1,,1,,1,1,2,,2,1,2,2,2,2,,,,,,,,,,,,,1,2,2,2,2,2,2,2,1,1,2,,,,,,,,,,,,,,
2024,Ghana,GHA,Sub-Saharan Africa (excluding high income),21563813,165195520,1.859474258,2,20,2,3,2,1,0,1,1,1,1,1,4,4,4,4,0,4,1,1,2,,,,,,,,,,,,,,,,,,,1,4,4,4,2,2,2,,,,,,,,,2,1,2,3,2,2,,2,2,,2,2,1,,2,2,2,,,,7,,5,2,,,,2,2,,4,2,2,,2,,1,1,2,2,,,,,2,,,,,,,,,2,2,,,,,,,,2,,,,,,4,1,1,,,,,,,,,,,,,,1,,2,1,,1,,1,4,1,1,2,2,,2,1,,2,1,2,,2,1,1,2,2,2,2,2,,,,,,,,,,1,2,,,,,,,,,,,,,,
2024,Ghana,GHA,Sub-Saharan Africa (excluding high income),21563813,165293481,1.410909358,1,48,1,2,1,2,0,1,1,1,1,1,4,4,4,4,0,2,1,1,2,,,,,,,,,,,,,,,,,,,1,1,1,1,1,2,2,,,,,,,,,2,1,1,1,3,2,,2,2,,2,2,2,1,2,1,1,,,,5,2,2,2,,,,2,2,,4,2,2,,1,1,1,1,2,1,2,2,,1,2,,,,,,,,,2,2,,,,,,,,2,,,,,,1,0,1,,,,,,,,,,,,,,2,2,2,1,,2,,,2,2,,2,2,,2,2,2,,,,,,,,,,,,,1,2,2,1,2,2,2,2,4,2,,2,2,1,2,2,2,2,2,2,2,2,2,,
2024,Ghana,GHA,Sub-Saharan Africa (excluding high income),21563813,165311764,0.823136579,2,40,3,3,1,1,1,1,1,1,1,1,1,4,4,2,0,1,3,1,2,1,1,2,2,,1,2,1,2,,,,,,,,,,,3,3,3,1,2,2,,,,,,,,,1,1,2,2,2,1,,2,2,,2,2,1,,1,2,2,,,,3,2,2,2,,,,2,2,,1,2,2,,2,,2,,2,1,2,1,,,1,2,1,2,,,2,2,,2,2,,,,,,,,1,2,2,1,,2,3,0,1,,,,,,,,,,,,,,2,2,1,1,,1,,1,1,2,,2,2,,2,2,2,,,,,,,,,,,,,2,2,2,2,2,2,1,2,7,1,2,,,,,,,,,,,,,,
2024,Ghana,GHA,Sub-Saharan Africa (excluding high income),21563813,165353259,0.856223319,2,25,1,2,1,1,0,0,0,0,1,0,4,4,4,4,0,4,1,0,2,,,,,,,,,,,,,,,,,,,,,,,,,,,2,2,2,2,2,1,2,2,,2,,,,2,2,2,,2,,2,,1,2,1,,,1,1,2,3,1,2,1,,,,,,,,,1,1,1,1,2,2,,,,,2,,,,,,,,,2,2,,,,,,,,2,,,,,,3,0,1,,,,,,,,,,,,,,2,2,2,1,,2,,,1,2,,2,2,,2,2,2,,,,,,,,,,,,,2,2,1,2,2,2,2,2,3,1,2,,,,,,,,,,,,,,
2024,Ghana,GHA,Sub-Saharan Africa (excluding high income),21563813,165406499,0.636752397,2,49,3,4,1,2,1,1,1,1,1,1,1,4,4,1,1,1,1,1,1,1,1,2,2,,1,1,1,1,,,,,,,,,,,2,2,1,1,1,2,,,,,,,,,1,2,2,2,1,1,,1,1,1,1,2,2,,2,1,2,1,1,,1,3,1,2,,,,2,1,1,,2,1,1,1,1,2,,1,1,2,1,,,1,1,1,2,,,2,2,,2,2,,,,,,,,1,2,1,,,2,3,1,1,,,,,,,,,,,,,,1,,1,1,,1,,1,2,1,1,2,1,2,1,1,,1,1,1,,1,1,1,1,2,2,1,2,,,,,,,,,,1,1,,,,,,,,,,,,,,
2024,Ghana,GHA,Sub-Saharan Africa (excluding high income),21563813,165500392,0.7145669,1,38,2,5,1,1,1,0,1,0,1,1,4,3,4,2,0,4,2,0,2,2,2,4,4,1,2,2,1,2,,,,,,,,,,,,,,,,,,2,2,2,2,1,1,2,2,,1,,,,,2,2,,2,,2,2,2,2,1,,,2,2,3,4,2,,,,2,2,,4,2,2,,1,2,2,,2,2,,,,,2,,,,,,,,,1,2,2,2,2,2,,,,1,2,2,1,,2,2,0,2,1,2,1,2,2,2,2,1,1,1,1,2,,,,,,,,,,,,,,,,,2,2,,,,,,,,,,,,,,,,,,,,,,1,2,,,,,,,,,,,,,,
2024,Ghana,GHA,Sub-Saharan Africa (excluding high income),21563813,165801398,0.559444297,2,52,2,4,2,2,0,1,1,1,1,1,4,4,4,4,0,4,3,1,2,,,,,,,,,,,,,,,,,,,1,2,3,3,1,1,2,,,,,,,,,2,1,2,3,1,2,,2,1,1,2,1,1,,2,2,2,,,,2,1,4,2,,,,2,2,,4,2,2,,2,,2,,2,2,,,,,2,,,,,,,,,2,2,,,,,,,,2,,,,,,7,1,1,,,,,,,,,,,,,,1,,1,1,,1,,1,1,1,1,2,1,2,1,1,,4,1,3,,2,1,2,1,1,2,2,2,,,,,,,,,,1,2,,,,,,,,,,,,,,
2024,Ghana,GHA,Sub-Saharan Africa (excluding high income),21563813,166011550,0.617479796,2,27,2,5,1,1,1,1,1,1,1,1,1,4,4,4,0,2,3,1,2,1,2,2,2,,1,1,1,2,,,,,,,,,,,1,2,1,1,1,2,,,,,,,,,2,1,2,2,1,2,,2,1,1,2,1,1,,2,2,2,,,,6,2,2,2,,,,2,2,,4,2,2,,2,,2,,1,1,2,2,,1,1,2,2,1,,,2,2,,2,2,,,,,,,,2,,,,,,3,1,1,,,,,,,,,,,,,,1,,1,1,,1,,1,1,1,1,2,1,2,2,1,,1,1,2,,1,1,1,1,2,2,2,2,,,,,,,,,,1,2,,,,,,,,,,,,,,
2024,Ghana,GHA,Sub-Saharan Africa (excluding high income),21563813,166129458,0.367430604,2,28,3,3,2,1,1,1,1,1,0,1,2,4,4,4,0,1,2,1,2,2,1,2,3,,1,1,1,2,,,,,,,,,,,3,2,2,1,2,1,2,,,,,,,,2,1,2,2,1,1,,1,2,,2,2,2,,2,2,2,,,2,4,1,1,2,,,,2,2,,1,1,2,,2,,1,2,2,1,2,1,,,1,2,2,2,1,,,,,2,2,,,,,,,,2,,,,,,4,1,1,,,,,,,,,,,,,,1,,1,1,,1,,1,4,1,2,2,1,1,1,1,,1,1,1,,1,1,1,1,1,2,1,2,,,,,,,,,,1,2,,,,,,,,,,,,,,
2024,Ghana,GHA,Sub-Saharan Africa (excluding high income),21563813,166150200,0.929047108,1,19,2,3,1,1,0,1,1,1,1,1,1,4,4,4,0,4,1,1,2,,,,,,,,,,,,,,,,,,,2,4,4,3,2,2,2,,,,,,,,,2,2,2,,,,1,2,2,,2,2,1,,2,2,2,,,,3,1,3,2,,,,2,2,,4,1,2,,1,1,1,1,2,2,,,,,1,2,2,1,,,2,1,,2,2,,,,,,,,2,,,,,,4,1,1,,,,,,,,,,,,,,1,,2,1,,1,,1,4,1,1,2,2,,2,1,,2,1,2,,1,1,1,2,2,2,2,2,,,,,,,,,,1,2,,,,,,,,,,,,,,
2024,Ghana,GHA,Sub-Saharan Africa (excluding high income),21563813,166253324,0.954273761,1,24,2,5,1,1,0,1,1,1,1,1,1,4,4,4,1,1,1,1,2,,,,,,,,,,,,,,,,,,,1,1,1,1,1,2,2,,,,,,,,,2,1,2,1,1,2,,2,2,,2,2,1,,2,2,2,,,,1,3,2,2,,,,2,1,3,,2,2,,1,1,1,1,2,1,2,1,,,1,2,2,1,,,2,2,,2,2,,,,,,,,2,,,,,,4,1,1,,,,,,,,,,,,,,1,,1,1,,1,,1,1,1,1,2,2,,2,1,,1,1,1,,1,1,1,1,2,2,1,2,,,,,,,,,,1,1,,,,,,,,,,,,,,
2024,Ghana,GHA,Sub-Saharan Africa (excluding high income),21563813,166537483,0.858618759,2,20,2,1,1,1,1,1,1,1,0,1,4,4,4,4,1,4,1,1,1,2,2,2,2,,1,2,1,2,,,,,,,,,,,2,1,4,1,2,2,,,,,,,,,1,1,2,2,1,2,,2,2,,2,2,2,,2,2,2,,,2,1,2,2,2,,,,2,1,3,,1,1,2,1,1,1,1,1,2,,,,,2,,,,,,,,,2,2,,,,,,,,2,,,,,,1,1,1,,,,,,,,,,,,,,1,,1,1,,1,,1,1,1,1,2,2,,1,1,,1,1,3,,1,1,1,1,1,2,1,2,,,,,,,,,,1,2,,,,,,,,,,,,,,
2024,Ghana,GHA,Sub-Saharan Africa (excluding high income),21563813,166653998,1.137151494,1,15,1,2,2,2,0,1,1,1,1,1,4,4,4,4,1,4,1,1,2,,,,,,,,,,,,,,,,,,,1,1,3,2,2,2,2,,,,,,,,,2,1,1,3,1,2,,2,2,,2,2,1,2,2,2,2,,,,2,1,2,2,,,,2,1,3,,2,2,,2,,1,1,2,2,,,,,2,,,,,,,,,2,2,,,,,,,,2,,,,,,3,1,1,,,,,,,,,,,,,,2,2,1,1,,1,,1,2,2,,1,1,2,2,2,1,3,2,,1,2,1,2,1,1,2,1,2,1,2,2,2,2,2,1,2,97,1,2,,,,,,,,,,,,,,
2024,Ghana,GHA,Sub-Saharan Africa (excluding high income),21563813,166760372,0.687226086,2,35,2,5,1,1,1,1,1,1,1,1,4,4,4,4,1,1,1,1,2,2,1,2,3,,1,1,1,2,,,,,,,,,,,1,1,1,1,2,2,,,,,,,,,1,1,2,1,1,2,,2,1,1,2,1,1,,1,2,2,,,,2,2,2,2,,,,2,1,2,,1,1,2,2,,1,1,2,1,2,1,,,2,,,,,,,,,2,2,,,,,,,,2,,,,,,4,1,1,,,,,,,,,,,,,,1,,1,1,,1,,1,1,1,1,2,2,,2,1,,1,1,2,,1,1,1,1,1,2,1,2,,,,,,,,,,1,2,,,,,,,,,,,,,,
2024,Ghana,GHA,Sub-Saharan Africa (excluding high income),21563813,166994286,0.715097622,2,40,2,4,1,1,0,1,1,1,0,1,4,4,4,4,0,4,1,1,2,,,,,,,,,,,,,,,,,,,1,1,1,2,1,2,2,,,,,,,,,2,1,2,2,1,2,,2,2,,2,2,2,,2,2,2,,,2,1,2,4,1,1,2,2,2,2,,4,2,2,,1,1,1,1,2,2,,,,,2,,,,,,,,,2,2,,,,,,,,2,,,,,,3,0,1,,,,,,,,,,,,,,2,2,1,1,,1,,2,2,2,,2,2,,2,2,2,,,,,,,,,,,,,1,2,2,2,2,2,2,1,1,1,3,,,,,,,,,,,,,,
2024,Ghana,GHA,Sub-Saharan Africa (excluding high income),21563813,167207624,1.246027193,1,18,2,1,2,2,0,1,1,1,0,1,4,4,4,4,0,4,1,1,2,,,,,,,,,,,,,,,,,,,1,2,3,3,1,2,2,,,,,,,,,2,1,2,2,2,2,,2,2,,2,2,2,,2,2,2,,,2,2,1,1,2,,,,2,2,,4,2,2,,1,1,1,1,2,2,,,,,2,,,,,,,,,2,2,,,,,,,,2,,,,,,4,1,1,,,,,,,,,,,,,,1,,1,1,,1,,1,2,1,1,2,2,,2,1,,1,1,2,,1,1,1,1,2,2,2,2,,,,,,,,,,1,2,,,,,,,,,,,,,,
2024,Ghana,GHA,Sub-Saharan Africa (excluding high income),21563813,167483547,0.37664624,1,24,2,4,1,1,0,1,1,1,1,1,4,1,4,4,1,4,1,1,2,,,,,,,,,,,,,,,,,,,2,1,1,1,1,1,1,1,,,,,,,,2,1,2,1,2,2,,2,1,1,2,1,2,,2,2,2,,,,2,3,2,2,,,,2,1,3,,2,1,3,1,1,1,1,1,2,,,,,2,,,,,,,,,1,2,2,1,,,2,2,,2,,,,,,2,1,1,,,,,,,,,,,,,,1,,1,1,,1,,1,4,1,1,2,1,1,2,1,,1,1,1,,1,1,1,2,1,2,2,2,,,,,,,,,,1,2,,,,,,,,,,,,,,
2024,Ghana,GHA,Sub-Saharan Africa (excluding high income),21563813,167502083,0.954273761,1,20,2,5,2,1,0,1,1,1,1,1,4,3,4,1,0,4,2,1,2,,,,,,,,,,,,,,,,,,,2,3,3,1,1,1,2,,,,,,,,,2,1,1,2,2,2,,2,2,,2,1,1,2,2,2,2,,,,2,1,3,2,,,,2,2,,4,2,2,,2,,1,2,2,2,,,,,2,,,,,,,,,1,2,2,2,2,2,,,,1,2,1,,,2,1,1,1,,,,,,,,,,,,,,1,,1,1,,1,,1,1,1,1,2,2,,2,1,,1,1,3,,1,1,1,2,2,2,2,2,,,,,,,,,,1,2,,,,,,,,,,,,,,
2024,Ghana,GHA,Sub-Saharan Africa (excluding high income),21563813,167514515,0.545013405,2,17,2,2,2,2,0,1,1,1,0,0,4,4,4,4,0,4,1,1,2,,,,,,,,,,,,,,,,,,,2,3,3,2,2,1,2,,,,,,,,,2,2,2,,,,2,2,1,1,2,2,2,,2,2,2,,,2,7,,3,2,,,,2,2,,4,2,2,,2,,1,1,2,2,,,,,2,,,,,,,,,2,2,,,,,,,,2,,,,,,5,0,1,,,,,,,,,,,,,,2,2,2,1,,1,,2,4,2,,1,1,2,2,2,2,,,,,,,,,,,,,1,1,2,2,1,1,2,2,1,1,2,,,,,,,,,,,,,,
2024,Ghana,GHA,Sub-Saharan Africa (excluding high income),21563813,167702497,1.948571279,2,47,1,1,2,1,0,0,0,0,1,0,4,4,4,4,0,4,3,0,2,,,,,,,,,,,,,,,,,,,,,,,,,,,1,2,2,1,2,1,2,2,,2,,,,2,2,2,,2,,1,,2,2,2,,,,2,1,2,2,,,,,,,,,,,2,,2,,2,2,,,,,2,,,,,,,,,2,2,,,,,,,,2,,,,,,6,0,2,1,2,2,1,2,2,2,1,2,,,,1,,,,,,,,,,,,,,,,2,2,,,,,,,,,,,,,,,,,,,,,,1,2,,,,,,,,,,,,,,
2024,Ghana,GHA,Sub-Saharan Africa (excluding high income),21563813,167806151,1.724277976,1,64,2,2,1,2,1,1,1,1,1,1,4,4,4,4,0,2,1,1,2,2,2,2,4,,1,2,1,2,,,,,,,,,,,2,4,4,1,2,2,,,,,,,,,1,1,1,2,1,2,,2,2,,1,1,1,1,2,1,1,,,,4,3,4,2,,,,2,2,,4,2,2,,1,1,1,1,2,1,2,2,,1,2,,,,,,,,,2,2,,,,,,,,2,,,,,,2,0,1,,,,,,,,,,,,,,2,2,1,1,,1,,2,4,2,,2,2,,2,2,2,,,,,,,,,,,,,1,1,2,1,2,2,2,1,8,1,2,,,,,,,,,,,,,,
2024,Ghana,GHA,Sub-Saharan Africa (excluding high income),21563813,167925623,2.023061021,2,57,1,1,1,1,0,0,0,0,1,1,4,4,4,2,0,4,3,0,2,,,,,,,,,,,,,,,,,,,,,,,,,,,1,2,2,1,2,1,2,2,,2,,,,1,2,2,,2,,1,,2,2,2,,,,6,1,3,2,,,,,,,,,,,2,,2,,2,2,,,,,2,,,,,,,,,2,2,,,,,,,,1,2,2,1,,2,5,0,2,1,2,1,1,2,2,2,1,1,2,2,2,,,,,,,,,,,,,,,,,4,2,,,,,,,,,,,,,,,,,,,,,,1,2,,,,,,,,,,,,,,
2024,Ghana,GHA,Sub-Saharan Africa (excluding high income),21563813,167955698,0.571540434,1,21,3,3,1,2,1,1,1,1,0,1,4,1,4,1,1,4,1,1,1,1,1,1,3,,1,1,1,2,,,,,,,,,,,1,3,2,1,1,2,,,,,,,,,1,1,1,1,1,2,,2,2,,2,2,2,2,2,2,2,,,2,2,2,3,2,,,,1,1,1,,2,1,1,1,1,1,1,2,2,,,,,2,,,,,,,,,1,2,2,1,,,1,2,,1,3,1,,,2,5,1,1,,,,,,,,,,,,,,1,,1,1,,1,,1,1,1,1,2,1,9,1,1,,1,1,2,,1,1,1,1,1,2,1,8,,,,,,,,,,1,2,,,,,,,,,,,,,,
2024,Ghana,GHA,Sub-Saharan Africa (excluding high income),21563813,168123883,0.597857982,1,32,2,3,2,1,0,0,0,0,1,1,4,4,4,4,0,4,1,0,2,,,,,,,,,,,,,,,,,,,,,,,,,,,2,2,2,1,1,2,1,2,,2,,,,1,1,2,,2,,1,,2,2,2,,,,2,1,2,2,,,,,,,,,,,1,1,2,,2,2,,,,,2,,,,,,,,,2,2,,,,,,,,2,,,,,,2,1,1,,,,,,,,,,,,,,1,,2,1,,1,,1,1,1,1,2,2,,2,1,,1,1,1,,2,1,1,2,1,2,2,2,,,,,,,,,,1,2,,,,,,,,,,,,,,
2024,Ghana,GHA,Sub-Saharan Africa (excluding high income),21563813,168129727,0.814478521,2,40,2,4,1,2,1,1,1,1,1,1,4,4,4,4,0,2,1,1,1,2,2,3,3,2,2,1,2,2,,,,,,,,,,,3,1,1,1,1,2,,,,,,,,,2,1,2,2,1,2,,2,2,,2,2,1,,2,2,1,,,,2,2,2,2,,,,2,2,,4,2,2,,2,,1,1,1,1,2,2,,1,2,,,,,,,,,2,2,,,,,,,,2,,,,,,3,1,1,,,,,,,,,,,,,,1,,1,1,,1,,1,4,1,1,2,1,2,1,1,,1,1,2,,1,1,1,1,1,2,2,2,,,,,,,,,,1,2,,,,,,,,,,,,,,
2024,Ghana,GHA,Sub-Saharan Africa (excluding high income),21563813,168394094,0.588819963,1,27,2,4,1,2,1,1,1,1,1,1,1,4,4,4,1,2,1,1,2,1,1,2,2,,2,1,2,2,,,,,,,,,,,2,1,1,1,1,2,,,,,,,,,2,1,2,2,1,1,,1,1,1,2,1,2,,2,2,2,,,,1,2,2,2,,,,2,1,3,,2,1,1,1,1,1,1,2,1,2,2,,1,1,2,1,2,,,1,3,,2,2,,,,,,,,2,,,,,,4,1,1,,,,,,,,,,,,,,1,,1,1,,1,,1,4,1,1,1,1,2,2,1,,1,1,1,,1,1,1,1,1,2,2,1,,,,,,,,,,1,2,,,,,,,,,,,,,,
2024,Ghana,GHA,Sub-Saharan Africa (excluding high income),21563813,168604139,0.325994158,1,30,1,1,1,1,1,1,1,1,1,1,4,4,4,4,0,4,1,1,2,2,1,1,4,,1,2,2,2,,,,,,,,,,,1,1,3,1,2,2,,,,,,,,,1,1,2,1,2,2,,2,2,,2,2,1,,1,1,1,,,,2,1,4,2,,,,2,2,,1,2,2,,1,1,2,,2,2,,,,,2,,,,,,,,,2,2,,,,,,,,2,,,,,,2,0,1,,,,,,,,,,,,,,2,2,1,1,,2,,,2,2,,2,1,2,2,2,2,,,,,,,,,,,,,1,2,2,2,2,2,2,2,1,1,2,,,,,,,,,,,,,,
2024,Ghana,GHA,Sub-Saharan Africa (excluding high income),21563813,168609920,0.975476092,2,56,3,5,1,2,1,1,1,1,0,1,1,4,4,4,0,1,1,1,1,2,1,2,2,,1,1,2,2,,,,,,,,,,,3,3,3,1,2,2,,,,,,,,,1,2,2,2,1,1,,1,2,,2,2,2,,2,2,2,,,2,1,3,4,2,,,,2,2,,4,2,2,,1,1,2,,2,1,1,1,,,1,2,1,2,,,2,2,,2,2,,,,,,,,2,,,,,,1,1,1,,,,,,,,,,,,,,1,,1,1,,1,,1,2,1,1,2,2,,2,1,,2,1,3,,1,2,2,1,1,2,2,2,,,,,,,,,,1,2,,,,,,,,,,,,,,
2024,Ghana,GHA,Sub-Saharan Africa (excluding high income),21563813,168610994,0.949083362,1,20,2,1,1,2,0,0,0,0,0,1,4,4,4,4,0,4,3,0,2,,,,,,,,,,,,,,,,,,,,,,,,,,,2,2,2,1,2,2,2,2,,2,,,,1,2,2,,2,,2,,2,2,2,,,2,2,1,6,2,,,,,,,,,,,2,,2,,2,2,,,,,2,,,,,,,,,2,2,,,,,,,,2,,,,,,3,0,2,1,2,2,2,1,2,1,1,2,,,,1,,,,,,,,,,,,,,,,2,2,,,,,,,,,,,,,,,,,,,,,,2,,1,2,1,1,2,2,1,1,1,2,1,1,,
2024,Ghana,GHA,Sub-Saharan Africa (excluding high income),21563813,168649492,0.949083362,1,18,2,4,1,2,0,1,1,1,0,1,1,4,4,4,0,4,1,1,2,,,,,,,,,,,,,,,,,,,1,2,2,1,1,2,2,,,,,,,,,2,1,2,2,1,2,,2,2,,2,2,2,,2,2,2,,,2,2,3,2,2,,,,2,2,,4,2,2,,2,,1,1,2,2,,,,,1,2,2,1,,,2,2,,2,2,,,,,,,,2,,,,,,5,1,1,,,,,,,,,,,,,,1,,1,1,,1,,1,4,1,1,1,2,,2,1,,1,1,2,,1,1,1,1,1,2,2,2,,,,,,,,,,1,2,,,,,,,,,,,,,,
2024,Ghana,GHA,Sub-Saharan Africa (excluding high income),21563813,168706743,0.814478521,2,40,2,4,1,2,1,1,1,1,1,1,4,4,4,4,0,2,1,1,2,2,2,3,3,2,2,1,2,2,,,,,,,,,,,3,3,3,1,1,2,,,,,,,,,2,2,2,,,,1,2,2,,2,2,1,,1,2,2,,,,2,2,2,2,,,,2,2,,4,2,2,,2,,1,1,2,1,2,2,,1,2,,,,,,,,,2,2,,,,,,,,2,,,,,,3,1,1,,,,,,,,,,,,,,1,,1,1,,1,,1,4,1,1,2,1,2,1,1,,1,1,2,,1,1,1,1,1,2,2,2,,,,,,,,,,1,2,,,,,,,,,,,,,,
2024,Ghana,GHA,Sub-Saharan Africa (excluding high income),21563813,168729829,0.925532283,1,30,2,2,1,1,0,1,1,1,1,1,4,4,4,2,0,2,2,1,2,,,,,,,,,,,,,,,,,,,1,2,3,4,2,2,2,,,,,,,,,2,2,2,,,,1,2,2,,2,2,1,,2,2,2,,,,2,1,5,2,,,,2,2,,4,2,2,,1,2,1,2,2,1,2,2,,1,2,,,,,,,,,2,2,,,,,,,,1,2,2,1,,2,2,0,2,1,2,2,2,2,2,2,1,2,,,,1,,,,,,,,,,,,,,,,2,2,,,,,,,,,,,,,,,,,,,,,,1,2,,,,,,,,,,,,,,
2024,Ghana,GHA,Sub-Saharan Africa (excluding high income),21563813,168737841,0.308510761,1,34,1,4,1,2,1,1,1,1,0,1,4,4,4,4,0,3,2,1,2,1,2,1,4,,1,1,1,2,,,,,,,,,,,2,2,1,1,1,2,,,,,,,,,2,1,2,1,1,2,,2,2,,2,2,2,,2,2,2,,,2,1,2,2,2,,,,2,2,,1,1,2,,1,2,2,,2,1,2,2,,2,2,,,,,,,,,2,2,,,,,,,,2,,,,,,2,0,1,,,,,,,,,,,,,,2,2,1,1,,1,,1,1,2,,2,1,1,2,2,2,,,,,,,,,,,,,1,2,2,2,2,2,2,2,1,1,2,,,,,,,,,,,,,,
2024,Ghana,GHA,Sub-Saharan Africa (excluding high income),21563813,168922715,2.230792185,2,70,1,5,1,1,0,1,1,1,1,1,4,4,4,4,0,4,1,1,2,,,,,,,,,,,,,,,,,,,1,1,1,1,1,2,1,1,,,,,,,,2,1,2,1,2,2,,2,2,,2,2,2,,2,2,1,,,2,8,,5,2,,,,2,2,,6,2,2,,1,1,1,1,1,2,,,,,2,,,,,,,,,2,2,,,,,,,,2,,,,,,6,1,1,,,,,,,,,,,,,,1,,2,1,,1,,1,1,1,1,1,2,,1,2,1,4,1,4,,1,1,1,1,2,2,1,2,,,,,,,,,,2,,2,2,1,2,2,2,2,2,1,2,2,2,,
2024,Ghana,GHA,Sub-Saharan Africa (excluding high income),21563813,169004481,0.476430446,2,30,2,3,1,1,1,1,1,1,1,1,1,4,4,4,0,2,1,1,2,1,2,3,3,1,2,2,2,2,,,,,,,,,,,2,1,1,1,2,1,1,,,,,,,,2,1,2,2,1,2,,2,2,,2,2,2,,2,2,1,,,2,1,2,2,2,,,,1,2,,4,2,2,,1,2,1,1,2,1,2,2,,1,1,2,2,1,,,1,2,,2,2,,,,,,,,2,,,,,,4,0,1,,,,,,,,,,,,,,2,2,1,1,,1,,2,4,1,1,2,2,,2,2,2,,,,,,,,,,,,,1,2,2,2,2,2,2,2,1,1,1,,,,,,,,,,,,,,
2024,Ghana,GHA,Sub-Saharan Africa (excluding high income),21563813,169326463,0.813874041,1,35,2,4,1,1,1,1,1,1,1,1,4,4,4,4,0,4,3,1,2,1,2,1,4,,1,2,1,2,,,,,,,,,,,1,1,3,1,1,1,2,,,,,,,,1,1,2,1,2,2,,2,2,,2,2,1,,2,2,2,,,,2,2,1,2,,,,2,2,,4,2,1,2,2,,2,,2,2,,,,,2,,,,,,,,,2,2,,,,,,,,2,,,,,,5,0,1,,,,,,,,,,,,,,1,,1,1,,1,,1,1,2,,2,2,,2,2,2,,,,,1,1,1,2,2,2,2,2,,,,,,,,,,1,2,,,,,,,,,,,,,,
2024,Ghana,GHA,Sub-Saharan Africa (excluding high income),21563813,169343463,0.292104789,2,38,2,5,1,2,1,1,1,1,1,1,1,4,4,4,1,2,1,1,1,1,2,2,2,,1,1,1,1,,,,,,,,,,,1,1,1,1,1,2,,,,,,,,,1,1,2,2,1,1,,1,2,,1,2,2,,2,2,2,1,2,,1,3,1,2,,,,2,1,1,,2,1,3,1,1,2,,1,1,2,2,,1,1,1,1,2,,,2,2,,2,2,,,,,,,,2,,,,,,3,1,1,,,,,,,,,,,,,,1,,1,1,,1,,1,4,1,1,2,1,2,1,1,,1,1,1,,1,1,1,1,1,2,1,2,,,,,,,,,,1,1,,,,,,,,,,,,,,
2024,Ghana,GHA,Sub-Saharan Africa (excluding high income),21563813,169429340,0.703751765,2,34,1,3,1,2,1,1,1,1,1,1,4,4,4,1,0,2,1,1,2,2,1,3,3,1,2,1,2,2,,,,,,,,,,,1,1,1,1,2,2,,,,,,,,,1,1,2,2,2,2,,2,2,,2,2,1,,2,2,1,,,,3,2,2,2,,,,2,2,,4,2,2,,1,1,1,1,2,1,2,2,,1,2,,,,,,,,,2,2,,,,,,,,1,2,1,,,2,4,1,1,,,,,,,,,,,,,,1,,1,1,,1,,1,1,1,1,2,2,,2,1,,1,1,1,,1,1,1,1,2,2,2,2,,,,,,,,,,1,1,,,,,,,,,,,,,,
2024,Ghana,GHA,Sub-Saharan Africa (excluding high income),21563813,169563273,0.307107121,2,19,2,1,1,2,1,1,1,1,1,1,2,4,4,2,1,4,2,1,2,1,1,3,3,1,1,1,1,1,,,,,,,,,,,1,1,1,1,1,1,1,,,,,,,,1,1,1,1,2,1,,2,2,,2,1,1,2,2,2,1,1,1,,2,2,1,1,1,1,2,1,1,1,,1,1,1,1,2,2,,2,2,,,,,1,2,2,2,1,,,,,2,2,,,,,,,,1,2,2,1,,1,4,1,1,,,,,,,,,,,,,,1,,2,1,,1,,1,1,1,1,2,1,1,1,1,,2,1,2,,1,1,1,1,1,2,2,2,,,,,,,,,,1,2,,,,,,,,,,,,,,
2024,Ghana,GHA,Sub-Saharan Africa (excluding high income),21563813,169575471,0.838081257,2,32,2,4,1,2,1,1,1,1,1,0,1,4,4,4,1,4,1,1,1,1,1,2,1,,2,1,2,1,,,,,,,,,,,2,1,1,2,2,2,,,,,,,,,2,2,2,,,,2,2,1,1,2,1,1,,2,2,2,2,,,4,2,1,2,,,,2,1,1,,2,1,1,1,1,1,1,2,2,,,,,1,1,1,2,,,2,1,,2,2,,,,,,,,2,,,,,,4,1,1,,,,,,,,,,,,,,1,,1,1,,1,,1,1,1,1,2,2,,2,1,,1,1,2,,1,1,1,1,2,2,2,2,,,,,,,,,,1,2,,,,,,,,,,,,,,
2024,Ghana,GHA,Sub-Saharan Africa (excluding high income),21563813,169654384,1.424682396,2,15,2,2,2,2,0,0,0,0,0,0,4,4,4,4,0,4,2,0,2,,,,,,,,,,,,,,,,,,,,,,,,,,,2,2,1,1,2,2,2,2,,2,,,,2,2,2,,2,,2,,2,2,3,,,2,7,,2,2,,,,,,,,,,,2,,1,2,2,2,,,,,2,,,,,,,,,2,2,,,,,,,,2,,,,,,4,0,2,1,2,2,2,1,2,2,5,2,,,,1,,,,,,,,,,,,,,,,2,2,,,,,,,,,,,,,,,,,,,,,,2,,2,2,1,2,2,2,2,2,1,1,2,2,,
2024,Ghana,GHA,Sub-Saharan Africa (excluding high income),21563813,169655626,0.403008946,2,22,1,4,1,1,1,1,1,1,1,1,1,4,4,1,0,4,1,1,2,2,1,1,1,,2,1,1,2,,,,,,,,,,,1,1,1,1,1,2,,,,,,,,,2,1,2,1,1,2,,2,2,,2,2,1,,1,2,1,,,,2,2,3,1,2,1,2,2,2,,1,1,2,,1,1,1,1,2,2,,,,,1,2,2,1,,,2,2,,2,2,,,,,,,,1,2,1,,,2,3,0,1,,,,,,,,,,,,,,1,,1,1,,1,,1,1,2,,2,1,2,2,2,2,,,,,1,1,2,2,2,2,2,1,,,,,,,,,,1,2,,,,,,,,,,,,,,
2024,Ghana,GHA,Sub-Saharan Africa (excluding high income),21563813,169787975,0.91490546,1,41,3,5,1,2,1,1,1,1,1,1,1,4,4,4,1,1,1,1,1,1,1,2,3,,1,1,1,2,,,,,,,,,,,3,1,3,2,2,2,,,,,,,,,1,2,2,2,2,1,,1,2,,2,1,1,,2,2,2,,,,1,3,4,2,,,,2,1,3,,2,1,3,1,1,1,1,2,1,2,1,,,1,1,1,2,,,1,2,,2,2,,,,,,,,2,,,,,,1,1,1,,,,,,,,,,,,,,1,,1,1,,1,,1,4,1,1,2,1,2,2,1,,1,1,3,,1,2,1,1,1,2,1,2,,,,,,,,,,1,2,,,,,,,,,,,,,,
2024,Ghana,GHA,Sub-Saharan Africa (excluding high income),21563813,170040198,1.164863149,1,37,1,4,1,1,0,0,0,0,0,0,4,4,4,4,0,4,3,0,2,,,,,,,,,,,,,,,,,,,,,,,,,,,1,2,2,2,2,1,2,2,,2,,,,2,2,2,,2,,2,,2,2,2,,,2,2,1,5,2,,,,,,,,,,,2,,2,,2,2,,,,,2,,,,,,,,,2,2,,,,,,,,2,,,,,,2,0,2,1,2,1,1,2,2,2,1,2,,,,2,,,,,,,,,,,,,,,,4,9,,,,,,,,,,,,,,,,,,,,,,1,2,,,,,,,,,,,,,,
2024,Ghana,GHA,Sub-Saharan Africa (excluding high income),21563813,170198040,1.401923612,1,24,1,5,1,2,1,1,1,1,0,1,4,4,4,4,0,2,3,1,2,1,2,1,3,,1,2,1,2,,,,,,,,,,,3,3,3,2,1,2,,,,,,,,,1,1,2,1,2,2,,2,2,,2,2,2,,2,2,2,,,2,2,1,5,2,,,,2,2,,4,2,2,,2,,2,,2,1,2,2,,1,2,,,,,,,,,2,2,,,,,,,,2,,,,,,4,1,1,,,,,,,,,,,,,,1,,2,1,,1,,2,2,1,1,2,2,,2,1,,2,1,2,,1,1,1,2,1,2,2,2,,,,,,,,,,2,,2,2,2,2,1,2,2,2,1,2,2,2,,
2024,Ghana,GHA,Sub-Saharan Africa (excluding high income),21563813,170331999,0.479399742,2,39,3,5,1,2,1,1,1,1,1,1,1,1,4,4,1,1,1,1,1,1,1,2,1,,1,1,1,1,,,,,,,,,,,1,1,1,1,1,1,2,,,,,,,,1,1,2,2,1,1,,1,2,,1,2,1,,2,2,2,1,1,,1,3,4,2,,,,1,1,1,,1,1,1,1,1,1,1,1,1,1,1,,,1,1,1,2,,,1,2,,1,2,1,2,,,2,1,,2,,,,,,1,1,1,,,,,,,,,,,,,,1,,1,1,,1,,1,1,1,1,2,1,2,1,1,,1,1,2,,1,1,1,1,1,1,1,1,,,,,,,,,,1,2,,,,,,,,,,,,,,
2024,Ghana,GHA,Sub-Saharan Africa (excluding high income),21563813,170646161,0.411331319,2,30,3,5,1,2,1,1,1,1,1,1,4,4,4,4,1,1,1,1,1,1,2,2,2,,1,1,1,2,,,,,,,,,,,2,2,1,1,1,2,,,,,,,,,1,1,2,2,1,2,,2,2,,2,2,1,,2,2,2,,,,2,3,2,2,,,,2,1,2,,1,1,2,1,1,1,1,2,1,2,1,,,2,,,,,,,,,2,2,,,,,,,,2,,,,,,3,1,1,,,,,,,,,,,,,,1,,1,1,,1,,1,2,1,1,2,1,2,2,1,,1,1,2,,1,1,1,1,1,2,2,2,,,,,,,,,,1,2,,,,,,,,,,,,,,
2024,Ghana,GHA,Sub-Saharan Africa (excluding high income),21563813,170664027,0.598302023,2,25,2,2,1,1,0,0,0,0,0,0,4,4,4,4,0,4,2,0,2,,,,,,,,,,,,,,,,,,,,,,,,,,,1,2,2,2,2,2,2,2,,2,,,,2,2,2,,2,,2,,2,2,2,,,2,2,2,1,2,,,,,,,,,,,1,2,2,,2,2,,,,,2,,,,,,,,,2,2,,,,,,,,2,,,,,,4,0,1,,,,,,,,,,,,,,2,2,1,1,,2,,,4,2,,2,2,,2,2,2,,,,,,,,,,,,,1,2,1,2,2,2,2,2,1,1,2,,,,,,,,,,,,,,
2024,Ghana,GHA,Sub-Saharan Africa (excluding high income),21563813,170677445,0.856223319,2,32,1,5,1,1,0,1,1,1,1,1,1,4,4,4,1,4,1,1,2,,,,,,,,,,,,,,,,,,,1,1,1,1,1,1,2,,,,,,,,,2,1,2,1,2,2,,2,1,1,2,1,1,,2,2,1,,,,3,1,2,1,2,2,2,1,1,2,,1,1,1,1,1,1,1,2,2,,,,,1,2,2,1,,,2,2,,2,2,,,,,,,,2,,,,,,1,0,1,,,,,,,,,,,,,,1,,1,1,,1,,1,4,1,1,2,1,2,2,2,2,,,,,2,2,2,2,2,2,2,2,,,,,,,,,,1,2,,,,,,,,,,,,,,
2024,Ghana,GHA,Sub-Saharan Africa (excluding high income),21563813,170810776,0.683044782,2,26,2,1,1,2,0,1,1,1,0,1,1,4,4,4,0,4,2,1,2,,,,,,,,,,,,,,,,,,,2,1,2,4,1,1,2,,,,,,,,,2,2,2,,,,1,2,2,,2,2,2,,2,2,2,,,2,4,1,4,2,,,,1,2,,4,2,2,,1,2,1,2,2,2,,,,,1,2,2,1,,,2,2,,2,2,,,,,,,,2,,,,,,2,1,1,,,,,,,,,,,,,,1,,2,1,,1,,1,4,2,,2,2,,2,1,,1,1,1,,1,1,1,1,2,2,1,2,,,,,,,,,,1,2,,,,,,,,,,,,,,
2024,Ghana,GHA,Sub-Saharan Africa (excluding high income),21563813,170858936,0.683044782,2,30,2,5,1,2,0,1,1,1,1,1,1,4,4,4,0,1,1,1,2,,,,,,,,,,,,,,,,,,,2,1,2,2,1,2,1,2,,,,,,,,2,1,2,2,1,1,,1,1,1,2,1,1,,2,2,1,,,,3,2,2,2,,,,2,2,,4,2,2,,1,2,1,1,2,1,2,1,,,1,2,2,1,,,1,2,,2,2,,,,,,,,2,,,,,,2,1,1,,,,,,,,,,,,,,1,,1,1,,1,,1,4,2,,2,1,2,2,1,,1,1,2,,1,1,1,2,2,1,2,2,,,,,,,,,,1,2,,,,,,,,,,,,,,
2024,Ghana,GHA,Sub-Saharan Africa (excluding high income),21563813,170947856,1.784569609,1,20,1,4,1,1,0,1,1,1,1,1,4,4,4,4,0,2,1,1,2,,,,,,,,,,,,,,,,,,,1,2,2,3,2,2,2,,,,,,,,,2,2,1,,,,,2,2,,2,2,1,2,1,1,2,,,,2,1,4,2,,,,2,2,,4,2,2,,2,,1,1,2,1,2,2,,1,2,,,,,,,,,2,2,,,,,,,,2,,,,,,1,0,1,,,,,,,,,,,,,,2,2,1,1,,1,,1,2,2,,2,1,2,2,2,2,,,,,,,,,,,,,1,2,2,1,2,2,2,1,4,1,2,,,,,,,,,,,,,,
2024,Ghana,GHA,Sub-Saharan Africa (excluding high income),21563813,170973524,1.234753985,1,35,2,1,1,1,0,1,1,1,1,0,4,4,4,4,0,4,3,1,2,,,,,,,,,,,,,,,,,,,1,4,4,3,2,1,1,2,,,,,,,,2,2,2,,,,2,1,1,2,2,1,1,,2,1,1,,,,7,,4,1,1,1,2,2,2,,1,2,2,,2,,2,,2,2,,,,,2,,,,,,,,,2,2,,,,,,,,2,,,,,,4,0,1,,,,,,,,,,,,,,2,2,2,1,,1,,1,4,2,,2,1,1,1,2,2,,,,,,,,,,,,,1,1,2,2,2,2,2,2,1,2,,2,2,1,3,1,2,1,1,1,2,1,2,,
2024,Ghana,GHA,Sub-Saharan Africa (excluding high income),21563813,171138546,1.307891657,2,65,2,4,2,2,0,1,1,1,1,0,4,4,4,4,0,4,3,1,2,,,,,,,,,,,,,,,,,,,1,3,3,3,2,2,2,,,,,,,,,2,2,2,,,,2,2,1,1,2,1,1,,2,2,2,,,,8,,5,2,,,,2,2,,4,2,2,,2,,2,,2,2,,,,,2,,,,,,,,,2,2,,,,,,,,2,,,,,,4,1,1,,,,,,,,,,,,,,1,,1,1,,1,,1,1,2,,2,2,,2,1,,1,1,2,,2,2,1,2,2,2,2,2,,,,,,,,,,1,2,,,,,,,,,,,,,,
2024,Ghana,GHA,Sub-Saharan Africa (excluding high income),21563813,171167446,0.949788264,2,18,2,3,2,2,0,1,1,1,1,1,4,4,4,4,0,4,3,1,2,,,,,,,,,,,,,,,,,,,1,2,2,2,1,2,2,,,,,,,,,2,1,2,3,2,2,,2,2,,2,2,1,,2,2,1,,,,2,2,3,2,,,,2,2,,4,2,2,,2,,2,,1,2,,,,,2,,,,,,,,,2,2,,,,,,,,2,,,,,,5,1,1,,,,,,,,,,,,,,1,,1,1,,1,,1,1,1,1,1,2,,2,1,,1,1,3,,1,1,1,1,2,2,2,2,,,,,,,,,,1,2,,,,,,,,,,,,,,
2024,Ghana,GHA,Sub-Saharan Africa (excluding high income),21563813,171284788,0.298683595,2,29,3,5,1,2,1,1,1,1,1,1,1,4,4,4,1,1,3,1,2,2,2,3,3,1,1,2,2,2,,,,,,,,,,,1,1,1,1,2,2,,,,,,,,,2,1,2,2,2,2,,2,1,1,2,1,2,,2,2,2,,,,2,2,2,2,,,,2,1,3,,2,2,,2,,2,,2,1,2,1,,,1,2,2,1,,,1,1,,2,2,,,,,,,,2,,,,,,4,1,1,,,,,,,,,,,,,,1,,1,1,,1,,1,1,1,1,2,2,,2,1,,1,1,1,,1,1,1,1,1,2,1,1,,,,,,,,,,1,2,,,,,,,,,,,,,,
2024,Ghana,GHA,Sub-Saharan Africa (excluding high income),21563813,171330359,0.542136253,2,32,2,3,1,1,0,1,1,1,0,1,1,4,4,2,0,4,1,1,2,,,,,,,,,,,,,,,,,,,1,3,1,3,1,1,2,,,,,,,,,2,1,2,3,2,2,,2,2,,2,2,2,,2,2,2,,,2,2,3,1,2,,,,2,2,,4,2,2,,1,1,1,1,2,2,,,,,1,2,2,1,,,2,2,,2,2,,,,,,,,1,2,2,1,,2,4,1,1,,,,,,,,,,,,,,1,,1,1,,1,,1,4,1,1,2,1,2,1,1,,1,1,1,,1,1,1,2,1,2,2,2,,,,,,,,,,1,2,,,,,,,,,,,,,,
2024,Ghana,GHA,Sub-Saharan Africa (excluding high income),21563813,171332831,0.545596889,2,27,1,1,1,2,1,1,1,1,0,0,4,4,4,4,0,4,1,1,1,2,1,2,5,,1,2,2,2,,,,,,,,,,,3,3,3,2,1,2,,,,,,,,,2,2,2,,,,2,2,2,,2,2,2,,2,2,2,,,2,5,1,4,2,,,,2,2,,4,2,2,,1,1,1,1,2,2,,,,,2,,,,,,,,,2,2,,,,,,,,2,,,,,,4,0,1,,,,,,,,,,,,,,2,2,1,1,,2,,,2,2,,2,2,,8,2,2,,,,,,,,,,,,,1,1,2,1,2,2,2,2,1,1,2,,,,,,,,,,,,,,
2024,Ghana,GHA,Sub-Saharan Africa (excluding high income),21563813,171470197,1.859474258,2,24,2,3,1,1,0,1,1,1,1,1,2,4,4,4,0,4,1,1,2,,,,,,,,,,,,,,,,,,,1,3,4,3,2,2,2,,,,,,,,,2,2,2,,,,1,2,2,,2,2,2,,2,2,2,,,1,2,1,4,2,,,,2,2,,4,2,2,,2,,1,1,2,2,,,,,1,2,2,2,1,,,,,2,2,,,,,,,,2,,,,,,4,1,1,,,,,,,,,,,,,,1,,1,1,,1,,1,2,1,1,2,2,,2,1,,1,1,1,,1,1,1,1,2,2,2,2,,,,,,,,,,1,2,,,,,,,,,,,,,,
2024,Ghana,GHA,Sub-Saharan Africa (excluding high income),21563813,171491191,0.588819963,1,28,2,5,1,2,0,1,1,1,1,1,1,4,4,4,0,4,1,1,2,,,,,,,,,,,,,,,,,,,1,1,1,1,2,1,1,2,,,,,,,,2,2,1,,,,,2,2,,2,2,1,2,2,2,2,,,,2,2,5,2,,,,2,2,,1,2,2,,1,1,1,2,2,2,,,,,1,2,2,1,,,2,1,,2,2,,,,,,,,2,,,,,,3,1,1,,,,,,,,,,,,,,1,,1,1,,1,,1,1,1,1,2,1,2,1,1,,1,1,2,,1,1,1,1,1,2,2,2,,,,,,,,,,1,2,,,,,,,,,,,,,,
2024,Ghana,GHA,Sub-Saharan Africa (excluding high income),21563813,171493288,0.814478521,2,35,2,5,1,1,1,1,1,1,0,1,4,4,4,4,0,2,3,1,2,2,2,2,2,,1,1,1,2,,,,,,,,,,,2,2,2,1,1,2,,,,,,,,,1,1,2,2,1,2,,2,2,,2,2,2,,2,2,2,,,2,1,3,2,2,,,,2,2,,4,2,2,,2,,2,,2,1,2,2,,1,2,,,,,,,,,2,2,,,,,,,,2,,,,,,3,1,1,,,,,,,,,,,,,,1,,1,1,,1,,1,2,2,,2,1,2,1,1,,1,1,2,,1,1,2,1,1,2,2,2,,,,,,,,,,1,2,,,,,,,,,,,,,,
2024,Ghana,GHA,Sub-Saharan Africa (excluding high income),21563813,171530563,2.216030693,2,45,2,2,1,2,1,1,1,1,1,1,4,4,4,2,0,2,1,1,2,2,2,1,4,,1,2,1,2,,,,,,,,,,,4,4,5,2,1,2,,,,,,,,,1,2,1,1,2,1,,2,2,,1,2,1,1,2,2,2,,,,1,3,4,2,,,,2,2,,4,2,2,,1,1,1,1,1,1,2,2,,1,2,,,,,,,,,2,2,,,,,,,,1,2,2,1,,2,4,0,1,,,,,,,,,,,,,,1,,1,1,,2,,,1,1,8,2,1,2,2,2,2,,,,,1,2,1,2,2,2,2,2,,,,,,,,,,1,2,,,,,,,,,,,,,,
2024,Ghana,GHA,Sub-Saharan Africa (excluding high income),21563813,171738919,0.542561111,2,37,2,4,1,1,1,1,1,1,1,1,4,4,4,4,0,4,1,1,2,2,2,2,1,,1,1,2,2,,,,,,,,,,,1,1,1,1,1,1,1,,,,,,,,1,1,2,1,2,2,,2,2,,2,2,2,,1,2,2,,,1,2,2,2,2,,,,2,2,,1,2,2,,1,2,1,1,2,2,,,,,2,,,,,,,,,2,2,,,,,,,,2,,,,,,3,1,1,,,,,,,,,,,,,,1,,1,1,,1,,1,1,1,1,2,1,2,2,1,,1,1,2,,1,1,2,1,1,2,2,2,,,,,,,,,,1,2,,,,,,,,,,,,,,
2024,Ghana,GHA,Sub-Saharan Africa (excluding high income),21563813,171759475,1.99477939,1,38,1,2,1,2,0,1,1,1,1,1,4,4,4,4,0,2,1,1,2,,,,,,,,,,,,,,,,,,,1,2,2,1,1,1,2,,,,,,,,,2,1,2,2,2,2,,2,1,1,2,1,1,,1,2,1,,,,2,2,2,2,,,,2,2,,4,2,2,,2,,1,1,1,1,2,2,,1,2,,,,,,,,,2,2,,,,,,,,2,,,,,,3,0,1,,,,,,,,,,,,,,2,2,1,1,,1,,2,2,2,,2,1,2,2,2,2,,,,,,,,,,,,,2,2,2,1,2,2,2,2,4,1,2,,,,,,,,,,,,,,
2024,Ghana,GHA,Sub-Saharan Africa (excluding high income),21563813,171805272,0.668624912,2,30,2,5,1,1,1,1,1,1,1,1,4,4,4,4,1,2,1,1,1,1,1,2,3,,1,1,1,2,,,,,,,,,,,1,1,1,1,2,2,,,,,,,,,1,1,2,1,2,1,,2,2,,2,2,1,,2,2,2,,,,1,3,3,2,,,,2,1,3,,2,2,,1,1,1,1,2,1,2,2,,1,2,,,,,,,,,2,2,,,,,,,,2,,,,,,1,1,1,,,,,,,,,,,,,,1,,1,1,,1,,1,2,1,1,2,1,2,2,1,,1,1,2,,1,1,1,1,1,2,2,2,,,,,,,,,,1,2,,,,,,,,,,,,,,
2024,Ghana,GHA,Sub-Saharan Africa (excluding high income),21563813,171893750,0.385845686,1,29,3,5,1,2,1,1,1,1,1,1,1,4,4,4,1,4,1,1,1,1,1,2,2,,1,1,2,2,,,,,,,,,,,3,2,1,1,1,2,,,,,,,,,2,1,2,2,1,2,,2,1,1,2,1,1,,1,2,2,,,,1,2,2,2,,,,2,1,3,,2,2,,1,1,1,1,2,2,,,,,1,1,1,2,,,1,2,,2,2,,,,,,,,2,,,,,,3,1,1,,,,,,,,,,,,,,1,,1,1,,1,,1,1,1,1,2,1,2,2,1,,2,1,2,,1,1,1,1,1,2,2,2,,,,,,,,,,1,2,,,,,,,,,,,,,,
2024,Ghana,GHA,Sub-Saharan Africa (excluding high income),21563813,171917058,0.552729974,2,35,2,5,1,2,1,1,1,1,1,1,1,4,4,4,1,4,1,1,1,1,2,2,1,,1,1,2,2,,,,,,,,,,,2,1,1,1,1,1,2,,,,,,,,1,1,2,2,2,1,,1,1,2,2,2,1,,2,2,2,,,,4,2,2,2,,,,2,1,1,,2,2,,1,1,1,1,1,2,,,,,1,2,1,2,,,1,2,,2,2,,,,,,,,2,,,,,,5,1,1,,,,,,,,,,,,,,1,,1,1,,1,,1,1,2,,2,2,,2,1,,1,1,1,,1,1,1,1,1,2,2,2,,,,,,,,,,1,1,,,,,,,,,,,,,,
2024,Ghana,GHA,Sub-Saharan Africa (excluding high income),21563813,171936010,0.883036331,2,25,2,1,2,1,0,0,0,0,1,1,2,4,4,2,0,2,3,0,2,,,,,,,,,,,,,,,,,,,,,,,,,,,,,,,,,,2,1,1,2,1,2,,2,1,1,2,2,1,1,2,2,1,,,,8,,5,2,,,,2,2,,5,2,2,,2,,2,,2,1,2,2,,1,1,2,2,2,1,,,,,2,2,,,,,,,,1,2,2,1,,2,2,0,1,,,,,,,,,,,,,,2,2,1,1,,1,,1,9,2,,1,1,2,1,2,2,,,,,,,,,,,,,1,1,2,2,2,2,2,2,2,1,1,,,,,,,,,,,,,,
2024,Ghana,GHA,Sub-Saharan Africa (excluding high income),21563813,172015085,0.718797726,1,16,2,2,2,2,0,1,1,1,1,1,4,4,4,4,0,4,1,1,2,,,,,,,,,,,,,,,,,,,1,3,3,3,1,1,2,,,,,,,,,2,1,2,3,1,2,,2,2,,2,2,1,,2,2,2,,,,2,1,4,2,,,,2,2,,4,2,2,,1,1,1,1,2,2,,,,,2,,,,,,,,,2,2,,,,,,,,2,,,,,,5,1,1,,,,,,,,,,,,,,1,,1,1,,1,,1,1,2,,2,2,,1,1,,1,1,2,,1,1,1,1,2,1,1,2,,,,,,,,,,1,2,,,,,,,,,,,,,,
2024,Ghana,GHA,Sub-Saharan Africa (excluding high income),21563813,172136930,0.777252001,2,40,2,4,1,2,1,1,1,1,1,1,4,4,4,4,1,2,1,1,2,1,1,2,3,,1,1,1,2,,,,,,,,,,,1,1,1,1,1,2,,,,,,,,,1,1,1,1,1,1,,1,2,,1,2,2,2,2,1,2,,,,3,3,1,2,,,,1,1,2,,1,1,3,1,1,2,,1,1,2,2,,1,2,,,,,,,,,2,2,,,,,,,,2,,,,,,3,1,1,,,,,,,,,,,,,,1,,1,1,,1,,1,4,1,1,2,1,2,1,1,,1,1,1,,1,1,1,1,1,1,2,2,,,,,,,,,,1,1,,,,,,,,,,,,,,
2024,Ghana,GHA,Sub-Saharan Africa (excluding high income),21563813,172166838,0.343135274,1,30,2,5,1,1,1,1,1,1,1,1,1,4,4,1,0,1,1,1,2,2,1,2,1,,1,2,1,2,,,,,,,,,,,2,2,1,1,1,1,2,,,,,,,,1,1,1,2,2,1,,2,2,,2,1,1,2,2,2,2,,,,1,2,3,2,,,,2,2,,4,2,2,,1,2,1,1,2,1,2,1,,,1,2,2,1,,,2,2,,2,2,,,,,,,,1,2,1,,,2,1,1,1,,,,,,,,,,,,,,1,,1,1,,1,,1,1,1,1,2,2,,2,1,,1,1,2,,1,1,1,2,2,2,2,2,,,,,,,,,,1,2,,,,,,,,,,,,,,
2024,Ghana,GHA,Sub-Saharan Africa (excluding high income),21563813,172293907,0.85798152,1,16,2,3,1,1,1,1,1,1,1,1,4,4,4,4,1,4,3,1,1,1,2,1,3,,1,1,2,1,,,,,,,,,,,1,1,3,1,1,1,2,,,,,,,,1,1,2,1,3,2,,2,1,2,2,2,1,,2,2,2,2,,,2,3,5,2,,,,2,2,,4,2,1,3,2,,2,,1,2,,,,,2,,,,,,,,,2,2,,,,,,,,2,,,,,,5,1,1,,,,,,,,,,,,,,1,,2,1,,1,,1,1,1,1,1,1,1,1,1,,1,2,,1,1,1,1,1,1,2,1,2,,,,,,,,,,1,2,,,,,,,,,,,,,,
2024,Ghana,GHA,Sub-Saharan Africa (excluding high income),21563813,172432834,1.103154385,2,27,2,2,1,1,1,1,1,1,1,1,4,4,4,4,1,4,1,1,2,2,2,2,2,,2,1,2,2,,,,,,,,,,,2,2,2,1,2,1,1,,,,,,,,2,1,1,2,1,2,,2,1,1,2,1,1,2,2,2,1,,,,3,1,1,2,,,,1,1,3,,1,2,,1,1,1,1,1,2,,,,,2,,,,,,,,,2,2,,,,,,,,2,,,,,,2,1,1,,,,,,,,,,,,,,1,,1,1,,1,,1,4,1,1,2,1,1,2,1,,2,1,1,,1,1,1,1,1,2,2,1,,,,,,,,,,1,1,,,,,,,,,,,,,,
2024,Ghana,GHA,Sub-Saharan Africa (excluding high income),21563813,172451164,0.363446852,2,34,3,4,1,1,1,1,1,1,1,1,1,4,4,4,0,2,1,1,2,1,1,2,3,,2,1,1,2,,,,,,,,,,,2,1,1,1,1,2,,,,,,,,,2,1,1,4,2,1,,1,2,,1,1,1,2,2,2,2,,,,4,2,2,2,,,,2,2,,4,2,2,,1,1,1,1,2,1,2,2,,1,1,1,1,2,,,1,2,,2,2,,,,,,,,2,,,,,,4,1,1,,,,,,,,,,,,,,1,,1,1,,1,,1,2,2,,2,1,2,2,1,,1,1,2,,1,1,1,1,1,2,1,2,,,,,,,,,,1,2,,,,,,,,,,,,,,
2024,Ghana,GHA,Sub-Saharan Africa (excluding high income),21563813,172562489,0.292104789,1,31,2,3,2,1,0,1,1,1,1,1,4,4,4,4,1,2,1,1,2,,,,,,,,,,,,,,,,,,,2,1,2,1,1,2,2,,,,,,,,,2,2,2,,,,1,2,1,2,2,2,2,,1,2,1,,,1,7,,4,2,,,,2,1,2,,2,2,,1,1,2,,2,1,2,2,,1,2,,,,,,,,,2,2,,,,,,,,2,,,,,,3,1,1,,,,,,,,,,,,,,1,,1,1,,1,,1,1,2,,2,2,,2,1,,1,1,1,,1,1,1,2,2,2,1,1,,,,,,,,,,1,2,,,,,,,,,,,,,,
2024,Ghana,GHA,Sub-Saharan Africa (excluding high income),21563813,172562899,0.859613074,1,35,1,5,1,1,1,1,1,1,1,1,4,4,4,2,0,1,1,1,2,2,2,2,3,,1,1,1,2,,,,,,,,,,,2,3,3,1,1,2,,,,,,,,,1,1,1,1,2,2,,1,1,1,1,2,1,1,2,1,1,,,,1,1,3,2,,,,1,2,,6,2,2,,1,1,1,1,2,1,1,2,,,2,,,,,,,,,2,2,,,,,,,,1,2,2,1,,2,5,1,1,,,,,,,,,,,,,,2,2,1,1,,1,,2,1,1,2,2,1,1,1,2,1,1,1,2,,1,1,1,2,2,2,2,2,1,2,2,2,2,2,2,2,1,1,1,,,,,,,,,,,,,,
2024,Ghana,GHA,Sub-Saharan Africa (excluding high income),21563813,172577960,0.330997484,1,23,2,3,2,1,0,1,1,1,1,0,4,4,4,4,0,2,1,1,2,,,,,,,,,,,,,,,,,,,1,2,2,1,2,1,2,,,,,,,,,2,2,2,,,,2,2,1,1,2,1,1,,2,2,1,,,,7,,5,2,,,,2,2,,1,2,2,,2,,1,1,2,1,2,2,,1,2,,,,,,,,,2,2,,,,,,,,2,,,,,,4,0,1,,,,,,,,,,,,,,2,2,2,1,,1,,1,2,2,,2,1,2,2,2,2,,,,,,,,,,,,,1,2,2,2,2,2,2,2,1,2,,1,2,1,2,2,2,2,2,1,2,1,2,,
2024,Ghana,GHA,Sub-Saharan Africa (excluding high income),21563813,172709259,0.764735442,2,28,1,3,1,1,0,1,1,1,1,1,2,2,4,2,0,4,1,1,2,,,,,,,,,,,,,,,,,,,1,1,2,1,1,1,1,1,,,,,,,,2,1,2,3,3,2,,2,2,,2,2,1,,2,2,1,,,,5,1,1,1,1,2,2,2,2,,4,2,2,,1,1,1,1,2,2,,,,,1,2,2,2,1,,,,,1,2,2,2,1,,,,,1,2,2,1,,2,1,0,1,,,,,,,,,,,,,,2,2,1,1,,2,,,1,2,,2,2,,2,2,2,,,,,,,,,,,,,1,2,2,1,2,2,2,1,1,1,2,,,,,,,,,,,,,,
2024,Ghana,GHA,Sub-Saharan Africa (excluding high income),21563813,172801656,0.86976618,1,25,1,3,2,2,0,1,1,1,1,0,4,4,4,4,0,4,1,1,2,,,,,,,,,,,,,,,,,,,2,3,2,2,2,2,1,2,,,,,,,,2,2,2,,,,2,2,1,2,2,2,1,,1,2,1,,,,7,,2,2,,,,2,2,,4,2,2,,2,,1,1,2,2,,,,,2,,,,,,,,,2,2,,,,,,,,2,,,,,,4,0,1,,,,,,,,,,,,,,2,2,1,1,,2,,,2,2,,2,2,,2,2,2,,,,,,,,,,,,,1,1,2,1,2,2,2,2,1,1,3,,,,,,,,,,,,,,
2024,Ghana,GHA,Sub-Saharan Africa (excluding high income),21563813,172882660,0.346808186,1,28,3,5,1,2,1,1,1,1,1,1,1,4,4,4,0,4,1,1,1,1,2,2,3,,1,1,1,2,,,,,,,,,,,3,3,3,1,2,1,2,,,,,,,,1,2,2,3,2,1,,2,2,,2,2,1,,2,2,2,,,,5,1,3,2,,,,2,2,,3,2,1,2,2,,1,1,2,2,,,,,1,2,1,2,,,2,2,,2,2,,,,,,,,2,,,,,,1,1,2,2,2,2,2,2,2,2,,2,,,,2,,,,,,,,,,,,,,,,2,1,1,1,3,,2,2,1,2,2,2,1,2,,,,,,,,,,1,2,,,,,,,,,,,,,,
2024,Ghana,GHA,Sub-Saharan Africa (excluding high income),21563813,172928731,0.970548111,2,47,2,2,1,1,1,0,1,0,0,0,4,4,4,4,0,4,2,0,2,2,2,2,3,,1,2,2,2,,,,,,,,,,,,,,,,,,1,1,2,1,2,1,2,2,,2,,,,2,2,2,,2,,2,,2,2,2,,,2,1,3,3,2,,,,2,2,,4,2,2,,1,2,1,2,2,2,,,,,2,,,,,,,,,2,2,,,,,,,,2,,,,,,2,0,4,2,2,1,2,2,2,2,3,2,,,,2,,,,,,,,,,,,,,,,2,2,,,,,,,,,,,,,,,,,,,,,,1,2,,,,,,,,,,,,,,
2024,Ghana,GHA,Sub-Saharan Africa (excluding high income),21563813,172935292,0.455007132,2,32,3,1,1,2,1,1,1,1,0,1,1,4,4,4,0,4,1,1,1,1,1,3,3,1,1,1,1,2,,,,,,,,,,,2,1,2,1,1,1,1,,,,,,,,1,1,2,2,1,1,,2,2,,2,2,2,,2,2,2,,,2,1,3,4,2,,,,1,2,,4,2,2,,2,,1,1,1,2,,,,,1,2,2,1,,,2,2,,2,2,,,,,,,,2,,,,,,4,1,1,,,,,,,,,,,,,,1,,1,1,,1,,1,1,1,1,2,1,2,2,1,,1,1,2,,1,1,1,1,1,2,1,1,,,,,,,,,,1,2,,,,,,,,,,,,,,
2024,Ghana,GHA,Sub-Saharan Africa (excluding high income),21563813,172968180,1.091645447,2,24,2,4,1,2,1,1,1,1,0,1,1,4,4,4,1,4,1,1,2,1,1,2,2,,1,1,1,2,,,,,,,,,,,3,1,1,1,2,2,,,,,,,,,2,1,2,3,1,1,,1,2,,2,2,2,,2,2,2,,,2,1,2,1,2,,,,1,1,1,,1,1,3,1,1,1,1,1,2,,,,,1,1,1,2,,,2,2,,2,2,,,,,,,,2,,,,,,3,1,1,,,,,,,,,,,,,,1,,1,1,,1,,1,1,1,1,2,2,,2,1,,1,1,1,,1,1,1,1,1,2,1,2,,,,,,,,,,1,1,,,,,,,,,,,,,,
2024,Ghana,GHA,Sub-Saharan Africa (excluding high income),21563813,172981891,2.209279022,1,40,2,2,1,2,0,1,1,1,1,1,1,4,4,2,0,4,1,1,2,,,,,,,,,,,,,,,,,,,1,2,2,3,1,1,1,1,,,,,,,,2,1,1,1,1,2,,2,2,,2,1,1,2,2,2,1,,,,5,1,1,2,,,,2,2,,4,2,2,,1,1,1,1,2,2,,,,,1,2,2,1,,,2,2,,2,2,,,,,,,,1,2,2,1,,2,4,0,1,,,,,,,,,,,,,,2,2,1,2,,1,,1,1,2,,2,1,2,2,2,2,,,,,,,,,,,,,1,1,2,2,2,2,2,2,1,1,2,,,,,,,,,,,,,,
2024,Ghana,GHA,Sub-Saharan Africa (excluding high income),21563813,173062675,1.73556111,1,17,1,1,2,1,0,0,0,0,1,1,4,4,4,4,0,4,1,0,2,,,,,,,,,,,,,,,,,,,,,,,,,,,,,,,,,,2,1,2,4,1,2,,2,2,,2,2,1,,2,2,1,,,,5,1,4,2,,,,1,1,2,,2,2,,2,,1,1,2,2,,,,,2,,,,,,,,,2,2,,,,,,,,2,,,,,,3,1,1,,,,,,,,,,,,,,1,,1,1,,1,,1,1,2,,1,2,,1,1,,2,1,2,,1,1,1,2,1,2,2,1,,,,,,,,,,1,1,,,,,,,,,,,,,,
2024,Ghana,GHA,Sub-Saharan Africa (excluding high income),21563813,173192204,0.292104789,2,25,1,3,1,1,0,0,0,0,1,1,2,4,4,4,0,2,3,0,2,,,,,,,,,,,,,,,,,,,,,,,,,,,2,2,1,2,2,2,2,2,,2,,,,1,2,2,,2,,1,,2,2,2,,,,2,2,2,2,,,,,,,,,,,2,,2,,2,1,2,2,,1,1,2,2,2,1,,,,,2,2,,,,,,,,2,,,,,,2,0,1,,,,,,,,,,,,,,1,,2,1,,1,,1,4,1,1,2,2,,2,2,2,,,,,1,1,1,2,2,2,2,2,,,,,,,,,,2,,1,2,2,1,2,2,2,1,1,2,2,2,,
2024,Ghana,GHA,Sub-Saharan Africa (excluding high income),21563813,173495976,1.516201992,1,21,2,3,1,1,0,1,1,1,1,1,1,3,4,4,0,4,1,1,2,,,,,,,,,,,,,,,,,,,2,2,1,2,1,1,2,,,,,,,,,2,1,2,3,2,2,,2,1,1,2,1,1,,2,2,1,,,,2,1,3,2,,,,2,2,,4,1,1,2,2,,1,1,2,2,,,,,1,2,2,1,,,2,2,,1,2,2,2,2,2,,,,2,,,,,,5,1,1,,,,,,,,,,,,,,1,,1,1,,1,,1,4,1,1,2,1,2,1,1,,1,1,1,,1,1,1,1,1,1,1,2,,,,,,,,,,1,2,,,,,,,,,,,,,,
2024,Ghana,GHA,Sub-Saharan Africa (excluding high income),21563813,173586862,1.593373462,1,40,1,2,2,1,0,1,1,1,1,0,4,4,4,4,0,4,3,1,2,,,,,,,,,,,,,,,,,,,1,3,4,3,2,2,2,,,,,,,,,2,2,2,,,,2,2,2,,2,2,2,,2,2,1,,,2,2,1,4,1,2,2,2,2,2,,4,2,2,,2,,2,,2,2,,,,,2,,,,,,,,,2,2,,,,,,,,2,,,,,,4,0,1,,,,,,,,,,,,,,2,2,1,1,,2,,,2,2,,2,1,2,2,2,2,,,,,,,,,,,,,2,8,2,2,2,2,2,2,,2,,2,2,2,2,2,2,2,2,2,2,2,2,,
2024,Ghana,GHA,Sub-Saharan Africa (excluding high income),21563813,173643103,2.612739012,1,45,1,1,1,1,0,0,0,0,1,1,2,4,4,2,0,4,3,0,2,,,,,,,,,,,,,,,,,,,,,,,,,,,,,,,,,,2,2,2,,,,1,2,2,,2,2,1,,1,2,1,,,,2,1,2,2,,,,2,2,,3,2,2,,2,,2,,2,2,,,,,1,2,2,2,1,,,,,2,2,,,,,,,,1,2,2,1,,2,3,0,1,,,,,,,,,,,,,,2,2,1,2,,2,,,2,2,,2,2,,2,2,2,,,,,,,,,,,,,1,2,2,1,2,2,2,1,1,1,2,,,,,,,,,,,,,,
2024,Ghana,GHA,Sub-Saharan Africa (excluding high income),21563813,173750893,1.528335759,1,25,1,1,2,2,0,0,0,0,0,1,4,4,4,4,0,4,2,0,2,,,,,,,,,,,,,,,,,,,,,,,,,,,1,2,2,1,2,2,2,2,,2,,,,1,2,2,,2,,2,,2,2,2,,,2,3,1,3,1,1,1,,,,,,,,,1,2,1,2,2,2,,,,,2,,,,,,,,,2,2,,,,,,,,2,,,,,,2,0,1,,,,,,,,,,,,,,2,2,1,1,,2,,,2,2,,2,1,2,2,2,2,,,,,,,,,,,,,1,2,2,1,2,2,2,1,4,1,2,,,,,,,,,,,,,,
2024,Ghana,GHA,Sub-Saharan Africa (excluding high income),21563813,174022231,1.324674821,1,34,1,1,1,1,0,0,0,0,0,0,4,4,4,4,0,4,3,0,2,,,,,,,,,,,,,,,,,,,,,,,,,,,1,2,2,1,2,1,2,2,,2,,,,2,2,2,,2,,2,,2,2,2,,,2,6,1,5,2,,,,,,,,,,,2,,2,,2,2,,,,,2,,,,,,,,,2,2,,,,,,,,2,,,,,,6,0,2,1,2,1,1,2,2,2,1,2,,,,1,,,,,,,,,,,,,,,,2,2,,,,,,,,,,,,,,,,,,,,,,1,2,,,,,,,,,,,,,,
2024,Ghana,GHA,Sub-Saharan Africa (excluding high income),21563813,174277870,0.72668454,2,20,2,3,1,2,1,1,1,1,0,1,4,4,4,4,1,1,2,1,1,2,2,4,4,2,1,1,2,2,,,,,,,,,,,3,2,2,2,2,2,,,,,,,,,2,2,2,,,,1,1,2,,2,2,2,,2,2,2,,,2,2,3,1,2,,,,2,1,3,,1,2,,1,2,2,,2,1,2,1,,,2,,,,,,,,,2,2,,,,,,,,2,,,,,,2,1,1,,,,,,,,,,,,,,1,,1,1,,1,,1,1,1,1,1,1,1,1,1,,1,1,1,,1,1,1,2,2,2,2,1,,,,,,,,,,1,2,,,,,,,,,,,,,,
2024,Ghana,GHA,Sub-Saharan Africa (excluding high income),21563813,174702411,1.079841732,2,24,2,1,1,2,0,1,1,1,0,1,4,3,4,4,0,4,3,1,2,,,,,,,,,,,,,,,,,,,1,2,2,1,1,1,2,,,,,,,,,1,1,2,2,1,2,,2,1,1,2,2,2,,2,2,2,,,2,2,1,3,2,,,,2,2,,4,2,2,,2,,2,,2,2,,,,,2,,,,,,,,,1,2,2,2,2,2,,,,2,,,,,,1,1,1,,,,,,,,,,,,,,1,,1,1,,1,,1,1,1,1,2,1,2,2,1,,1,1,1,,1,1,1,2,1,1,2,1,,,,,,,,,,1,2,,,,,,,,,,,,,,
2024,Ghana,GHA,Sub-Saharan Africa (excluding high income),21563813,174766957,0.819374768,2,16,2,4,2,2,0,0,0,0,0,0,4,4,4,4,0,4,3,0,2,,,,,,,,,,,,,,,,,,,,,,,,,,,2,2,1,1,2,2,2,2,,2,,,,2,2,2,,2,,2,,2,2,2,,,2,2,4,1,2,,,,,,,,,,,2,,2,,2,2,,,,,2,,,,,,,,,2,2,,,,,,,,2,,,,,,5,1,2,2,2,2,2,1,2,2,5,1,1,2,1,,,,,,,,,,,,,,,,,1,,4,1,4,,2,2,1,2,1,2,2,2,,,,,,,,,,2,,2,1,2,2,2,2,2,2,2,2,2,2,,
2024,Ghana,GHA,Sub-Saharan Africa (excluding high income),21563813,175044180,1.165012725,1,44,2,3,1,2,1,1,1,1,1,1,4,4,4,4,0,2,1,1,2,1,2,3,3,1,2,1,2,2,,,,,,,,,,,1,1,1,1,2,2,,,,,,,,,2,1,1,1,1,2,,2,2,,1,2,2,1,2,1,1,,,,1,3,2,2,,,,2,2,,4,2,2,,1,1,1,1,1,1,2,2,,1,2,,,,,,,,,2,2,,,,,,,,2,,,,,,4,1,1,,,,,,,,,,,,,,1,,1,1,,1,,1,1,1,1,2,2,,1,1,,1,1,2,,1,1,1,2,2,2,2,2,,,,,,,,,,1,2,,,,,,,,,,,,,,
2024,Ghana,GHA,Sub-Saharan Africa (excluding high income),21563813,175063718,1.394605694,2,19,2,2,1,1,1,1,1,1,1,1,1,4,4,4,0,4,1,1,2,2,2,4,4,2,2,2,2,2,,,,,,,,,,,3,3,3,1,2,2,,,,,,,,,2,2,2,,,,1,2,2,,2,1,2,,2,2,2,,,,2,1,4,2,,,,2,2,,4,2,2,,2,,1,1,2,2,,,,,1,2,2,1,,,1,1,,2,2,,,,,,,,2,,,,,,4,1,1,,,,,,,,,,,,,,1,,1,1,,1,,1,2,1,1,2,2,,2,1,,1,1,1,,1,1,1,1,2,2,2,2,,,,,,,,,,1,2,,,,,,,,,,,,,,
2024,Ghana,GHA,Sub-Saharan Africa (excluding high income),21563813,175118584,0.929047108,1,20,2,3,2,1,0,1,1,1,1,1,4,4,4,2,0,4,1,1,2,,,,,,,,,,,,,,,,,,,1,2,2,1,2,1,2,,,,,,,,,2,1,2,2,2,2,,2,1,1,2,2,2,,2,2,2,,,1,2,2,4,2,,,,2,2,,4,2,2,,2,,1,1,2,2,,,,,2,,,,,,,,,2,2,,,,,,,,1,2,2,1,,2,4,1,1,,,,,,,,,,,,,,1,,1,1,,2,,,2,1,2,2,2,,2,1,,2,1,2,,1,1,1,2,2,2,2,2,,,,,,,,,,1,2,,,,,,,,,,,,,,
2024,Ghana,GHA,Sub-Saharan Africa (excluding high income),21563813,175258324,1.72555863,2,69,2,3,1,2,1,0,1,0,1,1,1,1,1,1,0,1,1,1,1,2,1,2,1,,2,1,1,2,,,,,,,,,,,,,,,,,,,,,,,,,2,1,1,1,2,1,,2,2,,1,2,2,2,2,2,2,,,,4,3,2,1,1,1,2,2,2,,4,2,2,,1,1,2,,2,1,1,2,,,1,1,1,2,,,2,1,,1,1,1,2,,,1,2,,1,1,2,,,2,3,0,1,,,,,,,,,,,,,,2,2,1,1,,1,,1,1,2,,2,1,2,2,2,2,,,,,,,,,,,,,2,2,2,2,2,2,2,2,,1,2,,,,,,,,,,,,,,
2024,Ghana,GHA,Sub-Saharan Africa (excluding high income),21563813,175283609,1.105459948,2,36,2,5,1,2,1,1,1,1,1,1,4,4,4,4,1,2,1,1,2,1,2,3,1,,1,1,2,2,,,,,,,,,,,1,1,1,1,2,2,,,,,,,,,1,1,2,2,1,2,,2,2,,2,2,1,,2,2,2,,,,1,3,3,2,,,,2,1,2,,2,2,,1,1,1,1,1,1,2,2,,1,2,,,,,,,,,2,2,,,,,,,,2,,,,,,4,0,1,,,,,,,,,,,,,,2,2,1,1,,1,,1,1,2,,2,2,,2,2,2,,,,,,,,,,,,,2,2,2,2,2,2,2,1,8,1,2,,,,,,,,,,,,,,
2024,Ghana,GHA,Sub-Saharan Africa (excluding high income),21563813,175348715,2.171796802,1,18,2,5,2,1,0,1,1,1,0,1,4,3,4,4,0,4,3,1,2,,,,,,,,,,,,,,,,,,,2,4,4,3,2,1,2,,,,,,,,,2,1,2,3,2,2,,2,2,,2,2,2,,2,2,2,,,2,2,1,1,2,,,,2,2,,2,2,2,,2,,2,,1,2,,,,,2,,,,,,,,,1,2,2,2,2,2,,,,2,,,,,,3,1,1,,,,,,,,,,,,,,1,,1,1,,1,,1,1,1,2,2,2,,2,2,1,4,1,2,,1,1,2,1,2,2,2,2,,,,,,,,,,1,2,,,,,,,,,,,,,,
2024,Ghana,GHA,Sub-Saharan Africa (excluding high income),21563813,175408419,2.230994833,1,65,1,1,2,1,1,1,1,1,1,1,4,4,4,2,0,2,2,1,2,1,2,2,2,,2,2,2,1,,,,,,,,,,,2,2,4,2,2,2,,,,,,,,,1,2,2,2,1,2,,2,2,,1,2,2,,2,2,2,1,1,,1,3,2,2,,,,2,2,,4,2,2,,2,,1,2,2,1,2,2,,1,2,,,,,,,,,2,2,,,,,,,,1,2,2,1,,2,2,0,1,,,,,,,,,,,,,,2,2,1,1,,2,,,2,2,,2,2,,2,2,2,,,,,,,,,,,,,1,2,2,2,2,2,2,2,1,1,2,,,,,,,,,,,,,,
2024,Ghana,GHA,Sub-Saharan Africa (excluding high income),21563813,175598091,0.419040629,2,26,2,2,2,1,0,1,1,1,1,1,4,4,4,4,0,4,3,1,2,,,,,,,,,,,,,,,,,,,1,3,3,3,1,2,2,,,,,,,,,2,1,2,3,2,2,,2,1,2,2,2,1,,2,2,2,,,,2,2,3,2,,,,2,2,,4,2,2,,2,,2,,2,2,,,,,2,,,,,,,,,2,2,,,,,,,,2,,,,,,6,1,1,,,,,,,,,,,,,,1,,1,1,,1,,1,4,1,1,2,2,,2,1,,1,1,1,,1,1,1,1,1,2,2,2,,,,,,,,,,1,2,,,,,,,,,,,,,,
2024,Ghana,GHA,Sub-Saharan Africa (excluding high income),21563813,175752795,1.431410641,1,18,2,5,2,1,0,1,1,1,1,1,4,4,4,4,0,4,1,1,2,,,,,,,,,,,,,,,,,,,2,3,4,3,1,2,2,,,,,,,,,2,1,2,3,2,2,,2,2,,2,2,1,,2,2,2,,,,2,1,3,2,,,,2,2,,3,2,2,,1,2,1,1,2,2,,,,,2,,,,,,,,,2,2,,,,,,,,2,,,,,,4,1,1,,,,,,,,,,,,,,1,,1,1,,1,,1,4,1,1,2,2,,2,2,1,1,1,1,,1,1,1,2,2,2,2,2,,,,,,,,,,1,2,,,,,,,,,,,,,,
2024,Ghana,GHA,Sub-Saharan Africa (excluding high income),21563813,175795126,0.411026042,1,26,3,4,2,1,1,1,1,1,1,1,4,4,4,4,0,4,1,1,2,2,2,3,3,1,1,1,1,2,,,,,,,,,,,2,2,1,1,2,2,,,,,,,,,2,1,2,3,2,2,,2,2,,2,2,1,,2,2,2,,,,2,2,2,2,,,,2,2,,4,2,2,,2,,1,1,1,2,,,,,2,,,,,,,,,2,2,,,,,,,,2,,,,,,5,1,1,,,,,,,,,,,,,,1,,2,1,,1,,1,4,1,1,2,2,,2,1,,1,1,2,,1,1,1,1,1,2,2,2,,,,,,,,,,1,2,,,,,,,,,,,,,,
2024,Ghana,GHA,Sub-Saharan Africa (excluding high income),21563813,176013019,0.883229945,1,28,2,3,1,2,1,1,1,1,1,1,1,4,4,1,1,4,1,1,2,1,2,2,1,,1,1,1,2,,,,,,,,,,,2,1,1,1,2,2,,,,,,,,,1,1,2,2,2,1,,1,2,,2,2,2,,2,2,1,,,2,1,2,2,2,,,,2,1,3,,2,2,,1,1,1,1,1,2,,,,,1,2,1,2,,,2,2,,2,2,,,,,,,,1,2,1,,,1,1,1,1,,,,,,,,,,,,,,1,,1,1,,1,,1,1,1,1,2,1,2,2,1,,1,1,1,,1,1,1,1,1,2,2,2,,,,,,,,,,1,1,,,,,,,,,,,,,,
2024,Ghana,GHA,Sub-Saharan Africa (excluding high income),21563813,176227096,0.949788264,2,21,2,4,1,2,0,1,1,1,1,1,1,1,4,4,1,1,1,1,2,,,,,,,,,,,,,,,,,,,2,1,1,1,1,1,2,,,,,,,,,2,1,2,3,2,2,,2,1,1,2,1,2,,2,2,2,,,,5,2,2,2,,,,2,2,,1,2,1,1,1,1,1,1,1,1,2,1,,,1,2,2,1,,,2,2,,1,2,2,1,,,1,1,,2,,,,,,4,1,1,,,,,,,,,,,,,,1,,1,1,,1,,1,1,1,1,2,1,2,2,1,,2,1,2,,1,1,1,1,1,2,1,2,,,,,,,,,,1,2,,,,,,,,,,,,,,
2024,Ghana,GHA,Sub-Saharan Africa (excluding high income),21563813,176292694,1.150469687,2,21,1,1,2,1,0,1,1,1,1,1,4,4,4,4,0,4,3,1,2,,,,,,,,,,,,,,,,,,,2,3,3,3,1,1,1,1,,,,,,,,2,1,2,3,1,2,,2,2,,2,1,2,,2,2,2,,,,2,2,2,2,,,,2,2,,4,2,2,,2,,2,,2,2,,,,,2,,,,,,,,,2,2,,,,,,,,2,,,,,,5,0,1,,,,,,,,,,,,,,2,2,1,1,,1,,1,1,2,,2,2,,2,2,2,,,,,,,,,,,,,1,2,2,2,2,2,2,2,1,1,2,,,,,,,,,,,,,,
2024,Ghana,GHA,Sub-Saharan Africa (excluding high income),21563813,176310377,0.818766654,1,15,2,3,2,2,0,0,0,0,1,0,4,4,4,4,0,4,1,0,2,,,,,,,,,,,,,,,,,,,,,,,,,,,2,2,1,1,2,1,2,2,,2,,,,2,2,2,,2,,1,,1,2,1,,,,2,2,5,2,,,,,,,,,,,2,,1,1,2,2,,,,,2,,,,,,,,,2,2,,,,,,,,2,,,,,,2,1,2,1,1,2,2,1,2,1,1,1,1,2,1,,,,,,,,,,,,,,,,,1,,2,1,1,,1,1,2,2,1,2,2,2,,,,,,,,,,2,,2,2,2,1,2,2,2,2,1,1,1,2,,
2024,Ghana,GHA,Sub-Saharan Africa (excluding high income),21563813,176830486,1.554504002,2,43,2,4,1,2,1,1,1,1,1,1,4,4,4,4,1,1,1,1,2,1,2,3,3,1,1,1,1,2,,,,,,,,,,,1,1,1,1,2,1,2,,,,,,,,1,1,1,2,1,1,,1,2,,2,2,1,2,2,2,1,,,,1,3,1,2,,,,1,1,3,,2,2,,1,1,2,,2,1,2,1,,,2,,,,,,,,,2,2,,,,,,,,2,,,,,,3,1,1,,,,,,,,,,,,,,1,,1,1,,1,,1,4,2,,2,2,,2,1,,1,1,2,,1,1,1,1,2,2,2,2,,,,,,,,,,1,2,,,,,,,,,,,,,,
2024,Ghana,GHA,Sub-Saharan Africa (excluding high income),21563813,176835574,0.883116548,1,33,1,4,1,1,1,0,1,0,0,0,4,4,4,4,0,4,2,0,2,2,2,3,4,2,2,2,2,2,,,,,,,,,,,,,,,,,,1,2,2,2,2,2,2,2,,2,,,,2,2,2,,2,,2,,2,2,2,,,2,2,1,1,2,,,,2,2,,3,2,2,,1,2,1,2,2,2,,,,,2,,,,,,,,,2,2,,,,,,,,2,,,,,,5,0,2,1,2,1,1,2,2,2,4,2,,,,2,,,,,,,,,,,,,,,,2,2,,,,,,,,,,,,,,,,,,,,,,1,2,,,,,,,,,,,,,,
2024,Ghana,GHA,Sub-Saharan Africa (excluding high income),21563813,176844498,0.33406434,1,25,2,2,1,1,1,1,1,1,1,1,4,4,4,4,0,4,1,1,2,2,2,1,3,,1,2,2,2,,,,,,,,,,,2,2,2,1,2,2,,,,,,,,,1,1,2,1,2,1,,2,2,,1,2,2,,2,2,2,,,,1,2,4,2,,,,2,2,,4,2,2,,1,2,1,1,1,2,,,,,2,,,,,,,,,2,2,,,,,,,,2,,,,,,1,1,1,,,,,,,,,,,,,,1,,1,1,,1,,2,4,1,2,2,2,,2,1,,1,1,1,,1,2,1,2,2,2,2,2,,,,,,,,,,1,2,,,,,,,,,,,,,,
2024,Ghana,GHA,Sub-Saharan Africa (excluding high income),21563813,176923023,0.85798152,1,19,2,5,2,1,1,1,1,1,1,1,4,4,4,4,1,4,1,1,2,1,1,1,2,,1,1,1,2,,,,,,,,,,,1,1,2,1,1,1,1,,,,,,,,1,1,2,1,1,2,,2,1,1,2,1,1,,2,2,2,,,,2,2,1,2,,,,1,1,1,,1,1,3,2,,1,1,1,2,,,,,2,,,,,,,,,2,2,,,,,,,,2,,,,,,5,1,1,,,,,,,,,,,,,,1,,1,1,,1,,1,4,1,2,1,1,1,1,1,,1,1,1,,1,1,1,1,1,1,2,1,,,,,,,,,,1,2,,,,,,,,,,,,,,
2024,Ghana,GHA,Sub-Saharan Africa (excluding high income),21563813,176972406,1.593373462,1,40,1,3,1,1,0,1,1,1,1,1,4,4,4,2,1,4,1,1,2,,,,,,,,,,,,,,,,,,,1,3,2,1,1,1,2,,,,,,,,,2,2,2,,,,1,2,2,,2,2,1,,2,1,1,,,,3,2,3,2,,,,2,1,3,,2,2,,1,1,1,1,1,2,,,,,2,,,,,,,,,2,2,,,,,,,,1,2,2,1,,2,4,1,1,,,,,,,,,,,,,,1,,1,1,,2,,,2,1,2,2,2,,1,1,,2,1,3,,2,2,1,2,1,2,2,2,,,,,,,,,,1,2,,,,,,,,,,,,,,
2024,Ghana,GHA,Sub-Saharan Africa (excluding high income),21563813,177164436,0.367157909,1,31,3,3,1,1,1,1,1,1,1,1,4,4,4,4,1,4,1,1,1,1,2,2,1,,1,1,1,2,,,,,,,,,,,2,1,1,1,2,1,2,,,,,,,,1,1,2,1,1,2,,2,1,1,2,1,1,,1,1,1,,,,2,2,1,2,,,,2,1,1,,2,1,1,1,1,1,1,1,2,,,,,2,,,,,,,,,2,2,,,,,,,,2,,,,,,4,1,1,,,,,,,,,,,,,,1,,1,1,,1,,1,1,1,1,2,2,,1,1,,1,1,2,,1,1,1,1,1,2,1,1,,,,,,,,,,1,2,,,,,,,,,,,,,,
2024,Ghana,GHA,Sub-Saharan Africa (excluding high income),21563813,177188539,0.764581781,2,40,2,4,2,1,0,0,0,0,0,0,4,4,4,4,0,4,2,0,2,,,,,,,,,,,,,,,,,,,,,,,,,,,2,2,2,2,2,2,1,2,,2,,,,2,2,2,,2,,2,,2,2,2,,,2,7,,4,2,,,,,,,,,,,1,2,2,,2,2,,,,,2,,,,,,,,,2,2,,,,,,,,2,,,,,,4,0,1,,,,,,,,,,,,,,2,2,2,1,,2,,,1,2,,2,2,,2,2,2,,,,,,,,,,,,,2,2,2,2,2,2,2,2,,1,2,,,,,,,,,,,,,,
2024,Ghana,GHA,Sub-Saharan Africa (excluding high income),21563813,177374944,0.54875772,2,42,2,2,1,1,1,1,1,1,1,1,1,4,4,1,1,1,3,1,2,1,2,4,4,1,1,1,1,2,,,,,,,,,,,4,4,4,1,1,2,,,,,,,,,1,1,1,4,1,2,,2,2,,2,1,1,2,1,2,1,,,,2,2,1,1,2,2,1,2,1,5,,2,2,,2,,2,,2,1,1,1,,,1,2,2,1,,,2,1,,2,2,,,,,,,,1,2,1,,,1,1,1,1,,,,,,,,,,,,,,1,,1,1,,1,,1,2,1,1,1,1,2,1,2,1,2,1,3,,1,2,1,1,1,2,2,2,,,,,,,,,,1,4,,,,,,,,,,,,,,
2024,Ghana,GHA,Sub-Saharan Africa (excluding high income),21563813,177457119,0.632697073,2,20,2,2,1,1,1,1,1,1,1,1,1,4,4,1,1,1,1,1,2,,,,,,,,,,,,,,,,,,,2,1,1,6,4,1,2,,,,,,,,,2,1,2,2,2,2,,2,1,1,2,1,1,,2,1,1,,,,1,1,3,2,,,,1,1,2,,1,1,1,1,1,1,1,1,1,2,1,,,1,2,1,1,,,1,1,,2,2,,,,,,,,1,1,1,,,1,7,1,1,,,,,,,,,,,,,,1,,1,1,,1,,1,4,8,,2,1,2,1,1,,1,1,3,,1,1,1,1,1,1,2,2,,,,,,,,,,1,2,,,,,,,,,,,,,,
2024,Ghana,GHA,Sub-Saharan Africa (excluding high income),21563813,177638832,0.949788264,2,18,2,4,1,1,0,0,0,0,1,1,2,4,4,4,0,4,1,0,2,,,,,,,,,,,,,,,,,,,,,,,,,,,2,1,2,3,2,1,1,2,,2,,,,1,2,2,,2,,1,,2,2,1,,,,8,,2,2,,,,,,,,,,,1,1,1,1,1,2,,,,,1,2,2,2,1,,,,,2,2,,,,,,,,2,,,,,,4,0,1,,,,,,,,,,,,,,2,2,2,2,,1,,1,4,2,,1,1,2,2,2,2,,,,,,,,,,,,,2,2,2,2,1,2,2,2,5,2,,2,2,1,1,1,1,2,1,1,1,2,2,,
2024,Ghana,GHA,Sub-Saharan Africa (excluding high income),21563813,177653918,1.165878002,2,40,2,4,1,2,1,1,1,1,1,1,4,4,4,4,1,2,1,1,2,2,1,2,2,,1,1,1,2,,,,,,,,,,,1,1,1,1,2,2,,,,,,,,,1,1,1,2,1,1,,1,2,,1,2,2,2,2,1,2,,,,3,3,1,2,,,,2,1,1,,2,2,,1,1,2,,1,1,2,2,,1,2,,,,,,,,,2,2,,,,,,,,2,,,,,,1,1,1,,,,,,,,,,,,,,1,,1,1,,1,,1,4,1,1,2,1,2,1,1,,1,1,1,,1,1,1,1,1,2,2,2,,,,,,,,,,1,1,,,,,,,,,,,,,,
2024,Ghana,GHA,Sub-Saharan Africa (excluding high income),21563813,177724178,0.905888371,2,40,2,5,1,1,0,1,1,1,1,1,1,4,4,4,0,4,1,1,2,,,,,,,,,,,,,,,,,,,2,3,2,3,2,2,2,,,,,,,,,2,2,1,,,,,2,1,1,2,2,1,2,1,2,1,,,,7,,1,2,,,,2,2,,2,2,2,,2,,1,1,2,2,,,,,1,2,2,1,,,1,2,,2,2,,,,,,,,2,,,,,,4,1,1,,,,,,,,,,,,,,1,,1,2,,1,,1,4,2,,2,2,,2,2,1,4,2,,2,1,1,1,2,2,2,2,2,,,,,,,,,,1,2,,,,,,,,,,,,,,
2024,Ghana,GHA,Sub-Saharan Africa (excluding high income),21563813,177724644,1.329852927,1,40,1,2,2,2,0,1,1,1,1,1,4,4,4,4,0,2,1,1,2,,,,,,,,,,,,,,,,,,,1,2,2,1,1,1,2,,,,,,,,,2,1,2,2,1,2,,2,2,,2,2,1,,2,2,1,,,,2,2,2,2,,,,2,2,,4,2,2,,2,,1,1,1,1,2,2,,1,2,,,,,,,,,2,2,,,,,,,,2,,,,,,3,0,1,,,,,,,,,,,,,,2,2,1,1,,1,,2,2,2,,2,1,2,2,2,2,,,,,,,,,,,,,2,2,2,1,2,2,2,2,4,1,2,,,,,,,,,,,,,,
2024,Ghana,GHA,Sub-Saharan Africa (excluding high income),21563813,177856151,1.228149981,1,16,2,3,2,2,0,0,0,0,0,0,4,4,4,4,0,4,3,0,2,,,,,,,,,,,,,,,,,,,,,,,,,,,2,2,2,1,2,2,2,2,,2,,,,2,2,2,,2,,2,,2,2,2,,,2,2,4,5,2,,,,,,,,,,,2,,2,,2,2,,,,,2,,,,,,,,,2,2,,,,,,,,2,,,,,,5,0,1,,,,,,,,,,,,,,2,2,2,2,,1,,1,4,2,,1,2,,2,2,2,,,,,,,,,,,,,2,2,2,2,1,1,1,2,5,2,,2,1,1,2,2,2,2,2,2,2,2,2,,
2024,Ghana,GHA,Sub-Saharan Africa (excluding high income),21563813,177895227,0.367430604,2,33,3,3,1,1,1,1,1,1,1,1,1,4,4,4,1,1,1,1,2,1,2,2,2,,1,1,1,2,,,,,,,,,,,3,1,1,1,2,2,,,,,,,,,1,1,2,2,1,2,,1,1,1,2,1,1,,2,2,2,,,,4,2,2,2,,,,2,1,2,,1,1,1,1,1,1,1,1,1,2,1,,,1,2,1,1,,,2,2,,2,2,,,,,,,,2,,,,,,4,1,1,,,,,,,,,,,,,,1,,1,1,,1,,1,1,1,1,2,2,,2,1,,1,1,2,,1,1,1,1,1,2,1,1,,,,,,,,,,1,2,,,,,,,,,,,,,,
2024,Ghana,GHA,Sub-Saharan Africa (excluding high income),21563813,177940943,0.814478521,2,40,2,5,1,2,1,1,1,1,1,1,4,4,4,4,0,2,1,1,2,1,2,2,2,,1,1,2,2,,,,,,,,,,,2,2,2,1,1,2,,,,,,,,,1,1,2,2,2,2,,2,2,,2,2,1,,2,2,2,,,,6,2,2,2,,,,2,2,,4,2,2,,2,,1,1,2,1,2,2,,1,2,,,,,,,,,2,2,,,,,,,,2,,,,,,3,1,1,,,,,,,,,,,,,,1,,1,1,,1,,1,1,2,,2,1,2,1,1,,1,1,1,,1,1,2,1,1,2,2,2,,,,,,,,,,1,2,,,,,,,,,,,,,,
2024,Ghana,GHA,Sub-Saharan Africa (excluding high income),21563813,177997789,0.588819963,1,33,2,4,1,2,1,1,1,1,1,1,1,4,4,4,0,2,1,1,1,1,1,2,2,,1,1,1,1,,,,,,,,,,,1,1,1,1,1,2,,,,,,,,,1,1,2,2,1,1,,1,1,1,2,1,1,,1,2,1,2,,,2,2,2,2,,,,2,2,,4,2,2,,1,1,1,1,2,1,2,2,,1,1,2,1,1,,,2,1,,2,2,,,,,,,,2,,,,,,4,1,1,,,,,,,,,,,,,,1,,1,1,,1,,1,1,1,1,2,1,2,1,1,,1,1,1,,1,1,1,1,1,2,2,2,,,,,,,,,,1,1,,,,,,,,,,,,,,
2024,Ghana,GHA,Sub-Saharan Africa (excluding high income),21563813,178043287,2.067491279,2,67,2,1,2,2,0,1,1,1,1,1,4,4,4,4,1,2,3,1,2,,,,,,,,,,,,,,,,,,,1,3,3,3,2,1,2,,,,,,,,,2,1,2,3,1,2,,2,2,,2,2,1,,2,2,2,,,,3,1,4,3,,,,1,1,3,,2,2,,2,,2,,2,1,2,2,,1,2,,,,,,,,,2,2,,,,,,,,2,,,,,,2,0,1,,,,,,,,,,,,,,2,2,1,1,,1,,1,2,2,,2,1,2,2,2,2,,,,,,,,,,,,,1,2,2,2,2,2,2,2,1,1,2,,,,,,,,,,,,,,
2024,Ghana,GHA,Sub-Saharan Africa (excluding high income),21563813,178256485,0.403008946,2,17,2,4,2,2,0,0,0,0,1,0,4,4,4,4,0,4,1,0,2,,,,,,,,,,,,,,,,,,,,,,,,,,,2,2,1,1,2,1,2,2,,2,,,,2,2,2,,2,,1,,1,2,2,,,,2,1,2,2,,,,,,,,,,,2,,1,1,2,2,,,,,2,,,,,,,,,2,2,,,,,,,,2,,,,,,5,1,1,,,,,,,,,,,,,,1,,2,1,,1,,1,1,1,1,1,1,2,2,1,,1,1,2,,1,1,1,1,1,2,1,2,,,,,,,,,,2,,1,2,2,2,2,1,2,3,1,2,2,2,,
2024,Ghana,GHA,Sub-Saharan Africa (excluding high income),21563813,178327805,0.542136253,2,25,2,4,1,1,0,1,1,1,1,1,4,4,4,4,1,2,1,1,2,,,,,,,,,,,,,,,,,,,1,1,1,1,1,1,2,,,,,,,,,2,1,2,2,2,2,,2,2,,2,2,2,,2,2,1,,,2,1,3,4,2,,,,2,1,3,,1,2,,1,1,1,1,1,1,2,2,,1,2,,,,,,,,,2,2,,,,,,,,2,,,,,,3,1,1,,,,,,,,,,,,,,1,,2,1,,1,,1,4,1,1,2,1,2,2,1,,1,1,2,,1,1,1,1,1,1,2,2,,,,,,,,,,1,2,,,,,,,,,,,,,,
2024,Ghana,GHA,Sub-Saharan Africa (excluding high income),21563813,178600507,2.744654748,1,22,1,1,2,1,0,1,1,1,1,1,4,4,4,4,0,4,1,1,2,,,,,,,,,,,,,,,,,,,1,2,1,1,1,2,2,,,,,,,,,2,1,2,3,1,2,,2,2,,2,2,1,,2,2,1,,,,7,,1,2,,,,2,2,,4,2,2,,2,,1,1,2,2,,,,,2,,,,,,,,,2,2,,,,,,,,2,,,,,,2,1,1,,,,,,,,,,,,,,1,,1,1,,1,,1,2,2,,2,2,,2,1,,1,1,2,,1,1,1,2,2,2,2,2,,,,,,,,,,1,2,,,,,,,,,,,,,,
2024,Ghana,GHA,Sub-Saharan Africa (excluding high income),21563813,178624106,1.132091351,1,24,1,4,1,1,0,1,1,1,1,1,2,4,4,4,0,4,1,1,2,,,,,,,,,,,,,,,,,,,1,2,4,2,2,2,2,,,,,,,,,2,2,2,,,,1,2,1,1,2,1,2,,2,2,2,,,,4,1,2,2,,,,2,2,,4,2,2,,2,,1,1,2,2,,,,,1,2,2,2,1,,,,,2,2,,,,,,,,2,,,,,,3,0,1,,,,,,,,,,,,,,2,2,2,1,,1,,2,1,2,,2,2,,2,2,2,,,,,,,,,,,,,1,2,2,2,2,2,1,2,1,2,,1,2,1,1,2,2,2,1,1,2,1,2,,
2024,Ghana,GHA,Sub-Saharan Africa (excluding high income),21563813,178624152,0.293750401,2,38,3,5,1,1,1,1,1,1,1,1,1,1,4,4,1,4,1,1,1,2,1,2,1,,2,1,1,2,,,,,,,,,,,3,3,3,2,2,1,2,,,,,,,,2,2,2,,,,1,2,2,,2,2,2,,2,2,1,,,2,2,2,2,2,,,,2,1,2,,2,2,,1,1,1,1,1,2,,,,,1,1,1,2,,,2,2,,1,2,1,2,,,2,2,,2,,,,,,4,1,1,,,,,,,,,,,,,,1,,1,1,,1,,1,2,2,,2,1,2,1,1,,1,1,2,,1,2,1,1,1,2,2,1,,,,,,,,,,1,2,,,,,,,,,,,,,,
2024,Ghana,GHA,Sub-Saharan Africa (excluding high income),21563813,178709487,1.257121886,2,27,2,1,2,1,0,1,1,1,1,1,4,4,4,4,0,4,3,1,2,,,,,,,,,,,,,,,,,,,1,3,3,3,1,2,2,,,,,,,,,2,1,2,3,2,2,,2,1,2,2,2,1,,2,2,2,,,,2,1,4,2,,,,2,2,,4,2,2,,2,,2,,2,2,,,,,2,,,,,,,,,2,2,,,,,,,,2,,,,,,6,1,1,,,,,,,,,,,,,,1,,1,1,,1,,1,1,1,1,2,2,,2,1,,1,1,2,,1,1,1,2,2,2,2,2,,,,,,,,,,1,2,,,,,,,,,,,,,,
2024,Ghana,GHA,Sub-Saharan Africa (excluding high income),21563813,178719163,1.056295244,2,40,1,2,1,1,0,0,0,0,1,0,4,4,4,2,0,2,2,0,2,,,,,,,,,,,,,,,,,,,,,,,,,,,3,2,1,2,2,2,2,2,,2,,,,2,2,2,,2,,1,,3,2,2,,,,2,2,4,2,,,,,,,,,,,1,2,1,2,2,1,2,2,,1,2,,,,,,,,,2,2,,,,,,,,1,2,2,1,,2,4,0,2,2,1,1,2,2,2,2,3,2,,,,2,,,,,,,,,,,,,,,,2,2,,,,,,,,,,,,,,,,,,,,,,2,,1,2,2,2,1,2,3,3,3,1,3,2,,
2024,Ghana,GHA,Sub-Saharan Africa (excluding high income),21563813,179008937,0.54875772,2,35,2,4,1,1,1,1,1,1,1,1,1,4,4,2,1,4,1,1,1,1,2,4,4,1,4,1,1,2,,,,,,,,,,,4,5,5,4,1,1,2,,,,,,,,1,3,2,4,1,2,,2,2,,2,1,1,,1,2,2,,,,2,1,4,2,,,,2,1,4,,2,1,1,1,1,1,1,2,2,,,,,1,2,1,1,,,2,1,,2,2,,,,,,,,1,2,2,1,,1,5,1,1,,,,,,,,,,,,,,1,,1,1,,1,,1,1,2,,2,1,1,1,1,,1,1,2,,1,1,1,1,1,2,2,1,,,,,,,,,,1,1,,,,,,,,,,,,,,
2024,Ghana,GHA,Sub-Saharan Africa (excluding high income),21563813,179061683,0.448043214,1,30,1,5,1,2,0,1,1,1,0,1,4,4,4,4,1,2,1,1,2,,,,,,,,,,,,,,,,,,,2,3,3,3,1,2,2,,,,,,,,,2,2,2,,,,1,2,2,,2,2,2,,2,2,2,,,2,2,2,2,2,,,,2,1,3,,2,2,,1,1,1,1,1,1,2,2,,1,2,,,,,,,,,2,2,,,,,,,,2,,,,,,4,1,1,,,,,,,,,,,,,,1,,1,4,1,1,,1,4,1,1,2,1,2,1,1,,3,1,4,,2,1,1,2,2,2,2,1,,,,,,,,,,1,2,,,,,,,,,,,,,,
2024,Ghana,GHA,Sub-Saharan Africa (excluding high income),21563813,179146502,0.453301795,1,23,1,1,1,1,1,0,1,1,1,0,4,4,4,4,0,2,1,1,2,1,2,2,3,,2,2,2,2,,,,,,,,,,,,,,,,,,,,,,,,,2,2,2,,,,2,2,2,,2,2,1,,2,2,2,,,,2,1,4,2,,,,2,2,,1,2,2,,2,,1,1,2,1,2,2,,1,2,,,,,,,,,2,2,,,,,,,,2,,,,,,2,0,1,,,,,,,,,,,,,,1,,1,1,,1,,1,2,1,1,2,2,,2,2,2,,,,,1,1,1,2,2,2,2,2,,,,,,,,,,1,1,,,,,,,,,,,,,,
2024,Ghana,GHA,Sub-Saharan Africa (excluding high income),21563813,179191252,1.072646433,2,39,2,1,1,1,0,0,0,0,1,1,4,4,4,4,0,4,2,0,2,,,,,,,,,,,,,,,,,,,,,,,,,,,1,3,2,1,2,1,2,2,,1,,,,,2,2,,2,,1,1,2,2,2,,,,1,3,3,2,,,,,,,,,,,1,2,2,,2,2,,,,,2,,,,,,,,,2,2,,,,,,,,2,,,,,,6,0,2,1,2,1,2,2,2,2,1,2,,,,1,,,,,,,,,,,,,,,,2,2,,,,,,,,,,,,,,,,,,,,,,1,2,,,,,,,,,,,,,,
2024,Ghana,GHA,Sub-Saharan Africa (excluding high income),21563813,179231667,1.202652987,2,58,2,3,1,2,1,1,1,1,1,1,1,4,4,4,1,2,1,1,1,1,2,2,2,,1,1,1,1,,,,,,,,,,,1,1,1,1,2,2,,,,,,,,,1,1,2,1,1,1,,1,2,,1,2,2,,2,1,2,1,1,,1,3,1,1,1,1,2,2,1,3,,2,1,3,1,1,2,,1,1,2,2,,1,1,1,1,2,,,1,2,,2,2,,,,,,,,2,,,,,,1,1,1,,,,,,,,,,,,,,1,,1,1,,1,,1,1,1,1,2,1,2,1,1,,1,1,1,,1,1,1,1,1,2,1,2,,,,,,,,,,1,1,,,,,,,,,,,,,,
2024,Ghana,GHA,Sub-Saharan Africa (excluding high income),21563813,179241784,0.813874041,1,43,2,1,1,1,0,1,1,1,1,1,4,4,4,4,0,4,3,1,2,,,,,,,,,,,,,,,,,,,1,1,2,3,1,2,2,,,,,,,,,2,1,2,1,2,2,,2,2,,2,2,1,,1,1,1,,,,4,1,4,1,1,1,2,2,2,,4,2,2,,2,,2,,2,2,,,,,2,,,,,,,,,2,2,,,,,,,,2,,,,,,4,0,1,,,,,,,,,,,,,,2,2,1,1,,1,,1,2,2,,2,1,2,1,2,2,,,,,,,,,,,,,1,2,1,2,2,2,2,2,1,1,2,,,,,,,,,,,,,,
2024,Ghana,GHA,Sub-Saharan Africa (excluding high income),21563813,179291745,0.596923842,1,29,3,2,1,2,1,1,1,1,1,1,1,4,4,4,0,4,1,1,2,1,2,3,3,1,2,1,1,2,,,,,,,,,,,4,3,3,1,2,2,,,,,,,,,2,2,2,,,,1,2,1,1,2,1,2,,2,2,2,,,,7,,1,2,,,,2,2,,4,2,2,,1,1,1,1,1,2,,,,,1,2,2,1,,,1,1,,2,2,,,,,,,,2,,,,,,4,1,1,,,,,,,,,,,,,,1,,1,1,,1,,1,2,1,1,2,2,,1,1,,1,1,2,,1,1,1,1,1,2,2,1,,,,,,,,,,1,2,,,,,,,,,,,,,,
2024,Ghana,GHA,Sub-Saharan Africa (excluding high income),21563813,179329153,0.52061936,1,30,2,5,1,1,1,1,1,1,0,1,1,4,4,4,0,4,1,1,2,,,,,,,,,,,,,,,,,,,2,2,2,3,1,2,2,,,,,,,,,2,1,2,2,2,1,,2,2,,2,2,2,,2,2,2,,,2,3,2,3,2,,,,2,2,,4,2,2,,1,1,1,1,2,2,,,,,1,2,1,1,,,2,2,,2,2,,,,,,,,2,,,,,,1,1,1,,,,,,,,,,,,,,1,,1,1,,1,,1,2,2,,2,2,,2,1,,1,1,3,,1,1,1,2,2,2,2,2,,,,,,,,,,1,2,,,,,,,,,,,,,,
2024,Ghana,GHA,Sub-Saharan Africa (excluding high income),21563813,179412800,0.993729967,2,19,2,3,2,1,0,1,1,1,1,0,4,4,4,4,0,4,1,1,2,,,,,,,,,,,,,,,,,,,2,3,3,3,2,2,2,,,,,,,,,2,2,2,,,,2,2,1,1,2,1,1,,2,2,1,,,,7,,5,2,,,,2,2,,4,2,2,,2,,1,1,2,2,,,,,2,,,,,,,,,2,2,,,,,,,,2,,,,,,4,0,1,,,,,,,,,,,,,,2,2,2,1,,2,,,2,1,1,2,1,2,2,2,2,,,,,,,,,,,,,1,2,2,2,2,2,2,2,1,2,,2,2,1,2,2,2,2,2,2,2,1,2,,
2024,Ghana,GHA,Sub-Saharan Africa (excluding high income),21563813,179482096,1.246027193,1,22,2,4,1,1,0,1,1,1,1,1,1,4,4,1,1,1,1,1,2,,,,,,,,,,,,,,,,,,,1,1,1,1,1,1,1,2,,,,,,,,2,1,1,2,1,2,,2,1,1,2,1,1,2,1,1,1,,,,3,2,4,2,,,,2,1,3,,2,2,,1,2,1,1,1,1,2,1,,,1,2,2,1,,,2,2,,2,2,,,,,,,,1,2,1,,,2,2,1,1,,,,,,,,,,,,,,1,,1,1,,1,,1,1,1,1,1,1,2,2,1,,1,1,1,,2,1,1,1,1,2,1,1,,,,,,,,,,1,2,,,,,,,,,,,,,,
2024,Ghana,GHA,Sub-Saharan Africa (excluding high income),21563813,179493820,1.007965489,1,38,1,1,2,2,0,1,1,1,1,1,4,4,4,4,0,4,1,1,2,,,,,,,,,,,,,,,,,,,1,3,3,3,2,1,2,,,,,,,,,1,2,2,4,2,2,,2,2,,2,2,1,,1,2,2,,,,2,2,4,2,,,,2,2,,4,2,2,,1,2,1,1,2,2,,,,,2,,,,,,,,,2,2,,,,,,,,2,,,,,,5,1,1,,,,,,,,,,,,,,1,,1,1,,2,,,3,1,2,2,1,2,1,1,,8,1,2,,1,1,1,2,2,2,2,2,,,,,,,,,,1,2,,,,,,,,,,,,,,
2024,Ghana,GHA,Sub-Saharan Africa (excluding high income),21563813,179520518,0.662311557,2,27,1,5,1,2,1,1,1,1,1,1,1,4,4,4,0,2,1,1,2,1,2,2,2,,1,2,1,2,,,,,,,,,,,1,1,1,1,2,2,,,,,,,,,1,1,2,3,1,2,,2,2,,2,2,1,,2,2,2,,,,2,2,3,2,,,,2,2,,4,2,2,,1,1,1,1,2,1,2,2,,1,1,2,1,2,,,2,2,,2,2,,,,,,,,2,,,,,,1,1,1,,,,,,,,,,,,,,1,,1,1,,1,,1,4,1,1,2,2,,2,1,,4,1,4,,2,1,1,1,1,2,2,1,,,,,,,,,,1,2,,,,,,,,,,,,,,
2024,Ghana,GHA,Sub-Saharan Africa (excluding high income),21563813,179551033,0.90521605,1,37,2,5,1,2,1,1,1,1,1,1,4,1,4,4,0,1,1,1,1,1,2,1,1,,1,1,2,2,,,,,,,,,,,2,1,1,1,1,1,1,,,,,,,,2,1,2,1,1,2,,2,2,,1,1,1,,2,2,2,,,,1,2,2,2,,,,2,2,,4,1,2,,1,1,1,1,2,1,2,1,,,2,,,,,,,,,1,2,2,1,,,2,2,,2,,,,,,4,1,1,,,,,,,,,,,,,,1,,1,2,,1,,1,2,1,1,2,1,1,2,1,,1,1,1,,1,1,1,1,1,2,1,2,,,,,,,,,,1,1,,,,,,,,,,,,,,
2024,Ghana,GHA,Sub-Saharan Africa (excluding high income),21563813,179978620,0.703751765,2,29,1,2,1,1,0,1,1,1,1,1,4,4,4,4,0,2,1,1,2,,,,,,,,,,,,,,,,,,,2,3,3,3,1,1,1,2,,,,,,,,2,1,2,3,3,2,,2,1,2,2,1,1,,1,2,2,,,,1,1,2,2,,,,2,2,,4,2,2,,1,1,1,1,2,1,2,2,,1,2,,,,,,,,,2,2,,,,,,,,2,,,,,,4,0,1,,,,,,,,,,,,,,2,2,1,1,,2,,,2,2,,2,1,2,2,2,2,,,,,,,,,,,,,1,1,2,1,2,2,2,2,1,1,1,,,,,,,,,,,,,,
2024,Ghana,GHA,Sub-Saharan Africa (excluding high income),21563813,180080021,0.879437636,2,53,2,1,1,1,0,0,0,0,1,0,4,4,4,2,0,2,1,0,2,,,,,,,,,,,,,,,,,,,,,,,,,,,1,1,2,2,1,2,2,2,,2,,,,2,2,2,,2,,1,,1,2,2,,,,2,1,2,2,,,,,,,,,,,2,,1,1,2,1,2,2,,1,2,,,,,,,,,2,2,,,,,,,,1,2,2,1,,2,4,0,2,1,2,1,2,2,2,1,3,2,,,,1,,,,,,,,,,,,,,,,2,2,,,,,,,,,,,,,,,,,,,,,,1,2,,,,,,,,,,,,,,
2024,Ghana,GHA,Sub-Saharan Africa (excluding high income),21563813,180117839,2.035974891,2,58,1,2,2,1,0,1,1,1,0,1,4,4,4,4,1,4,1,1,2,,,,,,,,,,,,,,,,,,,1,2,2,2,1,2,2,,,,,,,,,2,1,2,2,2,2,,2,2,,2,2,2,,2,2,2,,,2,6,3,4,1,2,1,2,2,1,2,,2,2,,1,1,2,,2,2,,,,,2,,,,,,,,,2,2,,,,,,,,2,,,,,,1,0,1,,,,,,,,,,,,,,2,2,1,1,,2,,,2,2,,2,2,,2,2,2,,,,,,,,,,,,,2,1,2,1,2,2,2,1,8,1,2,,,,,,,,,,,,,,
2024,Ghana,GHA,Sub-Saharan Africa (excluding high income),21563813,180164406,1.023806773,1,28,2,4,1,2,1,1,1,1,1,1,4,4,4,4,1,1,1,1,2,2,2,3,3,2,2,2,2,2,,,,,,,,,,,4,4,4,2,1,1,2,,,,,,,,1,1,2,3,1,2,,1,1,1,2,1,2,,2,2,2,,,,2,2,4,1,1,1,2,1,1,1,,1,1,1,1,1,2,,2,1,2,1,,,2,,,,,,,,,2,2,,,,,,,,2,,,,,,4,1,2,1,1,2,2,2,2,2,1,2,,,,1,,,,,,,,,,,,,,,,1,,1,2,,2,2,1,1,2,1,2,2,2,,,,,,,,,,1,2,,,,,,,,,,,,,,
2024,Ghana,GHA,Sub-Saharan Africa (excluding high income),21563813,180276626,1.577193257,1,40,2,5,2,1,0,0,0,0,0,0,4,4,4,4,0,4,3,0,2,,,,,,,,,,,,,,,,,,,,,,,,,,,2,2,2,1,2,1,1,2,,2,,,,2,2,2,,2,,2,,2,2,2,,,2,2,1,1,2,,,,,,,,,,,2,,2,,2,2,,,,,2,,,,,,,,,2,2,,,,,,,,2,,,,,,2,0,1,,,,,,,,,,,,,,2,2,1,1,,2,,,4,2,,2,2,,2,2,2,,,,,,,,,,,,,2,2,2,2,2,2,2,2,,1,2,,,,,,,,,,,,,,
2024,Ghana,GHA,Sub-Saharan Africa (excluding high income),21563813,180435692,0.686270549,1,28,2,5,1,2,1,1,1,1,1,1,4,4,4,4,0,4,2,1,1,1,1,1,2,,1,1,1,2,,,,,,,,,,,1,1,1,1,1,1,1,,,,,,,,2,1,2,1,2,2,,2,2,,2,2,1,,2,2,2,,,,1,1,2,2,,,,2,2,,2,2,2,,1,2,2,,2,2,,,,,2,,,,,,,,,2,2,,,,,,,,2,,,,,,3,1,1,,,,,,,,,,,,,,1,,1,2,,1,,1,2,1,1,2,2,,2,1,,2,1,1,,1,1,1,2,2,2,2,2,,,,,,,,,,1,2,,,,,,,,,,,,,,
2024,Ghana,GHA,Sub-Saharan Africa (excluding high income),21563813,180698417,0.85798152,1,23,2,3,1,1,1,1,1,1,1,1,4,4,4,4,0,2,1,1,2,2,1,3,3,2,2,2,2,2,,,,,,,,,,,2,1,1,1,2,2,,,,,,,,,2,1,2,3,2,2,,2,2,,2,2,1,,2,2,2,,,,2,3,2,2,,,,2,2,,4,2,2,,2,,1,1,2,1,2,2,,1,2,,,,,,,,,2,2,,,,,,,,2,,,,,,3,1,1,,,,,,,,,,,,,,1,,1,1,,1,,1,1,1,1,2,2,,2,1,,1,1,2,,1,1,1,1,2,2,2,2,,,,,,,,,,1,2,,,,,,,,,,,,,,
2024,Ghana,GHA,Sub-Saharan Africa (excluding high income),21563813,180959766,0.668128681,1,32,2,1,1,1,0,1,1,1,0,1,1,4,4,4,0,4,1,1,2,,,,,,,,,,,,,,,,,,,1,3,3,2,2,2,2,,,,,,,,,2,2,1,,,,,2,2,,2,2,2,2,2,2,2,,,2,2,1,4,2,,,,2,2,,4,2,2,,2,,1,1,2,2,,,,,1,2,2,1,,,1,1,,2,2,,,,,,,,2,,,,,,4,1,1,,,,,,,,,,,,,,1,,1,1,,1,,1,2,1,1,2,2,,2,1,,2,1,2,,1,1,1,1,2,2,2,2,,,,,,,,,,1,2,,,,,,,,,,,,,,
2024,Ghana,GHA,Sub-Saharan Africa (excluding high income),21563813,181105342,1.424682396,2,18,2,1,2,2,0,1,1,1,1,1,4,4,4,4,0,4,2,1,2,,,,,,,,,,,,,,,,,,,2,3,2,3,2,1,2,,,,,,,,,1,1,1,2,2,2,,2,2,,2,2,1,2,2,2,2,,,,2,1,3,2,,,,2,2,,4,2,2,,2,,1,2,2,2,,,,,2,,,,,,,,,2,2,,,,,,,,2,,,,,,5,1,1,,,,,,,,,,,,,,1,,2,2,,1,,1,1,2,,1,1,1,2,1,,2,1,2,,1,1,1,1,1,1,1,1,,,,,,,,,,2,,2,1,1,1,1,1,2,1,1,2,1,1,,
2024,Ghana,GHA,Sub-Saharan Africa (excluding high income),21563813,181272889,1.107193013,1,50,2,5,1,1,1,1,1,1,1,1,1,4,1,1,0,1,1,1,1,1,1,1,2,,1,1,1,1,,,,,,,,,,,1,2,3,1,1,2,,,,,,,,,1,1,2,1,1,1,,1,2,,1,2,2,,2,2,2,1,1,,1,3,4,2,,,,1,2,,4,1,2,,1,1,1,1,1,1,1,2,,,1,2,1,1,,,2,2,,2,1,1,2,,,2,2,,1,1,1,,,1,1,1,1,,,,,,,,,,,,,,1,,1,1,,1,,1,1,1,1,2,1,2,1,1,,1,1,2,,1,1,1,1,1,2,1,2,,,,,,,,,,1,2,,,,,,,,,,,,,,
2024,Ghana,GHA,Sub-Saharan Africa (excluding high income),21563813,181449484,0.949083362,1,21,2,3,1,1,0,1,1,1,1,1,1,4,4,4,1,1,1,1,2,,,,,,,,,,,,,,,,,,,1,6,6,5,1,1,2,,,,,,,,,2,1,2,2,1,2,,1,2,,2,1,1,,2,2,2,,,,3,1,1,2,,,,2,2,,4,1,1,1,1,1,1,1,1,1,2,1,,,1,2,2,1,,,1,4,,2,2,,,,,,,,2,,,,,,3,1,1,,,,,,,,,,,,,,1,,2,1,,1,,1,8,9,,2,1,2,1,1,,1,1,2,,1,1,1,1,1,2,1,1,,,,,,,,,,1,2,,,,,,,,,,,,,,
2024,Ghana,GHA,Sub-Saharan Africa (excluding high income),21563813,181478827,0.686780255,2,25,2,5,2,1,1,1,1,1,1,1,1,4,4,4,1,1,1,1,2,1,1,1,1,,1,1,1,2,,,,,,,,,,,1,1,1,1,1,2,,,,,,,,,1,1,2,1,2,1,,2,1,1,1,1,1,,2,2,1,,,,1,2,4,2,,,,2,1,1,,1,1,1,1,1,1,1,2,1,1,1,,,1,2,1,1,,,1,2,,2,2,,,,,,,,2,,,,,,4,1,1,,,,,,,,,,,,,,1,,1,1,,1,,1,4,1,1,2,1,2,2,1,,1,1,2,,1,1,1,2,2,2,2,1,,,,,,,,,,1,2,,,,,,,,,,,,,,
2024,Ghana,GHA,Sub-Saharan Africa (excluding high income),21563813,181517245,0.858618759,2,18,2,4,2,2,0,0,0,0,0,1,4,4,4,4,0,4,3,0,2,,,,,,,,,,,,,,,,,,,,,,,,,,,,,,,,,,2,1,2,3,2,2,,2,2,,2,2,2,,2,2,2,,,2,2,3,2,2,,,,2,2,,4,2,2,,2,,2,,2,2,,,,,2,,,,,,,,,2,2,,,,,,,,2,,,,,,5,1,1,,,,,,,,,,,,,,1,,2,2,,1,,1,1,1,1,2,2,,2,1,,2,2,,2,1,1,2,2,1,2,2,2,,,,,,,,,,2,,1,2,1,2,2,2,2,2,1,2,2,2,,
2024,Ghana,GHA,Sub-Saharan Africa (excluding high income),21563813,181546187,2.02155957,1,62,1,2,2,1,0,0,0,0,1,0,4,4,4,2,0,4,2,0,2,,,,,,,,,,,,,,,,,,,,,,,,,,,1,2,2,1,1,2,2,2,,2,,,,2,2,2,,2,,1,,1,1,1,,,,7,,1,2,,,,,,,,,,,2,,1,2,2,2,,,,,2,,,,,,,,,2,2,,,,,,,,1,2,2,1,,2,4,0,2,1,2,2,1,2,2,2,1,2,,,,1,,,,,,,,,,,,,,,,2,2,,,,,,,,,,,,,,,,,,,,,,1,2,,,,,,,,,,,,,,
2024,Ghana,GHA,Sub-Saharan Africa (excluding high income),21563813,181785290,1.108015346,2,47,2,3,1,2,1,1,1,1,1,1,4,4,4,4,0,2,2,1,2,2,2,3,3,2,2,1,1,2,,,,,,,,,,,4,4,4,2,2,2,,,,,,,,,2,1,1,1,2,2,,2,2,,2,2,2,2,2,1,1,,,1,3,2,2,1,2,2,2,2,2,,4,2,2,,2,,1,2,1,1,2,2,,1,2,,,,,,,,,2,2,,,,,,,,2,,,,,,3,1,1,,,,,,,,,,,,,,1,,1,1,,1,,1,1,1,2,2,1,2,2,1,,2,1,2,,1,1,1,1,2,2,2,2,,,,,,,,,,1,2,,,,,,,,,,,,,,
2024,Ghana,GHA,Sub-Saharan Africa (excluding high income),21563813,181852543,0.469798065,1,49,2,5,1,1,1,1,1,1,0,1,4,4,4,4,0,1,2,1,2,1,2,2,2,,1,1,1,2,,,,,,,,,,,3,2,1,1,2,1,2,,,,,,,,1,2,2,2,2,1,,2,2,,2,2,2,,2,2,2,,,2,1,1,4,1,2,1,2,1,2,,1,2,2,,1,2,2,,2,1,2,1,,,2,,,,,,,,,2,2,,,,,,,,2,,,,,,1,0,1,,,,,,,,,,,,,,2,2,1,1,,1,,1,2,2,,2,2,,2,2,2,,,,,,,,,,,,,1,2,1,2,2,2,2,2,3,1,2,,,,,,,,,,,,,,
2024,Ghana,GHA,Sub-Saharan Africa (excluding high income),21563813,181962510,0.308739898,2,30,2,5,1,1,1,1,1,1,1,1,1,4,4,4,0,1,1,1,1,1,2,2,1,,1,1,1,2,,,,,,,,,,,1,1,2,2,1,2,,,,,,,,,1,1,2,2,1,2,,2,2,,2,1,1,,2,2,2,,,,2,2,2,2,,,,2,2,,2,1,2,,1,1,1,1,2,1,1,1,,,1,2,1,1,,,1,2,,2,2,,,,,,,,2,,,,,,4,1,1,,,,,,,,,,,,,,1,,1,2,,1,,1,1,2,,2,2,,2,1,,2,1,2,,1,1,1,1,2,1,2,1,,,,,,,,,,1,1,,,,,,,,,,,,,,
2024,Ghana,GHA,Sub-Saharan Africa (excluding high income),21563813,181963752,0.693616372,1,26,2,5,1,2,1,1,1,1,1,0,1,4,4,4,1,1,1,1,1,1,2,2,1,,2,2,1,2,,,,,,,,,,,2,1,1,2,2,2,,,,,,,,,2,2,2,,,,2,2,2,,2,2,1,,1,2,2,,,,2,1,1,2,,,,2,1,2,,1,1,3,1,1,1,1,2,1,2,1,,,1,2,2,1,,,2,1,,2,2,,,,,,,,2,,,,,,3,1,1,,,,,,,,,,,,,,1,,1,1,,1,,1,1,1,1,2,2,,2,1,,1,1,3,,1,1,1,1,1,2,1,1,,,,,,,,,,1,2,,,,,,,,,,,,,,
2024,Ghana,GHA,Sub-Saharan Africa (excluding high income),21563813,182083637,0.598302023,2,27,2,2,1,1,0,0,0,0,1,0,4,4,4,4,0,4,2,0,2,,,,,,,,,,,,,,,,,,,,,,,,,,,1,2,2,2,2,1,2,2,,2,,,,2,2,2,,2,,2,,2,2,1,,,2,2,2,1,2,,,,,,,,,,,1,2,2,,2,2,,,,,2,,,,,,,,,2,2,,,,,,,,2,,,,,,2,0,2,2,2,1,2,2,2,2,3,2,,,,2,,,,,,,,,,,,,,,,2,2,,,,,,,,,,,,,,,,,,,,,,1,2,,,,,,,,,,,,,,
2024,Ghana,GHA,Sub-Saharan Africa (excluding high income),21563813,182159950,0.474894132,2,19,2,1,1,1,0,0,0,0,1,1,4,3,4,4,0,4,2,0,2,,,,,,,,,,,,,,,,,,,,,,,,,,,1,2,1,1,2,2,2,2,,1,,,,,2,2,,2,,1,1,2,2,2,,,,2,3,5,2,,,,,,,,,,,2,,1,2,2,2,,,,,2,,,,,,,,,1,2,2,2,2,2,,,,2,,,,,,5,0,2,1,1,1,2,2,2,2,1,1,1,1,2,,,,,,,,,,,,,,,,,2,2,,,,,,,,,,,,,,,,,,,,,,1,2,,,,,,,,,,,,,,
2024,Ghana,GHA,Sub-Saharan Africa (excluding high income),21563813,182264976,0.429998263,1,35,1,3,1,1,0,0,0,0,1,1,4,4,4,4,0,4,1,0,2,,,,,,,,,,,,,,,,,,,,,,,,,,,,,,,,,,2,1,2,2,2,2,,2,1,1,2,1,1,,1,1,2,,,,7,,4,2,,,,2,1,2,,2,2,,1,1,1,1,1,2,,,,,2,,,,,,,,,2,2,,,,,,,,2,,,,,,2,0,1,,,,,,,,,,,,,,1,,1,1,,1,,1,1,1,1,2,1,2,1,2,2,,,,,1,1,1,2,2,2,2,2,,,,,,,,,,1,1,,,,,,,,,,,,,,
2024,Ghana,GHA,Sub-Saharan Africa (excluding high income),21563813,182467290,0.883885937,2,32,2,4,2,2,0,1,1,1,1,1,4,4,4,4,0,4,1,1,2,,,,,,,,,,,,,,,,,,,2,2,1,1,1,1,2,,,,,,,,,2,1,2,1,2,2,,2,1,1,2,1,1,,2,2,1,,,,5,1,3,2,,,,2,2,,1,2,2,,2,,1,1,2,2,,,,,2,,,,,,,,,2,2,,,,,,,,2,,,,,,4,1,1,,,,,,,,,,,,,,1,,1,1,,1,,1,4,2,,2,1,2,2,1,,1,1,1,,2,1,1,2,1,1,2,1,,,,,,,,,,1,1,,,,,,,,,,,,,,
2024,Ghana,GHA,Sub-Saharan Africa (excluding high income),21563813,182744633,1.080724903,1,80,1,1,1,1,0,0,0,0,1,0,4,4,4,2,0,4,3,0,2,,,,,,,,,,,,,,,,,,,,,,,,,,,2,2,1,1,2,2,2,2,,2,,,,2,2,2,,2,,2,,2,2,1,,,1,5,1,5,1,1,1,,,,,,,,,2,,2,,2,2,,,,,2,,,,,,,,,2,2,,,,,,,,1,2,2,1,,2,2,0,2,1,1,2,1,2,2,2,1,2,,,,2,,,,,,,,,,,,,,,,2,2,,,,,,,,,,,,,,,,,,,,,,2,,2,2,1,2,1,2,2,2,2,3,2,2,,
2024,Ghana,GHA,Sub-Saharan Africa (excluding high income),21563813,182874237,0.883036331,2,30,2,1,1,1,1,1,1,1,1,1,4,4,4,2,0,2,2,1,2,1,2,1,2,,1,2,2,2,,,,,,,,,,,3,3,1,1,1,1,2,,,,,,,,1,2,1,3,2,2,,2,1,1,1,2,2,1,2,1,2,,,,1,1,4,2,,,,1,2,,7,1,2,,2,,1,2,2,1,2,2,,1,2,,,,,,,,,2,2,,,,,,,,1,2,2,1,,2,5,1,1,,,,,,,,,,,,,,1,,1,1,,1,,1,1,2,,1,1,2,1,1,,2,1,2,,2,2,1,1,1,2,2,2,,,,,,,,,,1,1,,,,,,,,,,,,,,
2024,Ghana,GHA,Sub-Saharan Africa (excluding high income),21563813,182932711,2.125183305,1,22,1,1,2,2,0,0,0,0,1,1,4,4,4,4,0,2,3,0,2,,,,,,,,,,,,,,,,,,,,,,,,,,,2,2,2,1,2,1,2,2,,2,,,,1,2,2,,2,,2,,2,2,1,,,2,3,1,3,2,,,,,,,,,,,2,,2,,2,1,2,2,,1,2,,,,,,,,,2,2,,,,,,,,2,,,,,,5,0,2,1,2,2,1,2,2,1,4,2,,,,1,,,,,,,,,,,,,,,,2,2,,,,,,,,,,,,,,,,,,,,,,1,2,,,,,,,,,,,,,,
2024,Ghana,GHA,Sub-Saharan Africa (excluding high income),21563813,183126575,0.915584978,2,35,2,5,1,2,1,1,1,1,0,1,1,4,4,4,1,1,1,1,1,1,1,2,3,,1,2,1,2,,,,,,,,,,,3,3,3,2,2,1,1,,,,,,,,1,2,2,2,1,1,,1,2,,2,2,2,,2,2,2,,,2,1,3,4,2,,,,2,2,,4,2,1,1,1,1,1,1,2,1,2,1,,,1,1,1,2,,,2,2,,2,2,,,,,,,,2,,,,,,3,1,1,,,,,,,,,,,,,,1,,1,1,,1,,1,2,1,1,2,2,,2,1,,1,1,3,,1,1,1,1,1,2,1,2,,,,,,,,,,1,2,,,,,,,,,,,,,,
2024,Ghana,GHA,Sub-Saharan Africa (excluding high income),21563813,183171494,0.869477445,2,34,2,4,1,1,0,1,1,1,1,1,4,4,4,4,1,1,3,1,2,,,,,,,,,,,,,,,,,,,2,1,1,1,1,1,1,1,,,,,,,,2,1,1,1,2,2,,2,1,1,2,1,2,2,1,1,1,,,,5,2,4,2,,,,1,1,1,,1,2,,2,,2,,2,1,2,1,,,2,,,,,,,,,2,2,,,,,,,,2,,,,,,4,1,1,,,,,,,,,,,,,,1,,1,1,,1,,1,4,1,1,2,2,,1,1,,1,1,1,,1,1,1,2,9,1,1,2,,,,,,,,,,1,2,,,,,,,,,,,,,,
2024,Ghana,GHA,Sub-Saharan Africa (excluding high income),21563813,183236186,1.478484925,1,45,1,2,1,2,1,1,1,1,1,1,4,4,4,4,1,2,1,1,2,2,2,2,2,,1,2,2,2,,,,,,,,,,,1,1,2,1,1,2,,,,,,,,,2,2,1,,,,,2,2,,1,2,2,1,2,1,2,,,,2,1,2,2,,,,2,1,1,,2,2,,1,1,2,,2,1,2,2,,1,2,,,,,,,,,2,2,,,,,,,,2,,,,,,2,0,1,,,,,,,,,,,,,,2,2,1,1,,1,,1,1,1,1,2,1,2,2,2,2,,,,,,,,,,,,,1,1,2,2,2,2,2,2,1,1,2,,,,,,,,,,,,,,
2024,Ghana,GHA,Sub-Saharan Africa (excluding high income),21563813,183242617,0.402709846,1,24,2,1,1,1,0,1,1,1,1,1,1,4,4,4,0,4,1,1,2,,,,,,,,,,,,,,,,,,,2,3,3,3,1,1,2,,,,,,,,,2,1,1,3,2,2,,2,1,2,2,2,2,2,2,2,1,,,1,3,1,4,1,2,2,2,2,2,,4,2,2,,1,1,1,1,2,2,,,,,1,2,2,1,,,2,2,,2,2,,,,,,,,2,,,,,,2,0,1,,,,,,,,,,,,,,2,2,1,1,,1,,1,2,2,,2,1,2,2,2,2,,,,,,,,,,,,,1,2,1,2,2,2,2,2,1,1,2,,,,,,,,,,,,,,
2024,Ghana,GHA,Sub-Saharan Africa (excluding high income),21563813,183295275,2.546990186,1,55,1,1,1,2,0,0,0,0,1,1,4,4,4,4,0,2,1,0,2,,,,,,,,,,,,,,,,,,,,,,,,,,,2,1,2,1,2,2,2,2,,1,,,,,2,1,2,1,,1,1,1,1,1,,,,4,1,4,1,1,1,,,,,,,,,1,1,1,1,2,1,2,2,,1,2,,,,,,,,,2,2,,,,,,,,2,,,,,,4,1,2,1,1,2,1,2,2,2,1,2,,,,1,,,,,,,,,,,,,,,,2,1,1,1,4,,2,2,2,2,2,2,2,2,,,,,,,,,,1,2,,,,,,,,,,,,,,
2024,Ghana,GHA,Sub-Saharan Africa (excluding high income),21563813,183341687,1.453605297,1,50,2,3,1,2,1,1,1,1,0,1,1,4,4,4,0,4,1,1,1,1,1,2,2,,1,1,1,2,,,,,,,,,,,3,3,3,2,1,1,2,,,,,,,,1,2,2,2,2,2,,2,2,,2,2,2,,2,2,2,,,2,2,2,3,2,,,,2,2,,4,2,2,,1,1,1,1,2,2,,,,,1,2,1,2,,,1,2,,2,2,,,,,,,,2,,,,,,4,1,1,,,,,,,,,,,,,,1,,1,1,,1,,1,2,1,1,2,2,,2,1,,1,1,2,,1,1,1,1,2,2,2,2,,,,,,,,,,1,2,,,,,,,,,,,,,,
2024,Ghana,GHA,Sub-Saharan Africa (excluding high income),21563813,183419955,0.915584978,2,40,3,5,1,1,1,1,1,1,0,1,1,4,4,4,0,1,1,1,1,2,1,2,3,,1,1,1,2,,,,,,,,,,,2,3,3,2,2,2,,,,,,,,,1,2,2,2,2,1,,1,2,,2,2,2,,2,2,2,,,2,1,3,2,2,,,,2,2,,3,2,2,,2,,1,1,2,1,2,1,,,1,1,1,2,,,2,2,,2,2,,,,,,,,2,,,,,,3,1,1,,,,,,,,,,,,,,1,,1,1,,1,,1,1,1,1,2,2,,2,1,,1,2,,2,1,1,1,1,1,2,1,2,,,,,,,,,,1,2,,,,,,,,,,,,,,
2024,Ghana,GHA,Sub-Saharan Africa (excluding high income),21563813,183553749,1.203594096,2,65,2,5,1,1,1,1,1,1,0,1,4,4,4,2,0,4,1,1,2,1,1,3,3,1,1,1,2,2,,,,,,,,,,,2,3,2,1,2,2,,,,,,,,,1,1,1,2,3,1,,1,2,,2,2,2,2,2,2,2,,,2,1,3,1,2,,,,2,2,,4,2,2,,2,,1,1,2,2,,,,,2,,,,,,,,,2,2,,,,,,,,1,2,2,1,,2,4,0,1,,,,,,,,,,,,,,2,2,1,2,,2,,,2,2,,2,2,,2,2,2,,,,,,,,,,,,,2,2,2,2,2,2,2,1,8,1,3,,,,,,,,,,,,,,
2024,Ghana,GHA,Sub-Saharan Africa (excluding high income),21563813,183600945,1.034662679,1,27,2,1,2,2,0,1,1,1,0,1,4,4,4,4,1,1,1,1,2,,,,,,,,,,,,,,,,,,,1,5,4,3,1,1,2,,,,,,,,,2,2,2,,,,1,2,2,,2,2,2,,2,2,2,,,2,1,1,2,1,1,2,2,1,1,3,,1,1,1,1,1,2,,2,1,2,1,,,2,,,,,,,,,2,2,,,,,,,,2,,,,,,5,1,1,,,,,,,,,,,,,,1,,1,1,,1,,1,1,1,1,2,1,2,2,2,1,1,1,2,,1,1,1,2,2,1,2,2,,,,,,,,,,1,2,,,,,,,,,,,,,,
2024,Ghana,GHA,Sub-Saharan Africa (excluding high income),21563813,183613201,0.689747682,2,32,3,4,1,1,1,1,1,1,1,1,1,1,4,2,1,2,1,1,1,1,1,2,1,,2,1,1,2,,,,,,,,,,,1,1,1,1,2,1,2,,,,,,,,2,1,1,3,1,1,,2,2,,2,2,1,2,2,2,2,,,,3,2,3,2,,,,1,1,3,,1,1,3,1,1,1,1,2,1,2,2,,1,1,1,1,2,,,1,3,,1,2,1,1,,,3,1,,1,2,2,1,,1,3,1,1,,,,,,,,,,,,,,1,,1,1,,1,,1,1,1,1,2,1,2,2,2,1,1,1,1,,1,1,1,1,1,1,1,1,,,,,,,,,,1,2,,,,,,,,,,,,,,
2024,Ghana,GHA,Sub-Saharan Africa (excluding high income),21563813,183661577,0.836804438,1,29,3,4,1,2,1,1,1,1,1,1,4,4,4,4,0,4,1,1,2,1,2,3,3,1,2,1,1,2,,,,,,,,,,,1,2,2,1,1,1,2,,,,,,,,1,1,1,2,1,2,,2,1,1,2,1,1,1,2,1,1,,,,1,2,1,2,,,,1,2,,4,1,2,,1,2,1,1,2,2,,,,,2,,,,,,,,,2,2,,,,,,,,2,,,,,,5,0,1,,,,,,,,,,,,,,2,2,1,1,,1,,2,1,2,,2,2,,2,2,2,,,,,,,,,,,,,1,2,2,2,2,2,2,2,1,1,2,,,,,,,,,,,,,,
2024,Ghana,GHA,Sub-Saharan Africa (excluding high income),21563813,183801546,1.552611401,2,21,2,2,2,2,0,1,1,1,1,1,4,4,4,4,1,1,1,1,2,,,,,,,,,,,,,,,,,,,2,2,1,3,1,1,2,,,,,,,,,2,1,2,3,1,2,,2,1,1,2,1,2,,2,2,2,,,,2,1,1,1,1,2,1,1,1,3,,1,1,1,1,1,1,1,1,1,2,1,,,2,,,,,,,,,2,2,,,,,,,,2,,,,,,5,1,1,,,,,,,,,,,,,,1,,1,1,,1,,1,4,1,2,2,2,,2,1,,1,1,1,,1,1,1,1,1,1,2,1,,,,,,,,,,1,2,,,,,,,,,,,,,,
2024,Ghana,GHA,Sub-Saharan Africa (excluding high income),21563813,183809910,1.594556891,2,40,1,3,2,1,0,1,1,1,1,1,4,4,4,3,1,4,1,1,2,,,,,,,,,,,,,,,,,,,1,3,3,3,1,2,2,,,,,,,,,2,1,2,3,2,2,,2,2,,2,2,1,,2,2,2,,,,1,2,3,1,2,2,2,1,1,3,,2,2,,1,1,1,1,2,2,,,,,2,,,,,,,,,2,2,,,,,,,,1,2,2,2,2,2,6,1,1,,,,,,,,,,,,,,1,,1,1,,1,,1,2,1,1,2,2,,2,1,,1,1,1,,1,2,1,2,2,2,2,2,,,,,,,,,,1,2,,,,,,,,,,,,,,
2024,Ghana,GHA,Sub-Saharan Africa (excluding high income),21563813,184159490,0.881940808,2,35,2,5,1,1,1,1,1,1,1,1,1,4,4,4,0,4,1,1,2,2,2,1,3,,1,1,2,2,,,,,,,,,,,1,3,1,1,2,1,1,,,,,,,,1,1,2,1,1,1,,2,1,1,2,1,2,,2,2,2,,,,1,2,4,1,2,2,2,2,2,,4,2,2,,1,1,1,1,2,2,,,,,1,2,2,1,,,2,2,,2,2,,,,,,,,2,,,,,,1,1,1,,,,,,,,,,,,,,1,,1,1,,1,,1,1,1,1,2,1,1,1,1,,2,1,2,,1,1,1,1,1,2,2,2,,,,,,,,,,1,2,,,,,,,,,,,,,,
2024,Ghana,GHA,Sub-Saharan Africa (excluding high income),21563813,184179248,0.298461921,1,25,3,3,1,2,1,1,1,1,0,1,1,4,4,4,1,2,1,1,1,1,1,2,3,,1,1,1,2,,,,,,,,,,,3,1,3,1,1,1,2,,,,,,,,1,1,2,3,1,1,,1,2,,2,2,2,,2,2,2,,,2,4,2,2,2,,,,1,1,3,,2,2,,1,1,1,1,1,1,2,2,,1,1,1,1,2,,,2,2,,2,2,,,,,,,,2,,,,,,4,1,1,,,,,,,,,,,,,,1,,2,1,,1,,1,4,1,1,2,1,2,2,1,,1,1,1,,1,1,1,1,1,2,2,1,,,,,,,,,,2,,1,2,2,2,1,2,2,2,1,2,2,2,,
2024,Ghana,GHA,Sub-Saharan Africa (excluding high income),21563813,184232577,0.292104789,2,32,2,5,1,1,0,1,1,1,1,1,4,4,4,4,1,2,1,1,2,,,,,,,,,,,,,,,,,,,1,3,1,1,1,1,2,,,,,,,,,2,1,1,3,2,2,,2,1,1,2,1,2,2,2,2,1,,,,5,1,2,1,1,1,2,1,1,1,,1,2,,1,1,1,1,2,1,2,2,,1,2,,,,,,,,,2,2,,,,,,,,2,,,,,,2,1,1,,,,,,,,,,,,,,2,1,1,1,,1,,1,4,1,1,2,1,2,1,2,1,2,1,3,,1,1,1,1,1,2,2,2,2,2,2,2,2,1,2,2,6,1,2,,,,,,,,,,,,,,
2024,Ghana,GHA,Sub-Saharan Africa (excluding high income),21563813,184253372,2.023061021,2,66,1,1,2,1,0,0,0,0,1,1,4,4,4,2,0,2,2,0,2,,,,,,,,,,,,,,,,,,,,,,,,,,,1,2,2,1,2,2,2,2,,2,,,,1,2,2,,2,,1,,2,2,1,,,,8,,4,2,,,,,,,,,,,2,,1,2,2,1,2,2,,1,2,,,,,,,,,2,2,,,,,,,,1,2,2,1,,2,3,0,2,2,2,1,2,2,2,2,3,2,,,,2,,,,,,,,,,,,,,,,2,2,,,,,,,,,,,,,,,,,,,,,,1,2,,,,,,,,,,,,,,
2024,Ghana,GHA,Sub-Saharan Africa (excluding high income),21563813,184414674,1.431410641,1,22,2,4,2,1,0,1,1,1,1,1,4,4,4,4,0,1,2,1,2,,,,,,,,,,,,,,,,,,,2,2,3,3,2,2,1,2,,,,,,,,2,2,1,,,,,2,2,,2,1,1,2,2,2,2,,,,2,1,2,2,,,,2,2,,4,2,2,,2,,1,2,2,1,2,1,,,2,,,,,,,,,2,2,,,,,,,,2,,,,,,5,1,1,,,,,,,,,,,,,,1,,1,1,,1,,1,1,2,,2,2,,1,1,,1,1,1,,1,1,1,1,1,2,2,2,,,,,,,,,,1,2,,,,,,,,,,,,,,
2024,Ghana,GHA,Sub-Saharan Africa (excluding high income),21563813,184580104,1.130777947,2,24,2,2,1,1,0,0,0,0,0,0,4,4,4,4,0,4,3,0,2,,,,,,,,,,,,,,,,,,,,,,,,,,,1,1,2,1,2,2,2,2,,2,,,,2,2,2,,2,,2,,2,2,2,,,2,2,1,5,2,,,,,,,,,,,2,,2,,2,2,,,,,2,,,,,,,,,2,2,,,,,,,,2,,,,,,5,0,2,2,2,2,2,2,2,1,7,2,,,,2,,,,,,,,,,,,,,,,2,2,,,,,,,,,,,,,,,,,,,,,,1,2,,,,,,,,,,,,,,
2024,Ghana,GHA,Sub-Saharan Africa (excluding high income),21563813,184916018,0.831334211,1,18,2,1,2,1,0,0,0,0,0,0,4,4,4,4,0,4,3,0,2,,,,,,,,,,,,,,,,,,,,,,,,,,,1,2,2,2,2,2,2,2,,2,,,,2,2,2,,2,,2,,2,2,2,,,2,2,1,5,2,,,,,,,,,,,2,,2,,2,2,,,,,2,,,,,,,,,2,2,,,,,,,,2,,,,,,5,0,2,1,2,1,2,2,2,2,3,1,2,2,1,,,,,,,,,,,,,,,,,2,2,,,,,,,,,,,,,,,,,,,,,,1,2,,,,,,,,,,,,,,
2024,Ghana,GHA,Sub-Saharan Africa (excluding high income),21563813,185192143,1.165369772,2,19,2,4,2,2,0,1,1,1,0,1,4,4,4,4,0,4,1,1,2,,,,,,,,,,,,,,,,,,,1,3,3,3,1,2,2,,,,,,,,,2,1,2,3,1,2,,2,2,,2,2,2,,2,2,2,,,2,2,1,4,2,,,,2,2,,4,2,2,,2,,1,1,2,2,,,,,2,,,,,,,,,2,2,,,,,,,,2,,,,,,5,0,1,,,,,,,,,,,,,,2,2,1,1,,2,,,1,1,1,2,2,,2,2,2,,,,,,,,,,,,,1,1,2,2,2,2,2,2,1,1,2,,,,,,,,,,,,,,
2024,Ghana,GHA,Sub-Saharan Africa (excluding high income),21563813,185199184,1.959554259,1,50,1,2,2,1,0,0,0,0,0,0,4,4,4,4,0,4,,0,2,,,,,,,,,,,,,,,,,,,,,,,,,,,2,2,2,2,2,2,2,2,,2,,,,2,2,2,,2,,2,,2,2,2,,,2,2,1,4,2,,,,,,,,,,,2,,3,,2,2,,,,,2,,,,,,,,,2,2,,,,,,,,2,,,,,,1,0,2,1,2,2,2,2,2,2,1,2,,,,1,,,,,,,,,,,,,,,,2,2,,,,,,,,,,,,,,,,,,,,,,1,2,,,,,,,,,,,,,,
2024,Ghana,GHA,Sub-Saharan Africa (excluding high income),21563813,185206815,0.367430604,2,28,3,1,1,1,1,1,1,1,1,1,4,4,4,4,0,4,1,1,1,1,1,2,2,,1,1,1,2,,,,,,,,,,,2,2,2,1,1,1,1,,,,,,,,2,1,2,2,1,2,,2,1,1,2,1,1,,2,2,1,,,,1,2,1,2,,,,2,2,,4,1,2,,1,1,1,1,1,2,,,,,2,,,,,,,,,2,2,,,,,,,,2,,,,,,4,1,1,,,,,,,,,,,,,,1,,1,2,,2,,,4,1,1,2,2,,2,1,,1,1,1,,1,1,1,1,1,2,1,1,,,,,,,,,,1,2,,,,,,,,,,,,,,
2024,Ghana,GHA,Sub-Saharan Africa (excluding high income),21563813,185710054,1.321669561,2,49,1,5,1,2,0,1,1,1,0,1,4,4,4,4,0,1,1,1,2,,,,,,,,,,,,,,,,,,,1,2,3,3,1,1,2,,,,,,,,,2,1,1,2,1,1,,1,2,,2,2,2,2,2,2,2,,,2,4,2,2,2,,,,2,2,,4,1,2,,1,1,1,1,2,1,2,1,,,2,,,,,,,,,2,2,,,,,,,,2,,,,,,6,0,1,,,,,,,,,,,,,,2,2,1,1,,1,,1,1,1,1,2,1,2,2,2,2,,,,,,,,,,,,,2,2,2,2,2,2,2,2,,1,2,,,,,,,,,,,,,,
2024,Ghana,GHA,Sub-Saharan Africa (excluding high income),21563813,185846672,0.905888371,2,38,2,1,1,2,1,1,1,1,0,1,1,4,4,4,1,1,1,1,1,2,1,1,2,,1,1,1,2,,,,,,,,,,,1,1,2,2,1,2,,,,,,,,,1,1,2,1,1,1,,2,2,,2,2,2,,2,2,2,,,2,3,3,1,2,,,,2,1,3,,1,2,,1,1,1,1,1,1,2,1,,,1,2,1,1,,,2,2,,2,2,,,,,,,,2,,,,,,3,1,1,,,,,,,,,,,,,,1,,1,1,,1,,1,1,1,1,2,2,,2,1,,1,1,1,,1,1,1,1,2,2,2,2,,,,,,,,,,1,2,,,,,,,,,,,,,,
2024,Ghana,GHA,Sub-Saharan Africa (excluding high income),21563813,185860818,0.904508247,1,40,3,5,1,1,1,1,1,1,1,1,1,4,4,4,1,2,1,1,1,1,1,2,3,,1,1,1,2,,,,,,,,,,,3,1,3,1,2,2,,,,,,,,,1,2,2,3,2,1,,2,2,,1,2,2,,2,2,2,,,,1,3,3,2,,,,2,1,3,,2,2,,1,1,1,1,2,1,2,2,,1,1,1,1,2,,,2,2,,2,2,,,,,,,,2,,,,,,3,1,1,,,,,,,,,,,,,,1,,1,1,,1,,1,4,1,1,2,2,,2,1,,1,1,3,,1,1,1,1,1,2,1,2,,,,,,,,,,1,2,,,,,,,,,,,,,,
2024,Ghana,GHA,Sub-Saharan Africa (excluding high income),21563813,185882195,0.601100641,1,37,1,3,1,1,0,0,0,0,1,1,4,4,4,4,0,2,3,0,2,,,,,,,,,,,,,,,,,,,,,,,,,,,2,2,2,1,2,2,2,2,,2,,,,1,2,2,,2,,1,,1,1,1,,,,2,2,4,2,,,,,,,,,,,2,,2,,2,1,2,2,,1,2,,,,,,,,,2,2,,,,,,,,2,,,,,,5,0,1,,,,,,,,,,,,,,2,2,1,7,2,2,,,2,2,,2,2,,2,2,2,,,,,,,,,,,,,1,2,2,1,2,2,2,2,1,1,2,,,,,,,,,,,,,,
2024,Ghana,GHA,Sub-Saharan Africa (excluding high income),21563813,185883271,2.023061021,2,60,1,2,1,1,0,0,0,0,1,1,2,4,4,2,0,4,2,0,2,,,,,,,,,,,,,,,,,,,,,,,,,,,1,2,2,2,2,1,2,2,,1,,,,,2,2,,2,,1,2,2,2,2,,,,7,,2,2,,,,,,,,,,,2,,1,2,2,2,,,,,1,2,2,2,1,,,,,2,2,,,,,,,,1,2,2,1,,2,4,0,2,2,2,1,1,2,2,2,3,2,,,,1,,,,,,,,,,,,,,,,2,2,,,,,,,,,,,,,,,,,,,,,,1,2,,,,,,,,,,,,,,
2024,Ghana,GHA,Sub-Saharan Africa (excluding high income),21563813,186135426,2.197268139,1,71,1,4,1,2,1,1,1,1,0,1,4,4,4,1,0,4,1,1,2,1,2,3,3,1,1,1,2,2,,,,,,,,,,,3,3,2,1,2,2,,,,,,,,,1,1,2,3,3,2,,2,2,,2,2,2,,2,2,2,,,2,2,3,1,2,,,,2,2,,4,2,2,,2,,1,1,2,2,,,,,2,,,,,,,,,2,2,,,,,,,,1,2,1,,,2,1,0,1,,,,,,,,,,,,,,2,2,8,1,,2,,,2,2,,2,2,,2,2,2,,,,,,,,,,,,,2,2,2,1,2,2,2,1,8,1,3,,,,,,,,,,,,,,
2024,Ghana,GHA,Sub-Saharan Africa (excluding high income),21563813,186384901,0.653669886,2,45,1,5,2,1,1,1,1,1,1,1,4,4,4,1,0,4,3,1,2,,,,,,,,,,,,,,,,,,,1,1,1,1,1,2,2,,,,,,,,,2,1,2,2,2,2,,2,2,,2,2,2,,2,1,2,,,2,1,1,3,1,2,2,2,2,2,,4,2,2,,2,,2,,2,2,,,,,2,,,,,,,,,2,2,,,,,,,,1,1,1,,,2,2,0,1,,,,,,,,,,,,,,2,2,1,1,,2,,,2,2,,2,2,,2,2,2,,,,,,,,,,,,,2,2,2,2,2,2,2,1,8,1,2,,,,,,,,,,,,,,
2024,Ghana,GHA,Sub-Saharan Africa (excluding high income),21563813,186503667,0.883116548,1,28,1,1,1,1,0,0,0,0,0,0,4,4,4,4,0,4,3,0,2,,,,,,,,,,,,,,,,,,,,,,,,,,,1,1,2,1,2,2,2,2,,2,,,,2,2,2,,2,,2,,2,2,2,,,2,2,1,1,2,,,,,,,,,,,2,,2,,2,2,,,,,2,,,,,,,,,2,2,,,,,,,,2,,,,,,2,0,2,1,2,2,1,2,2,2,1,2,,,,2,,,,,,,,,,,,,,,,2,2,,,,,,,,,,,,,,,,,,,,,,1,2,,,,,,,,,,,,,,
2024,Ghana,GHA,Sub-Saharan Africa (excluding high income),21563813,186686636,0.448043214,1,33,2,5,1,2,0,1,1,1,0,1,1,4,4,4,0,4,3,1,2,,,,,,,,,,,,,,,,,,,1,2,3,2,2,1,2,,,,,,,,,2,2,1,,,,,2,2,,2,2,2,2,2,2,2,,,2,1,1,3,2,,,,2,2,,4,2,2,,2,,2,,2,2,,,,,1,2,2,1,,,1,1,,2,2,,,,,,,,2,,,,,,4,1,1,,,,,,,,,,,,,,1,,1,1,,1,,1,2,2,,2,1,2,2,1,,1,1,2,,1,1,1,1,2,2,2,2,,,,,,,,,,1,2,,,,,,,,,,,,,,
2024,Ghana,GHA,Sub-Saharan Africa (excluding high income),21563813,187003360,2.147784635,1,40,1,2,2,1,1,1,1,1,0,1,1,4,4,4,0,4,1,1,2,2,1,2,2,,1,1,1,2,,,,,,,,,,,2,2,2,1,1,1,1,,,,,,,,1,1,2,2,1,2,,2,2,,2,2,2,,2,2,2,,,2,4,3,3,2,,,,2,2,,4,1,2,,1,1,1,2,2,2,,,,,1,2,1,1,,,2,2,,2,2,,,,,,,,2,,,,,,4,1,1,,,,,,,,,,,,,,1,,1,1,,1,,1,4,1,1,2,2,,2,1,,1,1,1,,1,1,1,1,1,2,2,2,,,,,,,,,,1,2,,,,,,,,,,,,,,
2024,Ghana,GHA,Sub-Saharan Africa (excluding high income),21563813,187400059,2.588337945,2,55,2,5,1,2,1,1,1,1,1,1,1,4,4,4,0,4,1,1,2,1,2,2,1,,1,2,1,2,,,,,,,,,,,3,2,1,1,2,2,,,,,,,,,1,1,1,2,2,2,,1,2,,2,2,2,1,2,2,2,,,,1,2,2,2,,,,1,2,,4,2,2,,1,1,1,1,2,2,,,,,1,2,2,1,,,1,2,,2,2,,,,,,,,2,,,,,,1,1,1,,,,,,,,,,,,,,1,,1,1,,1,,1,1,2,,2,2,,2,2,1,4,1,4,,2,2,1,2,2,2,2,2,,,,,,,,,,1,2,,,,,,,,,,,,,,
2024,Ghana,GHA,Sub-Saharan Africa (excluding high income),21563813,187451677,1.149615845,1,22,2,3,2,2,0,1,1,1,0,1,4,4,4,4,0,4,1,1,2,,,,,,,,,,,,,,,,,,,1,3,3,2,1,2,2,,,,,,,,,2,1,2,3,1,2,,2,1,1,2,2,2,,2,2,2,,,2,2,1,4,2,,,,2,2,,4,2,2,,1,1,1,1,2,2,,,,,2,,,,,,,,,2,2,,,,,,,,2,,,,,,4,1,1,,,,,,,,,,,,,,1,,1,1,,1,,1,1,1,1,2,2,,2,1,,1,1,3,,1,1,1,2,2,2,2,2,,,,,,,,,,1,2,,,,,,,,,,,,,,
2024,Ghana,GHA,Sub-Saharan Africa (excluding high income),21563813,187473488,0.883036331,2,25,2,2,1,1,1,1,1,1,1,1,4,4,4,1,0,4,1,1,2,2,2,3,1,,1,1,2,2,,,,,,,,,,,1,3,3,1,1,1,1,,,,,,,,2,1,1,1,2,2,,2,1,1,2,1,2,2,2,2,1,,,,4,1,3,2,,,,1,2,,6,2,2,,1,1,1,1,2,2,,,,,2,,,,,,,,,2,2,,,,,,,,1,2,1,,,1,5,1,1,,,,,,,,,,,,,,1,,1,1,,1,,1,8,1,1,1,1,1,1,1,,1,1,1,,1,1,1,1,2,2,1,2,,,,,,,,,,1,1,,,,,,,,,,,,,,
2024,Ghana,GHA,Sub-Saharan Africa (excluding high income),21563813,187483087,0.544608913,1,16,2,3,1,2,0,0,0,0,0,1,4,4,4,4,0,4,3,0,2,,,,,,,,,,,,,,,,,,,,,,,,,,,2,1,1,1,2,2,2,2,,2,,,,1,2,2,,2,,2,,2,2,2,,,2,2,1,2,2,,,,,,,,,,,2,,2,,2,2,,,,,2,,,,,,,,,2,2,,,,,,,,2,,,,,,5,0,2,1,1,2,2,1,1,2,5,2,,,,1,,,,,,,,,,,,,,,,2,2,,,,,,,,,,,,,,,,,,,,,,2,,2,2,1,2,2,2,2,2,2,2,2,2,,
2024,Ghana,GHA,Sub-Saharan Africa (excluding high income),21563813,187555879,0.824162403,2,71,1,2,1,1,0,1,1,1,1,1,4,4,4,1,0,2,3,1,2,,,,,,,,,,,,,,,,,,,1,2,1,1,1,2,1,1,,,,,,,,2,1,2,2,1,1,,2,2,,2,2,1,,1,2,1,,,,5,3,2,2,,,,1,2,,5,2,2,,2,,2,,2,1,2,2,,1,2,,,,,,,,,2,2,,,,,,,,1,2,1,,,2,1,0,1,,,,,,,,,,,,,,2,2,1,1,,2,,,2,2,,2,2,,8,2,2,,,,,,,,,,,,,2,2,2,1,2,2,2,1,4,1,2,,,,,,,,,,,,,,
2024,Ghana,GHA,Sub-Saharan Africa (excluding high income),21563813,187631531,0.687226086,2,42,2,5,1,2,1,1,1,1,0,1,4,4,4,4,0,4,1,1,1,1,2,1,3,,1,1,1,2,,,,,,,,,,,3,3,2,1,2,2,,,,,,,,,1,1,2,1,2,1,,2,2,,2,2,2,,2,2,2,,,2,2,3,3,2,,,,2,2,,3,2,2,,1,1,1,2,2,2,,,,,2,,,,,,,,,2,2,,,,,,,,2,,,,,,1,1,1,,,,,,,,,,,,,,1,,1,1,,1,,1,4,1,1,2,1,2,2,1,,1,1,3,,1,1,1,1,2,1,2,2,,,,,,,,,,1,2,,,,,,,,,,,,,,
2024,Ghana,GHA,Sub-Saharan Africa (excluding high income),21563813,187651420,0.992992453,1,18,2,2,2,2,0,0,0,0,0,0,4,4,4,4,0,4,3,0,2,,,,,,,,,,,,,,,,,,,,,,,,,,,2,2,2,2,2,1,2,2,,2,,,,2,2,2,,2,,2,,2,2,2,,,2,2,3,1,2,,,,,,,,,,,2,,2,,2,2,,,,,2,,,,,,,,,2,2,,,,,,,,2,,,,,,5,0,1,,,,,,,,,,,,,,2,2,2,2,,1,,1,1,1,1,2,2,,2,2,2,,,,,,,,,,,,,1,2,2,2,2,2,1,2,1,2,,1,1,3,2,2,2,2,2,2,2,2,2,,
2024,Ghana,GHA,Sub-Saharan Africa (excluding high income),21563813,187759504,0.954982518,2,19,2,4,2,2,0,1,1,1,0,1,4,4,4,4,0,4,3,1,2,,,,,,,,,,,,,,,,,,,1,2,2,2,1,2,1,1,,,,,,,,2,1,2,2,2,2,,2,2,,2,2,2,,2,2,2,,,2,2,1,1,2,,,,2,2,,4,2,2,,2,,2,,2,2,,,,,2,,,,,,,,,2,2,,,,,,,,2,,,,,,5,1,1,,,,,,,,,,,,,,1,,2,1,,1,,1,2,2,,2,2,,2,1,,1,1,1,,2,1,1,2,2,2,2,2,,,,,,,,,,1,2,,,,,,,,,,,,,,
2024,Ghana,GHA,Sub-Saharan Africa (excluding high income),21563813,187857827,0.682537848,1,27,2,4,1,2,0,1,1,1,1,1,2,4,4,4,0,2,3,1,2,,,,,,,,,,,,,,,,,,,1,1,1,1,1,1,1,1,,,,,,,,2,1,2,2,1,2,,2,2,,2,1,2,,2,2,2,,,,6,2,2,2,,,,2,2,,4,2,2,,2,,2,,2,1,2,2,,1,1,2,2,2,1,,,,,2,2,,,,,,,,2,,,,,,4,0,1,,,,,,,,,,,,,,2,2,1,1,,1,,1,1,2,,2,2,,2,2,2,,,,,,,,,,,,,1,2,2,2,2,2,1,2,1,1,2,,,,,,,,,,,,,,
2024,Ghana,GHA,Sub-Saharan Africa (excluding high income),21563813,188065612,0.726145218,1,17,2,4,2,2,0,0,0,0,0,0,4,4,4,4,0,4,3,0,2,,,,,,,,,,,,,,,,,,,,,,,,,,,2,2,1,2,2,2,2,2,,2,,,,2,2,2,,2,,2,,2,2,2,,,2,2,1,4,2,,,,,,,,,,,2,,2,,2,2,,,,,2,,,,,,,,,2,2,,,,,,,,2,,,,,,5,0,2,1,1,2,2,1,2,2,5,2,,,,1,,,,,,,,,,,,,,,,2,2,,,,,,,,,,,,,,,,,,,,,,2,,2,2,1,1,2,2,2,2,1,2,2,2,,
2024,Ghana,GHA,Sub-Saharan Africa (excluding high income),21563813,188090096,0.298683595,2,30,3,5,1,1,1,1,1,1,1,1,4,4,4,4,1,1,1,1,1,2,2,1,3,,1,1,2,2,,,,,,,,,,,1,1,3,1,1,1,1,,,,,,,,1,1,2,1,1,1,,2,1,1,1,1,2,,2,1,2,,,,1,3,4,2,,,,2,1,2,,1,1,3,1,1,1,1,1,1,2,1,,,2,,,,,,,,,2,2,,,,,,,,2,,,,,,1,1,1,,,,,,,,,,,,,,1,,1,1,,1,,1,1,1,1,1,1,2,1,1,,1,1,2,,1,1,1,1,1,2,1,2,,,,,,,,,,1,2,,,,,,,,,,,,,,
2024,Ghana,GHA,Sub-Saharan Africa (excluding high income),21563813,188406153,0.883772455,2,27,1,2,1,1,0,0,0,0,1,0,4,4,4,4,0,4,3,0,2,,,,,,,,,,,,,,,,,,,,,,,,,,,1,2,2,2,2,1,2,2,,2,,,,2,2,2,,2,,2,,2,2,1,,,1,6,1,1,2,,,,,,,,,,,2,,2,,2,2,,,,,2,,,,,,,,,2,2,,,,,,,,2,,,,,,2,0,2,2,2,1,1,2,2,2,3,2,,,,1,,,,,,,,,,,,,,,,2,2,,,,,,,,,,,,,,,,,,,,,,1,2,,,,,,,,,,,,,,
2024,Ghana,GHA,Sub-Saharan Africa (excluding high income),21563813,188547829,1.228149981,1,18,2,2,2,2,0,0,0,0,0,0,4,4,4,4,0,4,3,0,2,,,,,,,,,,,,,,,,,,,,,,,,,,,2,2,2,2,2,1,2,2,,2,,,,2,2,2,,2,,2,,2,2,2,,,2,2,4,5,2,,,,,,,,,,,2,,2,,2,2,,,,,2,,,,,,,,,2,2,,,,,,,,2,,,,,,5,0,2,1,1,2,2,2,2,2,1,1,1,2,2,,,,,,,,,,,,,,,,,2,2,,,,,,,,,,,,,,,,,,,,,,2,,2,2,1,2,2,2,2,2,1,2,2,2,,
2024,Ghana,GHA,Sub-Saharan Africa (excluding high income),21563813,188633789,1.165012725,1,39,2,2,1,2,0,1,1,1,1,1,4,4,4,4,1,2,3,1,2,,,,,,,,,,,,,,,,,,,1,1,3,2,2,1,2,,,,,,,,,2,2,1,,,,,2,2,,2,2,2,2,2,2,1,,,2,6,1,1,1,2,2,2,1,1,1,,2,2,,2,,2,,2,1,2,2,,1,2,,,,,,,,,2,2,,,,,,,,2,,,,,,4,1,1,,,,,,,,,,,,,,1,,1,1,,1,,1,4,1,1,2,1,2,2,1,,1,1,2,,1,1,1,1,1,2,2,2,,,,,,,,,,1,2,,,,,,,,,,,,,,
2024,Ghana,GHA,Sub-Saharan Africa (excluding high income),21563813,188793956,0.347065767,2,30,3,5,1,1,1,1,1,1,1,1,1,4,4,4,1,1,1,1,1,1,1,2,2,,1,1,1,2,,,,,,,,,,,1,1,1,1,2,2,,,,,,,,,1,1,2,2,1,1,,2,2,,2,1,2,,2,2,2,,,,1,3,1,2,,,,2,1,1,,1,1,1,1,1,1,1,2,1,2,1,,,1,1,1,2,,,2,2,,2,2,,,,,,,,2,,,,,,3,1,1,,,,,,,,,,,,,,1,,1,1,,1,,1,1,1,1,2,2,,2,1,,1,1,2,,1,1,1,1,1,2,1,2,,,,,,,,,,1,2,,,,,,,,,,,,,,
2024,Ghana,GHA,Sub-Saharan Africa (excluding high income),21563813,188981356,0.582684886,2,23,2,3,1,1,0,1,1,1,1,1,1,4,4,4,0,2,3,1,2,,,,,,,,,,,,,,,,,,,1,2,2,1,1,1,1,2,,,,,,,,2,1,2,2,2,2,,2,1,2,2,2,1,,2,2,2,,,,1,2,3,2,,,,2,2,,4,2,2,,2,,2,,2,1,2,2,,1,1,2,2,1,,,2,2,,2,2,,,,,,,,2,,,,,,6,1,1,,,,,,,,,,,,,,1,,1,1,,1,,1,4,1,1,2,1,1,1,1,,1,1,1,,1,1,1,1,1,2,2,2,,,,,,,,,,1,2,,,,,,,,,,,,,,
2024,Ghana,GHA,Sub-Saharan Africa (excluding high income),21563813,188982902,1.216834759,2,40,1,1,1,1,0,1,1,1,1,1,4,4,4,4,0,4,3,1,2,,,,,,,,,,,,,,,,,,,1,3,2,3,2,2,2,,,,,,,,,2,1,2,3,2,2,,2,2,,2,2,1,,2,2,2,,,,2,1,4,2,,,,2,2,,1,2,2,,2,,2,,2,2,,,,,2,,,,,,,,,2,2,,,,,,,,2,,,,,,3,0,1,,,,,,,,,,,,,,2,2,1,1,,2,,,2,2,,2,2,,2,2,2,,,,,,,,,,,,,2,1,2,1,2,2,2,2,2,1,2,,,,,,,,,,,,,,
2024,Ghana,GHA,Sub-Saharan Africa (excluding high income),21563813,189087371,2.596166817,1,46,1,1,1,1,0,0,0,0,1,0,4,4,4,4,0,4,3,0,2,,,,,,,,,,,,,,,,,,,,,,,,,,,1,2,2,2,2,1,2,2,,2,,,,2,2,2,,2,,1,,2,2,2,,,,2,3,5,2,,,,,,,,,,,2,,2,,2,2,,,,,2,,,,,,,,,2,2,,,,,,,,2,,,,,,2,0,1,,,,,,,,,,,,,,2,2,1,1,,1,,2,8,2,,2,2,,2,2,2,,,,,,,,,,,,,1,2,1,1,2,2,2,2,1,1,2,,,,,,,,,,,,,,
2024,Ghana,GHA,Sub-Saharan Africa (excluding high income),21563813,189224154,0.868425072,2,24,2,4,1,1,1,1,1,1,1,1,4,4,4,1,0,1,1,1,2,2,2,2,2,,1,1,1,2,,,,,,,,,,,2,2,2,1,2,2,,,,,,,,,1,1,1,1,1,2,,1,2,,2,2,2,1,2,1,1,,,,3,2,3,2,,,,2,2,,1,2,2,,1,1,1,1,1,1,2,1,,,2,,,,,,,,,2,2,,,,,,,,1,2,1,,,1,6,1,1,,,,,,,,,,,,,,1,,1,1,,1,,1,4,2,,2,2,,1,1,,1,1,1,,1,1,1,1,1,1,1,1,,,,,,,,,,1,1,,,,,,,,,,,,,,
2024,Ghana,GHA,Sub-Saharan Africa (excluding high income),21563813,189247816,1.081527578,2,55,1,5,1,1,0,0,0,0,0,0,2,4,4,4,0,2,3,0,2,,,,,,,,,,,,,,,,,,,,,,,,,,,1,2,2,2,1,1,1,2,,2,,,,2,2,2,,2,,2,,2,2,2,,,2,5,2,3,1,1,1,,,,,,,,,2,,2,,2,1,2,2,,1,1,2,2,2,1,,,,,2,2,,,,,,,,2,,,,,,2,0,1,,,,,,,,,,,,,,2,2,2,1,,2,,,2,2,,2,2,,2,2,2,,,,,,,,,,,,,2,2,2,2,2,2,2,2,,1,2,,,,,,,,,,,,,,
2024,Ghana,GHA,Sub-Saharan Africa (excluding high income),21563813,189284158,1.602135125,2,45,1,5,1,1,1,1,1,1,1,1,4,4,4,1,0,4,2,1,1,2,2,2,3,,1,1,2,2,,,,,,,,,,,1,2,2,1,2,2,,,,,,,,,1,1,2,2,1,1,,2,1,1,2,2,2,,2,2,2,,,1,1,3,4,2,,,,2,2,,4,2,2,,1,2,1,2,2,2,,,,,2,,,,,,,,,2,2,,,,,,,,1,2,1,,,2,5,0,1,,,,,,,,,,,,,,2,2,1,1,,1,,2,1,1,1,2,1,2,2,2,2,,,,,,,,,,,,,2,2,2,2,2,2,2,1,8,1,2,,,,,,,,,,,,,,
2024,Ghana,GHA,Sub-Saharan Africa (excluding high income),21563813,189337829,0.292104789,2,31,2,5,1,1,1,1,1,1,1,1,1,4,4,4,1,1,3,1,1,1,2,2,2,,1,1,1,1,,,,,,,,,,,2,2,1,1,1,2,,,,,,,,,1,1,2,2,1,1,,1,2,,2,2,2,,2,2,2,1,1,,1,3,1,2,,,,1,1,2,,1,1,3,2,,2,,2,1,1,1,,,1,2,1,1,,,2,2,,2,2,,,,,,,,2,,,,,,6,1,1,,,,,,,,,,,,,,1,,1,1,,1,,1,4,1,1,2,2,,1,1,,1,1,2,,1,1,1,1,1,2,1,1,,,,,,,,,,1,2,,,,,,,,,,,,,,
2024,Ghana,GHA,Sub-Saharan Africa (excluding high income),21563813,189729649,0.392531028,2,29,3,4,1,2,1,1,1,1,1,1,1,4,4,4,1,1,1,1,1,1,1,2,2,,1,1,1,1,,,,,,,,,,,2,1,1,1,1,1,1,,,,,,,,1,2,2,2,1,1,,1,2,,1,2,2,,2,1,2,1,2,,1,3,1,2,,,,2,1,2,,2,1,1,1,1,2,,1,1,2,1,,,1,1,1,2,,,1,2,,2,2,,,,,,,,2,,,,,,2,1,1,,,,,,,,,,,,,,1,,1,1,,1,,1,4,1,1,2,1,2,1,1,,1,1,1,,1,1,1,1,2,2,1,2,,,,,,,,,,1,1,,,,,,,,,,,,,,
2024,Ghana,GHA,Sub-Saharan Africa (excluding high income),21563813,189760638,0.719331591,2,22,2,1,2,2,0,1,1,1,0,1,4,4,4,4,0,4,3,1,2,,,,,,,,,,,,,,,,,,,1,3,2,3,1,2,2,,,,,,,,,2,1,2,4,2,2,,2,2,,2,2,2,,2,2,2,,,2,2,2,3,2,,,,2,2,,3,2,2,,2,,2,,2,2,,,,,2,,,,,,,,,2,2,,,,,,,,2,,,,,,5,1,1,,,,,,,,,,,,,,1,,2,1,,1,,1,1,1,1,2,1,8,1,1,,1,1,1,,1,1,1,2,1,1,1,2,,,,,,,,,,2,,2,2,1,2,2,2,2,1,1,2,2,2,,
2024,Ghana,GHA,Sub-Saharan Africa (excluding high income),21563813,189804743,0.668624912,2,28,2,4,1,1,1,1,1,1,1,1,1,4,4,4,0,4,2,1,2,1,1,2,1,,2,1,2,2,,,,,,,,,,,1,1,1,2,1,2,,,,,,,,,1,2,2,2,2,1,,2,1,1,2,1,1,,2,2,1,,,,4,2,4,2,,,,2,2,,4,2,2,,1,2,1,2,2,2,,,,,1,2,1,2,,,2,2,,2,2,,,,,,,,2,,,,,,4,0,1,,,,,,,,,,,,,,2,2,1,1,,1,,1,4,1,1,2,1,2,1,2,2,,,,,,,,,,,,,1,2,2,2,2,2,2,2,1,1,2,,,,,,,,,,,,,,
2024,Ghana,GHA,Sub-Saharan Africa (excluding high income),21563813,189958413,0.686270549,1,33,2,4,1,2,0,1,1,1,1,1,4,4,4,1,0,4,3,1,2,,,,,,,,,,,,,,,,,,,2,1,2,1,1,2,2,,,,,,,,,2,1,1,2,2,2,,2,1,1,2,1,1,1,2,2,2,,,,3,3,4,2,,,,2,2,,1,2,2,,2,,2,,2,2,,,,,2,,,,,,,,,2,2,,,,,,,,1,2,1,,,2,4,1,1,,,,,,,,,,,,,,1,,1,1,,2,,,1,2,,2,2,,2,2,1,3,1,3,,1,2,1,2,2,2,2,2,,,,,,,,,,1,2,,,,,,,,,,,,,,
2024,Ghana,GHA,Sub-Saharan Africa (excluding high income),21563813,190042152,1.433814016,2,50,2,4,1,2,0,1,1,1,0,1,4,4,4,4,0,2,1,1,2,,,,,,,,,,,,,,,,,,,1,1,1,1,1,2,2,,,,,,,,,2,1,2,2,1,2,,2,2,,2,2,2,,2,2,2,,,2,1,3,4,2,,,,2,2,,4,2,2,,1,1,1,1,2,1,2,2,,1,2,,,,,,,,,2,2,,,,,,,,2,,,,,,6,1,1,,,,,,,,,,,,,,1,,1,1,,1,,1,2,2,,2,2,,2,1,,2,1,2,,1,1,1,2,2,2,2,2,,,,,,,,,,1,2,,,,,,,,,,,,,,
2024,Ghana,GHA,Sub-Saharan Africa (excluding high income),21563813,190147664,1.73953236,1,30,1,2,1,2,0,1,1,1,1,1,4,4,4,4,0,4,1,1,2,,,,,,,,,,,,,,,,,,,1,3,3,3,2,2,1,2,,,,,,,,2,2,1,,,,,2,2,,2,2,2,2,2,2,2,,,1,6,2,2,2,,,,2,2,,2,2,2,,2,,1,1,2,2,,,,,2,,,,,,,,,2,2,,,,,,,,2,,,,,,4,0,1,,,,,,,,,,,,,,2,2,2,1,,2,,,2,2,,2,2,,2,2,2,,,,,,,,,,,,,1,2,2,1,2,2,2,2,1,2,,2,1,1,2,2,1,2,2,2,2,2,2,,
2024,Ghana,GHA,Sub-Saharan Africa (excluding high income),21563813,190161877,0.409687384,2,23,2,4,2,2,0,1,1,1,1,0,4,4,4,1,0,2,1,1,2,,,,,,,,,,,,,,,,,,,2,3,3,3,2,1,2,,,,,,,,,2,2,2,,,,2,2,1,1,2,1,1,,1,2,1,,,,7,,3,2,,,,2,2,,4,2,2,,2,,1,1,2,1,2,2,,1,2,,,,,,,,,2,2,,,,,,,,1,2,1,,,2,4,1,1,,,,,,,,,,,,,,1,,1,1,,1,,1,4,1,1,2,1,2,2,1,,2,1,2,,1,1,1,1,1,2,1,1,,,,,,,,,,1,2,,,,,,,,,,,,,,
2024,Ghana,GHA,Sub-Saharan Africa (excluding high income),21563813,190603261,0.869477445,2,26,2,4,1,1,0,1,1,1,1,0,4,4,4,4,1,4,3,1,2,,,,,,,,,,,,,,,,,,,2,1,3,2,2,2,2,,,,,,,,,2,2,2,,,,2,2,1,1,2,1,1,,2,2,1,,,,7,,3,2,,,,1,1,3,,2,2,,2,,2,,2,2,,,,,2,,,,,,,,,2,2,,,,,,,,2,,,,,,2,1,1,,,,,,,,,,,,,,2,2,1,1,,1,,1,1,1,1,2,1,2,2,2,1,1,1,1,,1,1,1,1,2,2,2,2,1,2,2,2,2,2,2,2,1,1,2,,,,,,,,,,,,,,
2024,Ghana,GHA,Sub-Saharan Africa (excluding high income),21563813,190681206,1.146872672,2,40,2,5,1,1,1,1,1,1,0,1,4,4,4,4,1,1,1,1,2,1,2,1,3,,1,2,1,2,,,,,,,,,,,1,3,1,1,2,2,,,,,,,,,1,2,2,2,3,1,,1,2,,2,2,2,,2,2,2,,,2,1,3,4,2,,,,2,1,1,,2,2,,1,1,1,1,1,1,2,1,,,2,,,,,,,,,2,2,,,,,,,,2,,,,,,2,1,1,,,,,,,,,,,,,,1,,1,1,,1,,1,1,1,1,2,1,1,2,1,,1,1,1,,1,1,1,2,1,2,2,2,,,,,,,,,,1,2,,,,,,,,,,,,,,
2024,Ghana,GHA,Sub-Saharan Africa (excluding high income),21563813,190745291,0.298683595,2,28,3,5,1,2,1,1,1,1,1,1,4,4,4,4,0,2,1,1,1,1,2,3,3,1,1,1,1,2,,,,,,,,,,,1,1,1,1,2,2,,,,,,,,,2,1,2,3,2,2,,2,2,,2,2,1,,2,2,2,,,,2,1,4,2,,,,2,2,,4,2,2,,1,1,1,1,2,1,2,2,,1,2,,,,,,,,,2,2,,,,,,,,2,,,,,,4,1,1,,,,,,,,,,,,,,1,,1,1,,1,,1,4,1,1,2,2,,2,2,1,1,1,2,,2,2,1,2,1,2,2,1,,,,,,,,,,1,2,,,,,,,,,,,,,,
2024,Ghana,GHA,Sub-Saharan Africa (excluding high income),21563813,190908592,0.42899076,1,20,2,4,1,1,0,1,1,1,1,1,4,4,4,4,1,4,1,1,2,,,,,,,,,,,,,,,,,,,1,2,1,3,1,2,2,,,,,,,,,2,1,2,2,1,2,,2,1,1,2,2,1,,2,1,1,,,,2,1,2,2,,,,2,2,,4,2,1,1,2,,1,1,1,2,,,,,2,,,,,,,,,2,2,,,,,,,,2,,,,,,2,1,1,,,,,,,,,,,,,,1,,1,1,,1,,1,1,2,,1,1,2,1,1,,2,1,1,,1,1,1,1,2,1,2,1,,,,,,,,,,1,2,,,,,,,,,,,,,,
2024,Ghana,GHA,Sub-Saharan Africa (excluding high income),21563813,191106959,0.398260338,1,30,3,5,1,1,1,1,1,1,1,1,1,4,4,4,1,4,1,1,1,1,1,2,1,,1,1,1,2,,,,,,,,,,,1,1,1,1,1,2,,,,,,,,,1,1,2,2,2,1,,1,2,,2,2,1,,1,2,2,,,,1,3,4,2,,,,2,2,,4,2,1,3,1,1,1,1,1,2,,,,,1,1,1,2,,,2,2,,2,2,,,,,,,,2,,,,,,3,1,1,,,,,,,,,,,,,,1,,1,1,,1,,1,4,1,1,2,2,,2,1,,1,1,2,,1,1,1,1,1,1,1,2,,,,,,,,,,1,2,,,,,,,,,,,,,,
2024,Ghana,GHA,Sub-Saharan Africa (excluding high income),21563813,191215225,0.360873538,1,27,3,5,1,1,1,1,1,1,0,1,1,4,4,4,1,4,1,1,1,1,2,2,2,,1,1,1,2,,,,,,,,,,,3,2,2,1,2,2,,,,,,,,,1,2,2,2,1,1,,2,2,,2,2,2,,2,2,2,,,2,1,3,5,2,,,,2,1,3,,2,1,2,1,1,2,,2,2,,,,,1,1,1,2,,,2,2,,2,2,,,,,,,,2,,,,,,7,1,1,,,,,,,,,,,,,,1,,1,1,,1,,1,1,1,1,2,1,2,2,1,,1,1,2,,1,1,1,1,1,2,1,2,,,,,,,,,,1,2,,,,,,,,,,,,,,
2024,Ghana,GHA,Sub-Saharan Africa (excluding high income),21563813,191229353,0.588796542,2,34,3,4,1,2,1,1,1,1,1,1,1,4,4,4,1,1,1,1,1,1,1,2,2,,1,1,1,1,,,,,,,,,,,2,1,1,1,2,2,,,,,,,,,1,1,2,2,1,1,,1,2,,1,2,2,,2,2,2,1,1,,1,3,2,2,,,,1,1,2,,1,1,3,1,1,2,,1,1,2,1,,,1,1,1,2,,,2,2,,2,2,,,,,,,,2,,,,,,2,1,1,,,,,,,,,,,,,,1,,1,1,,1,,1,4,1,1,2,2,,2,1,,1,1,2,,1,1,1,1,1,2,1,2,,,,,,,,,,1,2,,,,,,,,,,,,,,
2024,Ghana,GHA,Sub-Saharan Africa (excluding high income),21563813,191245839,1.304363276,2,30,1,3,1,1,0,0,0,0,1,1,4,4,4,4,0,4,1,0,2,,,,,,,,,,,,,,,,,,,,,,,,,,,2,2,1,2,2,2,2,2,,2,,,,1,2,2,,2,,2,,2,2,1,,,2,1,1,5,2,,,,,,,,,,,1,1,2,,2,2,,,,,2,,,,,,,,,2,2,,,,,,,,2,,,,,,7,1,1,,,,,,,,,,,,,,1,,2,1,,1,,1,2,1,8,2,1,1,1,1,,2,1,2,,2,2,1,2,2,2,2,2,,,,,,,,,,1,1,,,,,,,,,,,,,,
2024,Ghana,GHA,Sub-Saharan Africa (excluding high income),21563813,191300666,0.292104789,2,29,2,3,1,2,1,1,1,1,1,1,4,4,4,4,0,4,1,1,2,1,2,3,4,1,2,2,2,2,,,,,,,,,,,5,5,5,1,2,2,,,,,,,,,2,1,2,3,3,2,,2,2,,2,1,2,,2,2,2,,,,1,2,4,2,,,,2,2,,4,2,2,,1,2,1,1,2,2,,,,,2,,,,,,,,,2,2,,,,,,,,2,,,,,,2,1,1,,,,,,,,,,,,,,1,,1,1,,1,,1,1,1,1,2,1,2,2,1,,4,1,2,,2,1,1,1,2,2,2,2,,,,,,,,,,1,2,,,,,,,,,,,,,,
2024,Ghana,GHA,Sub-Saharan Africa (excluding high income),21563813,191323192,0.929737129,2,17,2,3,2,1,0,1,1,1,0,0,4,4,4,4,0,4,3,1,2,,,,,,,,,,,,,,,,,,,1,4,4,3,2,2,2,,,,,,,,,2,2,2,,,,2,2,2,,2,2,2,,2,2,2,,,2,2,1,3,2,,,,2,2,,4,2,2,,2,,2,,2,2,,,,,2,,,,,,,,,2,2,,,,,,,,2,,,,,,4,1,1,,,,,,,,,,,,,,1,,2,2,,1,,1,1,1,1,2,2,,2,1,,1,1,2,,1,1,1,1,2,2,2,2,,,,,,,,,,2,,2,2,2,1,2,2,2,2,1,2,2,2,,
2024,Ghana,GHA,Sub-Saharan Africa (excluding high income),21563813,191749227,1.002193021,1,26,1,4,2,1,1,1,1,1,1,1,4,4,4,4,0,4,1,1,1,2,2,6,2,,1,1,1,2,,,,,,,,,,,1,2,2,1,2,2,,,,,,,,,1,1,1,2,2,2,,2,1,1,2,1,1,2,2,2,2,,,,7,,2,2,,,,2,2,,3,2,2,,1,1,1,1,2,2,,,,,2,,,,,,,,,2,2,,,,,,,,2,,,,,,2,1,1,,,,,,,,,,,,,,1,,1,1,,1,,1,2,1,1,2,2,,2,1,,1,1,1,,1,1,1,1,2,2,1,2,,,,,,,,,,1,2,,,,,,,,,,,,,,
2024,Ghana,GHA,Sub-Saharan Africa (excluding high income),21563813,191754628,0.766410563,1,17,2,2,2,1,0,0,0,0,1,0,4,4,4,4,0,4,1,0,2,,,,,,,,,,,,,,,,,,,,,,,,,,,,,,,,,,2,2,2,,,,2,2,1,1,2,1,2,,2,2,1,,,,2,1,1,2,,,,2,2,,1,2,2,,2,,1,1,2,2,,,,,2,,,,,,,,,2,2,,,,,,,,2,,,,,,5,1,1,,,,,,,,,,,,,,1,,1,1,,1,,1,1,1,1,1,1,2,1,1,,2,1,2,,1,1,1,1,1,2,2,2,,,,,,,,,,1,2,,,,,,,,,,,,,,
2024,Ghana,GHA,Sub-Saharan Africa (excluding high income),21563813,191758639,2.431863327,1,41,1,2,1,1,0,1,1,1,1,1,2,1,4,4,0,4,3,1,2,,,,,,,,,,,,,,,,,,,1,3,3,3,2,2,2,,,,,,,,,2,2,1,,,,,2,2,,2,2,1,1,2,1,1,,,,2,1,4,1,2,2,2,2,2,,1,2,2,,2,,2,,2,2,,,,,1,2,2,2,1,,,,,1,2,2,1,,,1,2,,2,,,,,,4,0,1,,,,,,,,,,,,,,2,2,1,1,,2,,,2,2,,2,2,,2,2,2,,,,,,,,,,,,,1,1,2,1,2,2,2,2,4,1,2,,,,,,,,,,,,,,
2024,Ghana,GHA,Sub-Saharan Africa (excluding high income),21563813,191975733,1.008948894,2,28,1,4,1,1,0,1,1,1,1,1,3,4,4,4,0,3,1,1,2,,,,,,,,,,,,,,,,,,,3,5,5,1,2,1,1,2,,,,,,,,2,2,2,,,,1,2,2,,2,2,1,,2,2,2,,,,8,,3,2,,,,2,2,,6,2,2,,1,1,1,1,2,1,2,2,,2,1,2,2,2,2,2,,,,2,2,,,,,,,,2,,,,,,2,1,1,,,,,,,,,,,,,,2,2,2,1,,1,,1,8,2,,2,1,2,1,2,1,3,2,,1,2,2,2,2,1,2,2,1,2,1,2,2,2,2,2,2,2,2,,2,2,1,2,1,2,2,3,1,3,1,3,,
2024,Ghana,GHA,Sub-Saharan Africa (excluding high income),21563813,192082940,1.638749535,2,15,1,2,2,2,0,0,0,0,0,0,4,4,4,4,0,4,3,0,2,,,,,,,,,,,,,,,,,,,,,,,,,,,2,2,2,2,2,2,2,2,,2,,,,2,2,2,,2,,2,,2,2,2,,,2,2,4,1,2,,,,,,,,,,,2,,2,,2,2,,,,,2,,,,,,,,,2,2,,,,,,,,2,,,,,,5,0,2,2,2,2,2,1,2,2,5,2,,,,1,,,,,,,,,,,,,,,,2,2,,,,,,,,,,,,,,,,,,,,,,2,,2,1,2,1,2,2,2,2,2,2,2,2,,
2024,Ghana,GHA,Sub-Saharan Africa (excluding high income),21563813,192228529,0.527755648,1,35,1,2,2,1,0,0,0,0,0,1,4,4,4,2,0,4,3,0,2,,,,,,,,,,,,,,,,,,,,,,,,,,,,,,,,,,2,2,2,,,,1,2,2,,2,2,2,,2,2,2,,,2,8,,1,2,,,,2,2,,4,2,2,,2,,2,,2,2,,,,,2,,,,,,,,,2,2,,,,,,,,1,2,2,1,,2,2,0,2,1,2,2,2,2,2,1,97,1,2,1,2,,,,,,,,,,,,,,,,,2,2,,,,,,,,,,,,,,,,,,,,,,1,2,,,,,,,,,,,,,,
2024,Ghana,GHA,Sub-Saharan Africa (excluding high income),21563813,192266783,0.952153709,1,28,2,2,1,1,0,1,1,1,1,1,1,4,4,4,0,4,1,1,2,,,,,,,,,,,,,,,,,,,2,1,1,1,1,1,2,,,,,,,,,2,1,2,1,2,2,,2,1,1,2,1,2,,2,2,1,,,,2,1,5,2,,,,2,2,,3,2,2,,1,1,1,2,2,2,,,,,1,2,2,1,,,1,2,,2,2,,,,,,,,2,,,,,,4,1,1,,,,,,,,,,,,,,1,,1,1,,1,,1,4,2,,2,2,,1,1,,1,1,1,,1,1,1,1,1,1,2,2,,,,,,,,,,1,1,,,,,,,,,,,,,,
2024,Ghana,GHA,Sub-Saharan Africa (excluding high income),21563813,192302401,0.738099314,2,45,3,5,1,2,1,1,1,1,0,1,4,4,4,4,1,1,1,1,1,1,2,2,2,,1,1,1,2,,,,,,,,,,,2,2,1,1,1,1,1,,,,,,,,1,1,2,2,1,2,,2,2,,2,2,2,,2,2,2,,,2,1,3,2,2,,,,2,2,,1,1,1,1,1,1,1,1,1,1,2,1,,,2,,,,,,,,,2,2,,,,,,,,2,,,,,,3,1,1,,,,,,,,,,,,,,1,,1,1,,1,,1,4,1,1,2,1,1,1,1,,1,1,2,,1,1,1,1,1,2,2,2,,,,,,,,,,1,2,,,,,,,,,,,,,,
2024,Ghana,GHA,Sub-Saharan Africa (excluding high income),21563813,192400972,0.632697073,2,22,2,3,1,1,0,1,1,1,1,1,4,4,4,4,1,1,1,1,2,,,,,,,,,,,,,,,,,,,1,1,5,1,1,1,1,2,,,,,,,,2,1,2,3,1,2,,2,2,,2,2,1,,2,2,2,,,,2,2,1,2,,,,2,1,3,,1,1,2,1,1,1,1,1,1,2,1,,,2,,,,,,,,,2,2,,,,,,,,2,,,,,,5,1,1,,,,,,,,,,,,,,1,,2,1,,1,,1,1,1,1,2,2,,1,1,,1,1,2,,1,1,1,1,1,2,1,2,,,,,,,,,,1,2,,,,,,,,,,,,,,
2024,Ghana,GHA,Sub-Saharan Africa (excluding high income),21563813,192421976,3.213152681,2,63,1,1,2,1,0,1,1,1,1,1,4,4,4,1,0,4,3,1,2,,,,,,,,,,,,,,,,,,,1,3,5,3,1,3,2,,,,,,,,,2,1,2,4,3,1,,2,2,,2,2,1,,2,2,2,,,,5,1,4,2,,,,2,2,,4,2,2,,2,,2,,2,2,,,,,2,,,,,,,,,2,2,,,,,,,,1,2,1,,,2,5,0,1,,,,,,,,,,,,,,2,2,1,1,,2,,,2,2,,2,8,,2,2,2,,,,,,,,,,,,,2,2,2,1,2,2,2,1,8,1,1,,,,,,,,,,,,,,
2024,Ghana,GHA,Sub-Saharan Africa (excluding high income),21563813,192440084,0.419040629,2,30,2,4,1,1,0,1,1,1,1,1,1,4,4,4,1,1,3,1,2,,,,,,,,,,,,,,,,,,,2,2,3,1,1,2,2,,,,,,,,,2,1,2,2,1,2,,2,1,1,2,1,1,,2,2,1,,,,1,2,3,2,,,,1,1,3,,1,1,1,2,,2,,2,1,2,1,,,1,2,2,1,,,2,2,,2,2,,,,,,,,2,,,,,,6,1,1,,,,,,,,,,,,,,1,,1,1,,1,,1,4,1,1,2,2,,1,1,,1,1,2,,1,1,1,1,1,2,1,2,,,,,,,,,,1,2,,,,,,,,,,,,,,
2024,Ghana,GHA,Sub-Saharan Africa (excluding high income),21563813,192628379,1.229062151,2,24,2,3,1,2,0,1,1,1,1,1,1,4,4,4,1,1,1,1,2,,,,,,,,,,,,,,,,,,,2,1,1,1,1,2,1,2,,,,,,,,2,1,2,2,2,2,,2,1,1,2,1,1,,2,2,1,,,,3,2,2,1,1,1,2,2,1,1,,2,2,,1,1,1,1,2,1,2,1,,,1,2,2,1,,,2,2,,2,2,,,,,,,,2,,,,,,4,1,1,,,,,,,,,,,,,,1,,1,1,,1,,1,1,1,1,2,1,2,1,1,,1,1,1,,1,1,1,1,2,2,2,2,,,,,,,,,,1,1,,,,,,,,,,,,,,
2024,Ghana,GHA,Sub-Saharan Africa (excluding high income),21563813,192699671,0.940028077,1,24,2,2,1,1,1,1,1,1,1,1,2,4,4,4,0,2,3,1,2,1,1,3,3,2,2,1,2,2,,,,,,,,,,,3,4,3,2,2,2,,,,,,,,,2,2,2,,,,1,2,1,1,2,1,2,,2,2,2,,,,2,3,1,2,,,,2,2,,4,2,2,,2,,2,,2,1,2,2,,1,1,2,2,2,1,,,,,2,2,,,,,,,,2,,,,,,3,1,1,,,,,,,,,,,,,,1,,1,1,,1,,1,4,1,1,2,2,,2,1,,1,1,1,,2,1,1,1,1,2,2,2,,,,,,,,,,1,2,,,,,,,,,,,,,,
2024,Ghana,GHA,Sub-Saharan Africa (excluding high income),21563813,192728022,0.617021522,1,25,2,1,1,1,1,1,1,1,1,0,1,4,4,4,0,4,3,1,1,1,2,1,3,,1,1,1,2,,,,,,,,,,,2,2,3,1,1,1,2,,,,,,,,2,2,2,,,,2,2,1,2,2,2,1,,2,2,1,,,,2,2,5,2,,,,2,2,,4,2,2,,2,,2,,2,2,,,,,1,2,1,2,,,2,2,,2,2,,,,,,,,2,,,,,,2,1,1,,,,,,,,,,,,,,1,,1,1,,1,,2,4,2,,2,2,,1,1,,1,2,,2,2,2,1,2,2,2,2,1,,,,,,,,,,1,2,,,,,,,,,,,,,,
2024,Ghana,GHA,Sub-Saharan Africa (excluding high income),21563813,192894399,0.292104789,2,20,3,1,2,2,0,1,1,1,1,1,4,4,4,4,0,1,1,1,2,,,,,,,,,,,,,,,,,,,2,3,3,3,2,2,2,,,,,,,,,2,2,2,,,,1,2,2,,2,2,1,,1,2,1,,,,3,2,3,1,1,1,2,1,2,,1,2,2,,1,1,1,1,2,1,2,1,,,2,,,,,,,,,2,2,,,,,,,,2,,,,,,2,1,1,,,,,,,,,,,,,,1,,1,1,,1,,1,3,2,,2,2,,2,2,1,3,1,3,,1,1,1,1,1,2,1,2,,,,,,,,,,1,2,,,,,,,,,,,,,,
2024,Ghana,GHA,Sub-Saharan Africa (excluding high income),21563813,193012274,2.102885418,1,17,1,2,1,2,0,1,1,1,1,1,4,4,4,4,1,2,2,1,2,,,,,,,,,,,,,,,,,,,1,3,2,4,1,2,2,,,,,,,,,2,1,1,2,3,2,,2,1,1,2,2,1,1,2,2,1,,,,2,2,4,2,,,,1,1,1,,2,2,,2,,1,2,2,1,2,2,,1,2,,,,,,,,,2,2,,,,,,,,2,,,,,,4,0,1,,,,,,,,,,,,,,2,2,1,1,,2,,,1,2,,2,1,2,2,2,2,,,,,,,,,,,,,1,1,2,1,2,2,2,2,1,1,2,,,,,,,,,,,,,,
2024,Ghana,GHA,Sub-Saharan Africa (excluding high income),21563813,193131751,2.241297426,2,24,1,2,2,1,0,1,1,1,0,1,4,4,4,4,0,4,1,1,2,,,,,,,,,,,,,,,,,,,1,2,2,4,1,2,2,,,,,,,,,2,1,2,3,2,2,,2,2,,2,2,2,,2,2,2,,,2,7,,4,1,2,2,1,1,2,,4,1,1,2,2,,1,1,2,2,,,,,2,,,,,,,,,2,2,,,,,,,,2,,,,,,5,1,1,,,,,,,,,,,,,,1,,1,1,,1,,1,3,1,1,1,1,1,2,1,,2,1,2,,2,2,2,2,2,2,2,2,,,,,,,,,,2,,2,2,2,2,2,1,2,2,1,2,2,2,,
2024,Ghana,GHA,Sub-Saharan Africa (excluding high income),21563813,193319626,0.813874041,1,36,2,1,1,1,0,1,1,1,1,1,2,4,4,4,0,4,3,1,2,,,,,,,,,,,,,,,,,,,1,1,1,3,1,1,1,1,,,,,,,,2,1,1,1,2,2,,2,2,,2,2,1,1,2,2,2,,,,2,2,1,2,,,,2,2,,4,2,2,,2,,2,,1,2,,,,,1,2,2,2,1,,,,,2,2,,,,,,,,2,,,,,,2,0,1,,,,,,,,,,,,,,1,,1,1,,1,,1,4,2,,2,1,2,1,2,2,,,,,1,1,1,2,2,2,2,2,,,,,,,,,,1,2,,,,,,,,,,,,,,
2024,Ghana,GHA,Sub-Saharan Africa (excluding high income),21563813,193514338,1.165878002,2,36,2,3,1,2,1,1,1,1,0,1,4,4,4,4,1,2,1,1,2,1,1,2,2,,1,1,1,2,,,,,,,,,,,1,1,1,1,1,2,,,,,,,,,1,1,1,2,1,1,,1,2,,2,2,2,2,2,2,2,,,2,1,3,1,2,,,,2,1,1,,2,1,3,1,1,2,,2,1,2,2,,1,2,,,,,,,,,2,2,,,,,,,,2,,,,,,3,1,1,,,,,,,,,,,,,,1,,1,1,,1,,1,1,1,1,2,1,2,2,1,,1,1,2,,1,1,1,1,1,1,2,2,,,,,,,,,,1,1,,,,,,,,,,,,,,
2024,Ghana,GHA,Sub-Saharan Africa (excluding high income),21563813,193537475,0.4574955,2,33,2,5,1,1,1,1,1,1,1,1,1,4,4,4,1,1,1,1,1,1,1,2,1,,1,1,1,2,,,,,,,,,,,1,1,1,2,1,2,,,,,,,,,1,1,2,1,2,1,,2,1,1,1,1,2,,2,2,2,,,,1,2,4,2,,,,2,1,1,,1,1,3,1,1,1,1,2,1,1,1,,,1,1,1,2,,,1,2,,2,2,,,,,,,,2,,,,,,2,1,1,,,,,,,,,,,,,,1,,1,1,,1,,1,4,1,1,2,1,2,1,1,,1,1,2,,2,1,1,1,1,1,1,2,,,,,,,,,,1,2,,,,,,,,,,,,,,
2024,Ghana,GHA,Sub-Saharan Africa (excluding high income),21563813,193681139,0.813874041,1,37,1,2,1,1,0,0,0,0,1,1,2,4,4,4,0,4,3,0,2,,,,,,,,,,,,,,,,,,,,,,,,,,,,,,,,,,2,2,2,,,,1,2,2,,2,2,1,,2,2,1,,,,5,1,4,2,,,,2,2,,4,2,2,,2,,2,,2,2,,,,,1,2,2,2,1,,,,,2,2,,,,,,,,2,,,,,,2,0,1,,,,,,,,,,,,,,2,2,1,1,,1,,1,2,2,,2,1,2,1,2,2,,,,,,,,,,,,,1,2,2,2,2,2,2,2,1,1,2,,,,,,,,,,,,,,
2024,Ghana,GHA,Sub-Saharan Africa (excluding high income),21563813,193752230,1.001657735,2,52,1,5,1,2,0,1,1,1,0,1,4,4,4,4,1,1,1,1,2,,,,,,,,,,,,,,,,,,,1,1,1,1,1,1,1,1,,,,,,,,2,1,2,1,1,2,,1,2,,2,2,2,,2,2,2,,,2,6,3,4,2,,,,1,1,1,,1,2,,1,1,1,1,2,1,2,1,,,2,,,,,,,,,2,2,,,,,,,,2,,,,,,7,1,1,,,,,,,,,,,,,,1,,1,1,,1,,1,1,1,1,2,1,2,2,1,,2,1,3,,2,2,1,2,1,2,2,2,,,,,,,,,,1,2,,,,,,,,,,,,,,
2024,Ghana,GHA,Sub-Saharan Africa (excluding high income),21563813,193761789,2.088601868,1,56,2,3,1,1,1,1,1,1,1,1,4,4,4,4,0,4,1,1,2,1,2,3,2,,1,1,2,2,,,,,,,,,,,3,2,1,1,2,2,,,,,,,,,1,1,2,3,1,2,,2,2,,2,2,2,,2,2,1,,,2,4,1,1,2,,,,2,2,,4,2,2,,1,1,1,1,2,2,,,,,2,,,,,,,,,2,2,,,,,,,,2,,,,,,3,1,1,,,,,,,,,,,,,,1,,1,1,,1,,2,1,1,2,2,2,,2,2,1,4,2,,1,1,2,1,2,2,2,2,2,,,,,,,,,,1,2,,,,,,,,,,,,,,
2024,Ghana,GHA,Sub-Saharan Africa (excluding high income),21563813,193781322,0.912100602,2,29,1,5,1,1,0,1,1,1,1,1,4,4,4,4,0,2,1,1,2,,,,,,,,,,,,,,,,,,,1,1,2,1,1,2,2,,,,,,,,,2,1,2,3,2,2,,2,2,,2,2,1,,2,2,2,,,,2,2,2,2,,,,2,2,,4,2,2,,2,,1,1,2,1,2,2,,1,2,,,,,,,,,2,2,,,,,,,,2,,,,,,3,1,1,,,,,,,,,,,,,,1,,1,1,,1,,1,2,1,2,2,2,,2,1,,1,1,2,,1,1,1,1,1,2,2,2,,,,,,,,,,1,2,,,,,,,,,,,,,,
2024,Ghana,GHA,Sub-Saharan Africa (excluding high income),21563813,193880826,1.062248975,1,40,1,3,2,1,0,1,1,1,1,1,4,4,4,4,0,4,3,1,2,,,,,,,,,,,,,,,,,,,1,2,1,2,1,1,2,,,,,,,,,1,1,2,3,2,2,,2,2,,2,1,2,,2,2,2,,,,2,3,4,2,,,,2,2,,1,2,2,,2,,2,,2,2,,,,,2,,,,,,,,,2,2,,,,,,,,2,,,,,,5,0,1,,,,,,,,,,,,,,2,1,1,1,,2,,,2,2,,2,2,,2,2,2,,,,,,,,,,,,,2,2,2,2,2,2,2,2,,1,1,,,,,,,,,,,,,,
2024,Ghana,GHA,Sub-Saharan Africa (excluding high income),21563813,193907093,0.343390127,2,29,2,5,1,1,1,1,1,1,1,1,4,4,4,4,1,4,1,1,2,2,2,2,3,,1,1,1,2,,,,,,,,,,,1,3,3,1,2,2,,,,,,,,,2,1,1,1,2,2,,2,1,1,2,1,1,2,2,2,2,,,,1,2,3,2,,,,2,2,,2,2,1,1,1,1,1,1,2,2,,,,,2,,,,,,,,,2,2,,,,,,,,2,,,,,,4,1,1,,,,,,,,,,,,,,1,,1,1,,1,,1,1,2,,2,2,,2,2,1,1,1,3,,1,1,1,2,1,2,2,2,,,,,,,,,,1,2,,,,,,,,,,,,,,
2024,Ghana,GHA,Sub-Saharan Africa (excluding high income),21563813,193962732,0.617021522,1,33,1,4,1,1,0,1,1,1,1,1,4,4,4,4,0,2,1,1,2,,,,,,,,,,,,,,,,,,,1,3,3,1,1,1,1,1,,,,,,,,2,1,2,3,2,2,,2,2,,2,2,1,,2,2,2,,,,2,3,2,2,,,,2,2,,4,2,2,,1,2,1,1,1,1,2,2,,1,2,,,,,,,,,2,2,,,,,,,,2,,,,,,3,1,1,,,,,,,,,,,,,,2,2,1,1,,1,,1,2,2,,2,1,2,2,2,1,2,1,3,,1,1,2,1,1,2,2,2,1,2,2,2,2,2,2,2,1,1,2,,,,,,,,,,,,,,
2024,Ghana,GHA,Sub-Saharan Africa (excluding high income),21563813,194084984,0.41872963,1,26,2,3,2,2,0,1,1,1,0,0,4,4,4,4,0,4,1,1,2,,,,,,,,,,,,,,,,,,,2,4,3,1,2,1,2,,,,,,,,,2,2,2,,,,2,2,1,2,2,2,2,,2,2,2,,,2,2,1,1,2,,,,2,2,,4,2,2,,1,1,1,1,2,2,,,,,2,,,,,,,,,2,2,,,,,,,,2,,,,,,2,0,1,,,,,,,,,,,,,,2,2,2,1,,1,,1,2,2,,2,1,2,2,2,2,,,,,,,,,,,,,1,2,2,2,2,2,2,2,1,2,,1,2,2,2,2,2,2,2,1,2,2,2,,
2024,Ghana,GHA,Sub-Saharan Africa (excluding high income),21563813,194134814,2.230994833,1,60,1,3,1,1,1,0,1,0,1,0,4,4,4,2,0,4,3,0,2,2,2,4,4,2,2,2,2,2,,,,,,,,,,,,,,,,,,2,2,2,2,2,2,1,2,,2,,,,2,2,2,,1,,2,,2,2,2,,,,2,1,5,2,,,,2,2,,4,2,2,,2,,2,,1,2,,,,,2,,,,,,,,,2,2,,,,,,,,1,2,2,1,,2,2,0,1,,,,,,,,,,,,,,2,2,1,1,,2,,,8,2,,2,2,,8,2,2,,,,,,,,,,,,,2,2,2,2,2,2,2,2,,1,2,,,,,,,,,,,,,,
2024,Ghana,GHA,Sub-Saharan Africa (excluding high income),21563813,194140385,0.484654456,2,40,3,5,1,2,1,1,1,1,1,1,1,4,4,4,1,1,1,1,1,1,1,2,3,,1,1,1,2,,,,,,,,,,,2,2,2,1,1,1,1,,,,,,,,1,1,2,2,1,1,,1,2,,2,2,1,,2,2,2,,,,6,3,1,2,,,,1,2,,4,1,1,1,1,1,1,1,1,1,2,1,,,1,1,1,2,,,2,2,,2,2,,,,,,,,2,,,,,,6,1,1,,,,,,,,,,,,,,1,,1,1,,1,,1,4,1,1,2,2,,2,1,,1,1,1,,1,1,1,1,2,2,2,2,,,,,,,,,,1,2,,,,,,,,,,,,,,
2024,Ghana,GHA,Sub-Saharan Africa (excluding high income),21563813,194257772,0.949788264,2,22,2,5,1,2,1,1,1,1,0,1,4,4,4,4,1,1,2,1,2,1,1,1,1,,1,1,1,2,,,,,,,,,,,1,3,3,1,2,2,,,,,,,,,2,1,2,1,2,2,,2,2,,2,2,2,,2,2,2,,,2,1,3,2,2,,,,1,1,1,,2,2,,2,,1,2,1,1,2,1,,,2,,,,,,,,,2,2,,,,,,,,2,,,,,,2,1,1,,,,,,,,,,,,,,1,,1,1,,1,,1,1,1,1,1,2,,2,1,,1,1,1,,1,1,1,2,2,2,2,2,,,,,,,,,,1,2,,,,,,,,,,,,,,
2024,Ghana,GHA,Sub-Saharan Africa (excluding high income),21563813,194294710,0.292104789,2,41,3,4,1,2,1,1,1,1,1,1,1,1,4,4,1,1,1,1,1,1,1,2,1,,1,1,1,2,,,,,,,,,,,2,1,3,2,1,1,2,,,,,,,,1,2,2,2,1,1,,2,2,,2,1,1,,2,1,1,,,,2,2,3,2,,,,1,2,,2,2,1,3,1,2,1,1,1,1,1,2,,,1,2,1,2,,,2,2,,1,2,1,2,,,2,2,,2,,,,,,1,1,1,,,,,,,,,,,,,,1,,1,1,,1,,1,2,1,1,2,2,,2,1,,2,1,2,,1,1,1,1,1,1,1,1,,,,,,,,,,1,1,,,,,,,,,,,,,,
2024,Ghana,GHA,Sub-Saharan Africa (excluding high income),21563813,194353945,0.85798152,1,22,2,3,1,2,0,1,1,1,1,1,1,4,4,4,0,4,1,1,2,,,,,,,,,,,,,,,,,,,1,3,3,2,1,2,2,,,,,,,,,2,1,2,3,2,2,,2,2,,2,2,1,,2,2,2,,,,2,2,3,2,,,,2,2,,4,2,2,,2,,1,1,2,2,,,,,1,2,2,1,,,2,2,,2,2,,,,,,,,2,,,,,,5,1,1,,,,,,,,,,,,,,2,2,1,1,,1,,1,1,2,,2,2,,2,1,,2,2,,2,1,1,2,1,2,2,2,2,1,1,2,2,2,2,1,2,1,1,2,,,,,,,,,,,,,,
2024,Ghana,GHA,Sub-Saharan Africa (excluding high income),21563813,194464032,1.393570662,1,20,2,3,2,1,0,1,1,1,1,1,4,4,4,4,0,4,1,1,2,,,,,,,,,,,,,,,,,,,2,4,4,3,2,2,2,,,,,,,,,2,1,2,3,2,2,,2,2,,2,2,1,,2,2,2,,,,2,1,2,2,,,,2,2,,4,2,2,,1,1,1,1,2,2,,,,,2,,,,,,,,,2,2,,,,,,,,2,,,,,,4,0,1,,,,,,,,,,,,,,2,2,1,1,,1,,1,4,1,2,2,2,,2,2,2,,,,,,,,,,,,,1,1,2,2,2,2,2,2,1,1,2,,,,,,,,,,,,,,
2024,Ghana,GHA,Sub-Saharan Africa (excluding high income),21563813,194515528,1.431410641,1,23,2,5,1,1,0,1,1,1,1,1,1,4,4,4,0,2,1,1,2,,,,,,,,,,,,,,,,,,,1,2,1,1,1,1,2,,,,,,,,,2,1,2,1,1,2,,2,2,,2,2,1,,2,2,2,,,,2,2,2,2,,,,2,2,,4,2,2,,1,1,1,2,2,1,2,2,,1,1,2,2,1,,,2,2,,2,2,,,,,,,,2,,,,,,4,1,1,,,,,,,,,,,,,,1,,1,1,,1,,1,1,1,1,2,2,,2,1,,1,1,1,,1,1,1,1,2,2,2,2,,,,,,,,,,1,2,,,,,,,,,,,,,,
2024,Ghana,GHA,Sub-Saharan Africa (excluding high income),21563813,194593437,0.766380077,2,20,2,3,2,1,1,1,1,1,0,1,4,4,4,4,1,1,1,1,1,1,2,2,1,,1,2,1,2,,,,,,,,,,,1,1,1,1,1,1,1,,,,,,,,2,1,2,1,1,2,,2,2,,2,2,2,,2,2,2,,,2,1,3,4,1,1,1,2,2,2,,1,1,1,1,1,1,1,1,2,1,2,1,,,2,,,,,,,,,2,2,,,,,,,,2,,,,,,3,1,1,,,,,,,,,,,,,,1,,1,1,,1,,1,1,1,1,2,2,,2,1,,1,1,1,,1,1,1,1,1,1,1,2,,,,,,,,,,1,2,,,,,,,,,,,,,,
2024,Ghana,GHA,Sub-Saharan Africa (excluding high income),21563813,194881541,1.302637608,2,20,2,3,1,1,0,1,1,1,1,1,4,4,4,4,0,4,2,1,2,,,,,,,,,,,,,,,,,,,2,5,2,5,4,1,2,,,,,,,,,2,1,2,4,1,2,,2,2,,2,1,2,,2,2,2,,,,2,1,4,1,2,1,2,2,2,,2,2,2,,2,,1,2,2,2,,,,,2,,,,,,,,,2,2,,,,,,,,2,,,,,,3,1,1,,,,,,,,,,,,,,1,,2,1,,1,,1,4,1,1,2,2,,2,1,,2,1,3,,1,1,1,1,1,2,2,1,,,,,,,,,,1,2,,,,,,,,,,,,,,
2024,Ghana,GHA,Sub-Saharan Africa (excluding high income),21563813,195001443,1.961009657,2,49,1,4,1,1,1,1,1,1,1,1,1,3,4,1,0,2,1,1,2,2,2,3,3,1,2,1,2,2,,,,,,,,,,,1,1,1,1,1,2,,,,,,,,,2,1,1,3,3,2,,2,2,,2,2,1,2,2,2,1,,,,3,2,4,1,2,2,2,2,2,,5,2,2,,1,2,1,1,2,1,2,2,,1,1,2,2,1,,,2,2,,1,2,2,2,2,2,,,,1,2,1,,,2,1,1,1,,,,,,,,,,,,,,2,2,1,1,,2,,,2,2,,2,2,,2,2,1,4,2,,2,2,2,2,2,2,2,2,2,2,1,2,1,2,1,2,2,4,1,1,,,,,,,,,,,,,,
2024,Ghana,GHA,Sub-Saharan Africa (excluding high income),21563813,195063362,1.055511296,1,42,1,1,1,1,0,0,0,0,0,0,4,4,4,4,0,4,3,0,2,,,,,,,,,,,,,,,,,,,,,,,,,,,1,2,2,1,2,2,2,2,,2,,,,2,2,2,,2,,2,,2,2,2,,,2,2,1,1,2,,,,,,,,,,,2,,2,,2,2,,,,,2,,,,,,,,,2,2,,,,,,,,2,,,,,,2,0,2,1,2,2,1,2,2,2,1,2,,,,2,,,,,,,,,,,,,,,,2,2,,,,,,,,,,,,,,,,,,,,,,1,2,,,,,,,,,,,,,,
2024,Ghana,GHA,Sub-Saharan Africa (excluding high income),21563813,195152222,2.228149842,2,52,2,2,1,1,0,1,1,1,1,1,4,4,4,4,1,1,3,1,2,,,,,,,,,,,,,,,,,,,1,1,1,1,1,1,1,2,,,,,,,,2,1,1,1,2,2,,2,2,,2,2,1,2,1,2,2,,,,1,2,1,1,2,2,2,2,1,3,,1,2,,2,,2,,2,1,2,1,,,2,,,,,,,,,2,2,,,,,,,,2,,,,,,5,1,1,,,,,,,,,,,,,,2,2,1,1,,1,,1,1,1,1,2,1,2,1,1,,1,1,1,,2,1,1,1,1,1,1,2,2,1,2,2,2,2,2,1,97,1,2,,,,,,,,,,,,,,
2024,Ghana,GHA,Sub-Saharan Africa (excluding high income),21563813,195348123,0.883229945,1,29,2,2,1,2,0,1,1,1,1,1,4,4,4,4,0,2,1,1,2,,,,,,,,,,,,,,,,,,,2,1,3,3,1,2,2,,,,,,,,,2,2,1,,,,,2,1,1,2,1,1,2,1,2,1,,,,2,2,2,2,,,,2,2,,4,2,2,,1,1,1,1,2,1,2,2,,1,2,,,,,,,,,2,2,,,,,,,,2,,,,,,2,1,1,,,,,,,,,,,,,,1,,1,2,,1,,1,2,2,,2,2,,2,1,,2,1,2,,1,1,1,2,2,2,2,2,,,,,,,,,,1,2,,,,,,,,,,,,,,
2024,Ghana,GHA,Sub-Saharan Africa (excluding high income),21563813,195442137,2.061678259,2,38,1,5,1,1,1,1,1,1,1,1,4,4,4,2,0,1,1,1,2,2,2,2,3,,1,1,1,2,,,,,,,,,,,1,1,1,1,2,2,,,,,,,,,1,1,2,1,1,2,,2,2,,1,2,2,,2,1,2,,,,1,3,4,2,,,,2,2,,4,2,2,,1,1,1,1,2,1,2,1,,,2,,,,,,,,,2,2,,,,,,,,1,2,2,1,,1,4,1,1,,,,,,,,,,,,,,1,,1,1,,1,,1,1,1,1,2,2,,2,1,,1,1,2,,1,1,1,1,2,2,2,2,,,,,,,,,,1,2,,,,,,,,,,,,,,
2024,Ghana,GHA,Sub-Saharan Africa (excluding high income),21563813,195588877,0.411331319,2,28,3,5,1,1,1,1,1,1,1,1,1,4,4,4,0,2,1,1,1,2,2,3,3,1,1,1,1,2,,,,,,,,,,,3,3,3,1,1,1,1,,,,,,,,2,1,2,3,2,2,,2,2,,2,2,1,,2,2,2,,,,2,3,2,2,,,,2,2,,4,2,2,,2,,1,1,2,1,2,2,,1,1,2,2,1,,,2,2,,2,2,,,,,,,,2,,,,,,3,1,1,,,,,,,,,,,,,,1,,1,1,,1,,1,4,1,1,2,1,1,1,1,,1,1,2,,1,1,1,1,1,2,2,2,,,,,,,,,,1,2,,,,,,,,,,,,,,
2024,Ghana,GHA,Sub-Saharan Africa (excluding high income),21563813,195647633,1.182894943,1,37,1,3,1,1,1,0,1,0,0,0,4,4,4,4,0,4,3,0,2,2,2,1,4,,1,2,1,2,,,,,,,,,,,,,,,,,,2,2,2,2,2,1,2,2,,2,,,,2,2,2,,2,,2,,2,2,2,,,2,9,,1,2,,,,2,2,,3,2,2,,2,,2,,2,2,,,,,2,,,,,,,,,2,2,,,,,,,,2,,,,,,2,0,1,,,,,,,,,,,,,,2,2,1,1,,2,,,8,1,1,2,2,,2,2,2,,,,,,,,,,,,,1,2,2,2,2,2,2,2,1,1,2,,,,,,,,,,,,,,
2024,Ghana,GHA,Sub-Saharan Africa (excluding high income),21563813,195737114,1.165012725,1,35,2,3,1,2,1,1,1,1,1,1,1,4,4,4,0,4,1,1,2,1,1,2,2,,2,1,1,2,,,,,,,,,,,2,1,1,1,1,2,,,,,,,,,2,1,2,2,1,1,,1,2,,2,2,1,,2,2,1,,,,2,2,2,2,,,,2,2,,4,2,2,,1,1,1,1,1,2,,,,,1,2,2,1,,,2,2,,2,2,,,,,,,,2,,,,,,4,1,1,,,,,,,,,,,,,,1,,1,1,,1,,1,4,1,1,2,1,2,1,1,,1,1,1,,2,1,1,2,1,2,2,2,,,,,,,,,,1,1,,,,,,,,,,,,,,
2024,Ghana,GHA,Sub-Saharan Africa (excluding high income),21563813,196156004,0.363072609,1,22,2,3,1,2,0,1,1,1,1,1,2,4,4,4,0,4,3,1,2,,,,,,,,,,,,,,,,,,,1,3,4,3,1,2,2,,,,,,,,,2,1,1,3,1,2,,2,2,,2,2,1,1,2,1,1,,,,3,1,4,2,,,,2,2,,4,2,2,,2,,2,,2,2,,,,,1,2,2,2,1,,,,,2,2,,,,,,,,2,,,,,,4,1,1,,,,,,,,,,,,,,1,,2,1,,1,,2,4,1,1,1,1,1,1,2,1,4,2,,1,2,1,1,2,1,2,2,2,,,,,,,,,,2,,2,2,1,2,1,2,2,1,1,2,1,2,,
2024,Ghana,GHA,Sub-Saharan Africa (excluding high income),21563813,196174745,0.7145669,1,38,2,2,1,1,1,0,1,0,1,1,4,4,4,4,0,4,3,0,2,2,2,1,2,,1,2,2,2,,,,,,,,,,,,,,,,,,1,1,2,2,1,1,1,1,,2,3,1,2,,2,2,,2,,2,,2,2,1,,,1,1,2,4,2,,,,2,2,,4,2,2,,2,,2,,2,2,,,,,2,,,,,,,,,2,2,,,,,,,,2,,,,,,3,0,4,2,2,2,2,2,2,2,,1,2,1,2,,,,,,,,,,,,,,,,,2,2,,,,,,,,,,,,,,,,,,,,,,1,3,,,,,,,,,,,,,,
2024,Ghana,GHA,Sub-Saharan Africa (excluding high income),21563813,196193426,0.623013597,1,21,2,3,1,1,0,1,1,1,0,1,4,4,4,4,0,3,1,1,2,,,,,,,,,,,,,,,,,,,2,1,3,2,1,1,2,,,,,,,,,2,1,2,2,1,1,,2,2,,2,2,2,,2,2,2,,,2,1,2,4,2,,,,2,2,,4,2,2,,1,1,1,1,2,1,2,2,,2,2,,,,,,,,,2,2,,,,,,,,2,,,,,,1,1,1,,,,,,,,,,,,,,1,,1,1,,1,,1,4,1,1,2,2,,1,1,,1,1,1,,1,1,1,2,1,2,1,1,,,,,,,,,,1,2,,,,,,,,,,,,,,
2024,Ghana,GHA,Sub-Saharan Africa (excluding high income),21563813,196468439,0.75329248,1,22,2,2,1,1,0,1,1,1,1,1,4,3,4,4,0,4,1,1,2,,,,,,,,,,,,,,,,,,,1,1,1,2,1,2,2,,,,,,,,,2,1,2,1,1,2,,2,2,,2,2,1,,2,2,2,,,,2,2,2,2,,,,2,2,,4,2,2,,1,1,2,,2,2,,,,,2,,,,,,,,,1,2,2,2,2,2,,,,2,,,,,,2,0,2,2,2,2,2,2,2,2,,1,2,2,2,,,,,,,,,,,,,,,,,2,2,,,,,,,,,,,,,,,,,,,,,,2,,2,2,2,2,2,2,2,2,2,2,2,2,,
2024,Ghana,GHA,Sub-Saharan Africa (excluding high income),21563813,196551605,0.88238097,1,31,2,1,1,1,1,1,1,1,1,1,1,4,4,2,0,2,1,1,1,2,1,3,3,1,1,1,1,2,,,,,,,,,,,2,1,1,1,1,2,,,,,,,,,2,1,1,1,2,2,,1,1,1,2,1,1,1,2,1,1,,,,1,1,4,2,,,,2,2,,6,2,2,,1,1,1,1,2,1,2,2,,1,1,1,1,1,,,2,1,,2,2,,,,,,,,1,2,2,1,,1,5,1,1,,,,,,,,,,,,,,1,,1,1,,1,,1,1,1,1,2,1,1,1,1,,1,1,2,,1,1,1,1,1,2,1,2,,,,,,,,,,1,1,,,,,,,,,,,,,,
2024,Ghana,GHA,Sub-Saharan Africa (excluding high income),21563813,196627200,0.623476321,2,19,2,1,2,2,0,1,1,1,1,0,4,4,4,4,0,4,2,1,2,,,,,,,,,,,,,,,,,,,1,1,3,3,2,2,2,,,,,,,,,2,2,2,,,,2,2,2,,2,2,1,,2,2,2,,,,2,2,1,2,,,,2,2,,4,2,2,,2,,1,2,2,2,,,,,2,,,,,,,,,2,2,,,,,,,,2,,,,,,4,1,1,,,,,,,,,,,,,,1,,1,1,,1,,1,2,1,1,2,2,,2,1,,1,1,1,,1,1,1,1,1,2,2,2,,,,,,,,,,2,,1,2,2,2,2,2,2,2,1,2,2,2,,
2024,Ghana,GHA,Sub-Saharan Africa (excluding high income),21563813,196672462,0.878810888,1,61,3,2,2,2,1,1,1,1,1,1,4,1,1,4,0,2,3,1,2,2,1,2,2,,1,1,2,2,,,,,,,,,,,3,3,1,2,1,2,,,,,,,,,1,2,2,2,3,1,,1,2,,1,2,2,,1,2,1,,,,1,3,2,2,,,,2,2,,1,2,2,,2,,2,,2,1,2,2,,1,2,,,,,,,,,1,1,1,2,,,2,2,,2,,,,,,1,1,1,,,,,,,,,,,,,,1,,2,1,,1,,1,4,2,,1,1,1,2,2,1,4,2,,1,1,1,2,1,1,2,1,2,,,,,,,,,,1,2,,,,,,,,,,,,,,
2024,Ghana,GHA,Sub-Saharan Africa (excluding high income),21563813,196779272,0.974752125,1,58,2,5,2,1,0,1,1,1,1,1,4,4,4,4,0,4,1,1,2,,,,,,,,,,,,,,,,,,,1,3,1,3,2,2,2,,,,,,,,,2,2,1,,,,,2,1,1,2,1,2,2,2,2,2,,,,5,1,2,2,,,,2,2,,4,2,2,,2,,1,1,2,2,,,,,2,,,,,,,,,2,2,,,,,,,,2,,,,,,1,0,1,,,,,,,,,,,,,,2,2,1,1,,2,,,1,2,,2,2,,2,2,2,,,,,,,,,,,,,1,2,2,2,2,2,2,2,1,1,2,,,,,,,,,,,,,,
2024,Ghana,GHA,Sub-Saharan Africa (excluding high income),21563813,196857989,0.949788264,2,15,1,1,2,1,0,0,0,0,1,1,4,4,4,4,0,4,1,0,2,,,,,,,,,,,,,,,,,,,,,,,,,,,2,2,1,2,2,1,2,2,,2,,,,1,2,2,,2,,1,,2,2,2,,,,2,1,5,1,3,1,,,,,,,,,2,,1,1,2,2,,,,,2,,,,,,,,,2,2,,,,,,,,2,,,,,,5,1,1,,,,,,,,,,,,,,1,,2,1,,1,,1,1,1,1,2,1,2,1,1,,1,1,2,,1,1,1,2,2,1,2,2,,,,,,,,,,1,2,,,,,,,,,,,,,,
2024,Ghana,GHA,Sub-Saharan Africa (excluding high income),21563813,196917598,0.85798152,1,15,2,1,1,1,1,1,1,1,1,1,4,4,4,4,1,4,1,1,2,1,2,1,3,,1,2,2,2,,,,,,,,,,,1,2,3,1,2,2,,,,,,,,,1,1,2,2,2,2,,2,1,1,2,1,1,,2,2,2,,,,2,2,5,2,,,,2,2,,4,2,1,1,2,,1,1,1,2,,,,,2,,,,,,,,,2,2,,,,,,,,2,,,,,,5,1,1,,,,,,,,,,,,,,1,,2,1,,1,,1,4,1,1,1,2,,2,1,,1,1,1,,1,1,1,1,1,2,2,2,,,,,,,,,,2,,2,2,2,1,1,2,2,2,1,2,2,2,,
2024,Ghana,GHA,Sub-Saharan Africa (excluding high income),21563813,196934777,2.161449806,1,70,1,3,1,2,0,1,1,1,0,0,4,4,4,2,0,4,3,1,2,,,,,,,,,,,,,,,,,,,1,2,2,1,2,2,2,,,,,,,,,2,2,2,,,,2,2,2,,2,2,2,,2,2,2,,,2,2,3,3,2,,,,2,2,,1,2,2,,2,,2,,2,2,,,,,2,,,,,,,,,2,2,,,,,,,,1,2,2,1,,2,1,0,1,,,,,,,,,,,,,,2,2,1,1,,2,,,2,2,,2,2,,2,2,2,,,,,,,,,,,,,2,2,2,1,2,2,2,1,4,1,2,,,,,,,,,,,,,,
2024,Ghana,GHA,Sub-Saharan Africa (excluding high income),21563813,196982664,1.132091351,1,18,1,2,2,1,0,1,1,1,1,1,4,4,4,4,0,4,1,1,2,,,,,,,,,,,,,,,,,,,2,1,1,1,1,1,2,,,,,,,,,2,1,2,2,1,2,,2,1,2,2,1,2,,2,2,1,,,,2,1,1,2,,,,2,2,,4,1,2,,1,1,1,1,2,2,,,,,2,,,,,,,,,2,2,,,,,,,,2,,,,,,5,1,1,,,,,,,,,,,,,,1,,1,1,,1,,1,4,1,1,1,2,,2,1,,1,1,1,,1,1,1,1,2,2,1,1,,,,,,,,,,1,2,,,,,,,,,,,,,,
2024,Ghana,GHA,Sub-Saharan Africa (excluding high income),21563813,197060895,1.208129537,1,17,2,5,2,1,0,1,1,1,0,0,4,4,4,4,1,4,1,1,2,,,,,,,,,,,,,,,,,,,2,2,3,1,1,2,2,,,,,,,,,2,2,2,,,,2,2,2,,2,2,2,,2,2,2,,,2,2,3,2,2,,,,1,1,1,,2,2,,2,,1,1,2,2,,,,,2,,,,,,,,,2,2,,,,,,,,2,,,,,,2,1,1,,,,,,,,,,,,,,1,,1,1,,1,,1,1,1,1,2,1,2,2,1,,1,1,2,,1,1,1,1,1,1,1,2,,,,,,,,,,1,2,,,,,,,,,,,,,,
2024,Ghana,GHA,Sub-Saharan Africa (excluding high income),21563813,197087173,1.679646235,2,50,2,1,1,2,0,1,1,1,1,1,4,4,4,4,1,4,3,1,2,,,,,,,,,,,,,,,,,,,1,1,3,3,1,1,2,,,,,,,,,2,1,2,3,2,2,,2,1,1,2,1,2,,2,2,2,,,,2,1,3,1,1,1,2,1,1,3,,2,2,,2,,2,,1,2,,,,,2,,,,,,,,,2,2,,,,,,,,2,,,,,,2,0,1,,,,,,,,,,,,,,1,,1,1,,2,,,2,1,2,2,1,2,2,2,2,,,,,1,2,2,2,2,2,2,2,,,,,,,,,,1,2,,,,,,,,,,,,,,
2024,Ghana,GHA,Sub-Saharan Africa (excluding high income),21563813,197118359,2.023061021,2,70,1,3,1,1,0,0,0,0,1,0,4,4,4,2,0,2,3,0,2,,,,,,,,,,,,,,,,,,,,,,,,,,,3,3,2,1,2,2,2,2,,2,,,,2,2,2,,2,,2,,2,2,1,,,2,7,,5,2,,,,,,,,,,,2,,2,,2,1,2,2,,1,2,,,,,,,,,2,2,,,,,,,,1,2,2,1,,2,6,0,2,1,1,1,1,2,8,2,1,2,,,,2,,,,,,,,,,,,,,,,2,2,,,,,,,,,,,,,,,,,,,,,,1,2,,,,,,,,,,,,,,
2024,Ghana,GHA,Sub-Saharan Africa (excluding high income),21563813,197132800,1.336257361,1,28,2,2,1,1,0,1,1,1,1,1,4,4,4,4,0,4,1,1,2,,,,,,,,,,,,,,,,,,,1,3,3,3,2,2,2,,,,,,,,,2,1,2,3,2,2,,2,2,,2,2,1,,2,2,2,,,,1,3,2,2,,,,2,2,,4,2,2,,1,1,1,1,2,2,,,,,2,,,,,,,,,2,2,,,,,,,,2,,,,,,4,1,1,,,,,,,,,,,,,,2,2,1,1,,1,,1,2,1,1,2,2,,2,2,1,4,1,4,,2,2,1,2,2,2,2,2,2,1,2,2,2,1,2,2,97,1,2,,,,,,,,,,,,,,
2024,Ghana,GHA,Sub-Saharan Africa (excluding high income),21563813,197618491,0.545596889,2,25,2,2,1,1,1,1,1,1,1,1,1,1,4,4,1,4,1,1,1,1,1,3,2,,1,1,1,2,,,,,,,,,,,1,5,1,1,2,1,1,,,,,,,,2,1,2,3,1,2,,2,1,1,2,1,1,,2,2,1,,,,3,2,4,2,,,,1,1,3,,2,1,1,1,1,1,1,2,2,,,,,1,1,1,1,,,2,2,,1,2,2,1,,,1,1,,2,,,,,,4,1,1,,,,,,,,,,,,,,1,,1,1,,2,,,2,1,2,2,2,,1,1,,1,1,1,,1,1,1,2,1,1,1,1,,,,,,,,,,1,2,,,,,,,,,,,,,,
2024,Ghana,GHA,Sub-Saharan Africa (excluding high income),21563813,197696816,2.821818715,1,52,1,3,1,2,1,1,1,1,1,1,4,4,4,4,0,1,1,1,2,,,,,,,,,,,,,,,,,,,1,1,1,1,1,1,1,2,,,,,,,,2,1,1,1,3,2,,2,2,,2,2,2,1,2,1,2,,,,5,2,1,2,,,,2,2,,4,2,2,,1,1,1,1,2,1,1,2,,,2,,,,,,,,,2,2,,,,,,,,2,,,,,,4,1,1,,,,,,,,,,,,,,1,,1,1,,2,,,2,2,,2,1,2,2,1,,2,1,1,,2,2,1,2,2,2,2,2,,,,,,,,,,1,2,,,,,,,,,,,,,,
2024,Ghana,GHA,Sub-Saharan Africa (excluding high income),21563813,198025505,0.588359556,1,25,3,4,1,2,1,1,1,1,1,1,1,4,4,4,1,2,1,1,1,1,2,2,2,,1,1,1,2,,,,,,,,,,,2,1,1,1,2,1,2,,,,,,,,1,1,2,2,1,1,,1,2,,1,2,2,,2,1,2,,,,1,3,1,2,,,,1,1,1,,2,1,3,1,1,1,1,1,1,2,2,,1,1,2,1,2,,,2,2,,2,2,,,,,,,,2,,,,,,4,1,1,,,,,,,,,,,,,,1,,1,1,,1,,1,2,1,1,2,2,,1,1,,1,1,2,,1,1,1,1,1,2,1,2,,,,,,,,,,1,1,,,,,,,,,,,,,,
2024,Ghana,GHA,Sub-Saharan Africa (excluding high income),21563813,198454967,1.202201283,1,42,1,2,1,2,1,1,1,1,0,1,4,4,4,4,0,4,3,1,2,2,2,2,3,,2,1,2,2,,,,,,,,,,,3,2,2,2,2,2,,,,,,,,,2,1,2,2,1,2,,2,2,,2,2,2,,2,2,2,,,2,2,1,2,2,,,,2,2,,1,1,2,,2,,2,,2,2,,,,,2,,,,,,,,,2,2,,,,,,,,2,,,,,,2,1,1,,,,,,,,,,,,,,1,,1,1,,1,,1,1,1,1,2,1,2,2,1,,1,1,2,,1,1,1,1,1,2,2,2,,,,,,,,,,1,2,,,,,,,,,,,,,,
2024,Ghana,GHA,Sub-Saharan Africa (excluding high income),21563813,198543305,1.322911211,2,36,2,5,1,1,1,1,1,1,1,1,1,4,4,4,0,4,1,1,2,2,2,4,4,1,1,1,2,2,,,,,,,,,,,3,3,3,1,2,2,,,,,,,,,1,1,2,3,2,2,,2,1,1,2,1,1,,2,2,2,,,,1,2,2,2,,,,2,2,,4,1,2,,1,1,1,1,1,2,,,,,1,2,2,1,,,2,2,,2,2,,,,,,,,2,,,,,,4,1,1,,,,,,,,,,,,,,2,2,2,2,,1,,1,4,1,1,2,2,,2,2,1,4,1,4,,2,2,1,2,2,2,2,2,2,1,2,2,2,2,1,2,97,1,2,,,,,,,,,,,,,,
2024,Ghana,GHA,Sub-Saharan Africa (excluding high income),21563813,198599651,0.398556134,2,28,3,4,1,1,1,1,1,1,1,1,1,4,4,4,1,4,1,1,2,1,1,2,2,,1,1,1,2,,,,,,,,,,,5,5,5,1,2,2,,,,,,,,,1,1,2,2,2,1,,1,2,,2,2,1,,1,1,2,,,,1,2,5,2,,,,2,1,4,,2,1,1,1,1,1,1,1,2,,,,,1,1,1,2,,,3,2,,2,2,,,,,,,,2,,,,,,3,1,1,,,,,,,,,,,,,,1,,2,1,,1,,1,1,1,1,2,1,2,1,1,,1,1,2,,1,1,1,1,1,1,2,2,,,,,,,,,,1,2,,,,,,,,,,,,,,
2024,Ghana,GHA,Sub-Saharan Africa (excluding high income),21563813,198711473,1.432473777,2,18,2,5,2,1,0,1,1,1,1,1,4,4,4,4,0,4,1,1,2,,,,,,,,,,,,,,,,,,,2,1,1,1,1,2,2,,,,,,,,,2,1,2,1,2,2,,2,2,,2,2,1,,2,2,2,,,,2,4,4,2,,,,2,2,,4,2,2,,2,,1,1,2,2,,,,,2,,,,,,,,,2,2,,,,,,,,2,,,,,,4,0,1,,,,,,,,,,,,,,2,2,2,1,,1,,1,1,2,,2,2,,2,2,2,,,,,,,,,,,,,1,2,2,2,2,2,2,2,1,2,,2,2,2,2,1,2,2,2,1,2,2,2,,
2024,Ghana,GHA,Sub-Saharan Africa (excluding high income),21563813,198727315,1.487520871,1,60,2,4,2,2,0,0,0,0,0,1,4,4,4,2,0,2,3,0,2,,,,,,,,,,,,,,,,,,,,,,,,,,,2,2,2,2,1,2,2,2,,1,,,,,2,2,,2,,2,2,2,2,2,,,2,5,3,2,2,,,,,,,,,,,2,,2,,2,1,2,2,,1,2,,,,,,,,,2,2,,,,,,,,1,2,2,1,,2,3,0,1,,,,,,,,,,,,,,2,2,1,2,,2,,,8,2,,2,2,,2,2,2,,,,,,,,,,,,,2,2,2,2,2,2,2,1,8,1,2,,,,,,,,,,,,,,
2024,Ghana,GHA,Sub-Saharan Africa (excluding high income),21563813,198749550,1.246952641,2,20,2,4,1,1,1,1,1,1,1,1,1,4,4,4,1,4,1,1,2,1,2,1,1,,1,1,1,2,,,,,,,,,,,1,2,1,1,1,1,1,,,,,,,,1,1,2,1,2,2,,2,1,2,1,1,1,,1,1,1,,,,2,2,3,1,1,1,1,1,1,1,,2,1,1,1,1,1,1,2,2,,,,,1,2,1,1,,,2,2,,2,2,,,,,,,,2,,,,,,2,1,1,,,,,,,,,,,,,,1,,1,1,,1,,1,1,1,1,2,1,2,1,1,,2,1,2,,2,1,1,2,1,2,2,1,,,,,,,,,,1,2,,,,,,,,,,,,,,
2024,Ghana,GHA,Sub-Saharan Africa (excluding high income),21563813,198786347,1.394605694,2,18,2,2,2,1,0,1,1,1,1,1,4,4,4,4,0,4,1,1,2,,,,,,,,,,,,,,,,,,,1,2,1,1,1,2,2,,,,,,,,,2,1,1,1,2,2,,2,1,1,2,1,2,2,2,2,2,,,,7,,1,2,,,,2,2,,4,2,2,,1,1,1,1,2,2,,,,,2,,,,,,,,,2,2,,,,,,,,2,,,,,,2,1,1,,,,,,,,,,,,,,1,,1,1,,1,,1,2,1,1,2,2,,2,1,,1,1,1,,1,1,1,2,2,2,2,2,,,,,,,,,,1,2,,,,,,,,,,,,,,
2024,Ghana,GHA,Sub-Saharan Africa (excluding high income),21563813,198859550,1.207982648,1,31,1,1,2,1,0,1,1,1,1,0,4,4,4,1,0,4,1,1,2,,,,,,,,,,,,,,,,,,,,,,,,,,,,,,,,,,2,,2,,,,2,2,2,,2,,2,,2,2,2,,,1,2,2,4,1,1,1,,,,,,,,,1,1,1,1,2,2,,,,,2,,,,,,,,,2,2,,,,,,,,1,2,1,,,2,5,0,1,,,,,,,,,,,,,,2,2,1,1,,2,,,2,2,,2,1,2,2,2,2,,,,,,,,,,,,,1,2,2,2,2,2,2,2,1,1,2,,,,,,,,,,,,,,
2024,Ghana,GHA,Sub-Saharan Africa (excluding high income),21563813,198957222,2.023061021,2,72,1,2,2,1,0,0,0,0,1,1,4,4,4,2,0,4,2,0,2,,,,,,,,,,,,,,,,,,,,,,,,,,,1,2,2,2,1,2,2,2,,2,,,,1,2,2,,2,,1,,1,2,1,,,,8,,1,2,,,,,,,,,,,2,,1,2,2,2,,,,,2,,,,,,,,,2,2,,,,,,,,1,2,2,1,,2,4,0,2,1,2,1,1,2,2,2,1,2,,,,1,,,,,,,,,,,,,,,,2,2,,,,,,,,,,,,,,,,,,,,,,1,2,,,,,,,,,,,,,,
2024,Ghana,GHA,Sub-Saharan Africa (excluding high income),21563813,199018263,0.940726254,2,20,2,2,1,2,1,1,1,1,0,0,4,4,4,4,0,4,1,1,1,1,2,3,2,,1,1,1,2,,,,,,,,,,,1,3,1,2,1,2,,,,,,,,,2,2,2,,,,2,2,2,,2,2,2,,2,2,2,,,2,7,,4,2,,,,2,2,,4,2,2,,2,,1,1,2,2,,,,,2,,,,,,,,,2,2,,,,,,,,2,,,,,,2,0,1,,,,,,,,,,,,,,2,2,2,1,,2,,,1,2,,2,1,2,2,2,2,,,,,,,,,,,,,1,2,2,2,2,2,2,2,1,1,2,,,,,,,,,,,,,,
2024,Ghana,GHA,Sub-Saharan Africa (excluding high income),21563813,199027174,0.525320008,1,40,3,4,1,1,1,1,1,1,1,1,1,4,4,4,1,2,1,1,1,1,2,2,5,,1,1,1,2,,,,,,,,,,,2,2,1,1,2,2,,,,,,,,,1,2,2,2,2,2,,2,2,,2,2,1,,1,2,3,,,,1,3,4,2,,,,2,2,,5,2,1,3,1,1,1,1,1,1,2,2,,1,1,1,1,2,,,2,2,,2,2,,,,,,,,2,,,,,,3,1,1,,,,,,,,,,,,,,1,,2,1,,1,,1,4,1,1,2,1,2,2,1,,1,1,2,,1,1,1,1,1,2,1,2,,,,,,,,,,1,3,,,,,,,,,,,,,,
2024,Ghana,GHA,Sub-Saharan Africa (excluding high income),21563813,199100793,1.453605297,1,45,2,5,1,2,0,1,1,1,1,1,4,4,4,4,1,1,1,1,2,,,,,,,,,,,,,,,,,,,2,2,1,1,1,1,2,,,,,,,,,2,1,2,1,2,1,,2,1,1,2,1,1,,2,1,2,,,,1,2,4,2,,,,1,1,1,,2,1,1,1,1,1,1,2,1,2,1,,,2,,,,,,,,,2,2,,,,,,,,2,,,,,,2,1,1,,,,,,,,,,,,,,1,,1,1,,1,,1,1,1,1,2,1,2,2,1,,2,1,3,,1,1,1,1,1,2,2,2,,,,,,,,,,1,2,,,,,,,,,,,,,,
2024,Ghana,GHA,Sub-Saharan Africa (excluding high income),21563813,199304557,0.949083362,1,17,2,2,1,1,0,1,1,1,1,1,4,4,4,4,1,4,2,1,2,,,,,,,,,,,,,,,,,,,1,1,1,3,1,1,2,,,,,,,,,2,1,2,1,2,2,,2,1,2,2,2,1,,2,2,2,,,,2,2,5,2,,,,2,1,3,,2,2,,2,,1,2,1,2,,,,,2,,,,,,,,,2,2,,,,,,,,2,,,,,,5,0,1,,,,,,,,,,,,,,2,2,2,1,,1,,1,1,2,,1,1,2,1,2,2,,,,,,,,,,,,,1,8,2,2,1,8,2,2,5,2,,2,2,2,1,1,2,2,2,1,2,2,2,,
2024,Ghana,GHA,Sub-Saharan Africa (excluding high income),21563813,199348081,0.297222415,2,35,2,5,1,1,1,1,1,1,1,1,1,4,4,4,1,1,1,1,1,1,1,2,1,,1,1,1,2,,,,,,,,,,,1,1,1,1,1,2,,,,,,,,,1,2,2,2,1,2,,2,1,1,2,1,2,,1,1,1,,,,2,1,2,2,,,,1,1,1,,1,2,,2,,1,1,2,1,2,1,,,1,1,1,1,,,1,1,,2,2,,,,,,,,2,,,,,,1,1,1,,,,,,,,,,,,,,1,,2,1,,1,,1,4,1,1,2,1,2,1,1,,1,1,1,,1,1,1,1,1,2,1,2,,,,,,,,,,1,2,,,,,,,,,,,,,,
2024,Ghana,GHA,Sub-Saharan Africa (excluding high income),21563813,199355573,1.192070442,2,48,3,5,1,2,1,1,1,1,0,1,1,4,4,4,1,1,1,1,1,1,1,2,2,,1,1,1,2,,,,,,,,,,,2,2,2,1,2,2,,,,,,,,,1,1,2,2,1,1,,1,2,,2,2,2,,2,2,2,,,2,5,3,1,2,,,,1,2,,4,1,1,1,1,1,1,1,1,1,2,1,,,1,1,1,2,,,2,2,,2,2,,,,,,,,2,,,,,,2,1,1,,,,,,,,,,,,,,1,,1,1,,1,,1,1,1,1,2,2,,2,1,,1,1,1,,1,1,1,1,1,2,2,2,,,,,,,,,,1,2,,,,,,,,,,,,,,
2024,Ghana,GHA,Sub-Saharan Africa (excluding high income),21563813,199380234,0.805419691,1,16,2,3,2,1,0,0,0,0,0,1,4,4,4,4,0,4,3,0,2,,,,,,,,,,,,,,,,,,,,,,,,,,,,,,,,,,2,1,2,3,2,2,,2,2,,2,2,2,,2,2,2,,,2,2,1,1,2,,,,2,2,,4,2,2,,2,,2,,2,2,,,,,2,,,,,,,,,2,2,,,,,,,,2,,,,,,5,0,2,1,2,2,2,1,2,2,5,1,2,1,1,,,,,,,,,,,,,,,,,2,2,,,,,,,,,,,,,,,,,,,,,,2,,2,2,2,2,2,2,2,2,1,2,2,2,,
2024,Ghana,GHA,Sub-Saharan Africa (excluding high income),21563813,199388423,1.973831616,1,32,1,1,1,1,1,1,1,1,0,1,4,4,4,2,0,4,1,1,1,2,2,1,3,,1,2,2,2,,,,,,,,,,,3,3,3,2,2,2,,,,,,,,,1,2,2,1,2,1,,2,2,,2,2,2,,2,2,2,,,2,3,2,3,2,,,,2,2,,4,2,2,,1,1,2,,2,2,,,,,2,,,,,,,,,2,2,,,,,,,,1,2,2,1,,2,1,0,2,1,2,2,2,2,2,2,1,1,2,2,2,,,,,,,,,,,,,,,,,2,2,,,,,,,,,,,,,,,,,,,,,,1,2,,,,,,,,,,,,,,
2024,Ghana,GHA,Sub-Saharan Africa (excluding high income),21563813,199464408,0.818766654,1,19,2,3,2,2,0,1,1,1,1,1,4,4,4,4,0,4,1,1,2,,,,,,,,,,,,,,,,,,,2,3,3,3,1,1,2,,,,,,,,,2,1,2,3,2,2,,2,1,2,2,2,2,,2,2,1,,,2,2,1,5,2,,,,2,2,,4,2,2,,2,,1,1,2,2,,,,,2,,,,,,,,,2,2,,,,,,,,2,,,,,,5,1,1,,,,,,,,,,,,,,1,,1,1,,1,,1,4,1,1,2,1,2,1,1,,1,1,1,,1,1,1,1,1,2,2,2,,,,,,,,,,1,2,,,,,,,,,,,,,,
2024,Ghana,GHA,Sub-Saharan Africa (excluding high income),21563813,199503774,0.301726681,2,38,3,5,1,1,1,1,1,1,1,1,1,4,4,4,0,1,1,1,1,1,1,2,3,,1,1,1,2,,,,,,,,,,,2,3,3,2,2,2,,,,,,,,,1,2,2,3,2,2,,2,2,,2,2,1,,2,2,2,,,,1,2,3,2,,,,2,2,,2,2,2,,1,2,1,1,2,1,2,1,,,1,1,1,2,,,2,2,,2,2,,,,,,,,2,,,,,,2,1,1,,,,,,,,,,,,,,1,,1,1,,1,,1,4,1,1,1,2,,2,1,,1,1,3,,1,1,1,1,2,2,2,2,,,,,,,,,,1,2,,,,,,,,,,,,,,
2024,Ghana,GHA,Sub-Saharan Africa (excluding high income),21563813,199601104,1.583266944,1,40,1,3,1,1,0,1,1,1,1,0,4,4,4,2,1,4,1,1,2,,,,,,,,,,,,,,,,,,,1,3,4,5,1,2,2,,,,,,,,,2,2,2,,,,2,2,2,,2,2,1,,2,2,2,,,,2,1,5,2,,,,2,1,3,,2,2,,1,1,1,1,2,2,,,,,2,,,,,,,,,2,2,,,,,,,,1,2,2,1,,2,2,1,1,,,,,,,,,,,,,,1,,2,1,,2,,,2,2,,2,2,,2,1,,2,1,2,,1,1,1,2,2,2,2,2,,,,,,,,,,1,2,,,,,,,,,,,,,,
2024,Ghana,GHA,Sub-Saharan Africa (excluding high income),21563813,199867056,1.431410641,1,24,1,3,1,1,0,1,1,1,1,1,4,4,4,4,0,4,1,1,2,,,,,,,,,,,,,,,,,,,2,3,3,3,1,2,2,,,,,,,,,2,1,2,3,2,1,,2,2,,2,2,1,,2,2,2,,,,3,2,2,2,,,,2,2,,2,2,2,,1,1,2,,2,2,,,,,2,,,,,,,,,2,2,,,,,,,,2,,,,,,5,1,2,2,2,2,1,1,1,2,6,2,,,,1,,,,,,,,,,,,,,,,1,,4,2,,2,1,1,2,2,2,2,2,2,,,,,,,,,,1,2,,,,,,,,,,,,,,
2024,Ghana,GHA,Sub-Saharan Africa (excluding high income),21563813,199879344,0.929047108,1,20,2,3,2,1,0,1,1,1,0,1,4,4,4,4,0,4,1,1,2,,,,,,,,,,,,,,,,,,,1,3,3,3,2,2,2,,,,,,,,,2,2,2,,,,1,2,2,,2,2,2,,2,2,2,,,2,2,2,3,2,,,,2,2,,4,2,2,,2,,1,1,2,2,,,,,2,,,,,,,,,2,2,,,,,,,,2,,,,,,4,1,1,,,,,,,,,,,,,,1,,1,1,,1,,1,2,1,1,2,2,,2,1,,1,1,1,,1,1,1,1,1,2,2,2,,,,,,,,,,1,2,,,,,,,,,,,,,,
2024,Ghana,GHA,Sub-Saharan Africa (excluding high income),21563813,200043119,0.392239704,1,34,2,5,1,2,1,1,1,1,1,1,1,4,4,4,1,1,1,1,1,2,1,2,2,,1,1,2,2,,,,,,,,,,,3,1,1,1,2,1,2,,,,,,,,1,1,2,2,1,1,,2,2,,2,2,1,,2,2,2,,,,1,3,4,1,1,2,2,2,1,3,,1,1,3,1,1,1,1,1,1,2,1,,,1,2,1,1,,,1,2,,2,2,,,,,,,,2,,,,,,3,1,1,,,,,,,,,,,,,,1,,1,1,,1,,1,2,1,1,2,1,2,2,1,,1,1,2,,1,1,1,1,1,2,2,2,,,,,,,,,,1,2,,,,,,,,,,,,,,
2024,Ghana,GHA,Sub-Saharan Africa (excluding high income),21563813,200078779,1.056295244,2,40,1,3,1,1,1,1,1,1,1,1,4,4,4,2,0,2,1,1,2,2,2,3,2,,1,2,2,2,,,,,,,,,,,3,2,3,1,1,2,,,,,,,,,1,1,2,2,2,2,,2,1,1,2,1,2,,2,2,2,,,,2,2,1,2,,,,2,2,,4,2,2,,1,1,1,1,2,1,2,2,,1,2,,,,,,,,,2,2,,,,,,,,1,2,2,1,,2,1,0,1,,,,,,,,,,,,,,2,2,1,1,,1,,1,2,2,,2,1,2,2,2,2,,,,,,,,,,,,,1,2,2,2,2,2,2,2,1,1,2,,,,,,,,,,,,,,
2024,Ghana,GHA,Sub-Saharan Africa (excluding high income),21563813,200126278,0.77599701,1,25,2,1,1,2,0,1,1,1,1,1,4,4,4,4,0,4,1,1,2,,,,,,,,,,,,,,,,,,,1,3,4,2,1,2,2,,,,,,,,,2,1,1,2,2,2,,2,2,,2,2,1,2,2,2,2,,,,2,2,4,2,,,,2,2,,4,2,2,,2,,1,1,1,2,,,,,2,,,,,,,,,2,2,,,,,,,,2,,,,,,5,0,1,,,,,,,,,,,,,,2,2,2,1,,1,,1,2,2,,2,2,,2,2,2,,,,,,,,,,,,,2,8,2,2,1,2,2,2,5,2,,2,2,2,2,2,2,1,2,1,1,2,2,,
2024,Ghana,GHA,Sub-Saharan Africa (excluding high income),21563813,200187338,1.165878002,2,43,2,3,1,2,1,1,1,1,1,1,4,4,4,4,1,2,1,1,2,1,2,3,3,1,1,1,1,2,,,,,,,,,,,2,1,1,1,1,1,2,,,,,,,,1,1,2,3,2,2,,2,2,,2,2,1,,2,2,2,,,,1,3,1,2,,,,2,1,2,,2,2,,1,1,1,2,2,1,2,2,,1,2,,,,,,,,,2,2,,,,,,,,2,,,,,,1,1,1,,,,,,,,,,,,,,1,,1,1,,1,,1,4,1,1,2,1,2,1,1,,1,1,1,,1,1,1,1,2,2,2,2,,,,,,,,,,1,1,,,,,,,,,,,,,,
2024,Ghana,GHA,Sub-Saharan Africa (excluding high income),21563813,200262585,0.949083362,1,18,2,2,1,2,0,1,1,1,1,1,4,1,4,4,1,4,2,1,2,,,,,,,,,,,,,,,,,,,1,2,1,4,1,1,1,2,,,,,,,,2,1,2,2,2,2,,2,2,,2,2,1,,2,2,2,,,,2,2,5,2,,,,1,2,,4,2,1,3,2,,1,2,2,2,,,,,2,,,,,,,,,1,2,2,1,,,2,2,,2,,,,,,5,0,1,,,,,,,,,,,,,,2,8,2,1,,1,,1,4,2,,1,1,1,2,2,2,,,,,,,,,,,,,1,2,2,2,1,2,2,2,5,2,,2,2,2,1,2,2,2,2,1,2,2,2,,
2024,Ghana,GHA,Sub-Saharan Africa (excluding high income),21563813,200367269,1.323571455,1,27,2,2,2,1,0,1,1,1,1,1,4,4,4,4,0,1,1,1,2,,,,,,,,,,,,,,,,,,,1,4,1,1,2,1,1,1,,,,,,,,2,2,2,,,,1,2,1,1,2,1,2,,2,1,1,,,,1,1,5,2,,,,2,2,,6,2,2,,1,2,1,1,2,1,2,1,,,2,,,,,,,,,2,2,,,,,,,,2,,,,,,5,1,1,,,,,,,,,,,,,,1,,1,1,,1,,1,1,1,1,1,1,2,1,1,,1,1,1,,1,1,1,1,1,1,1,2,,,,,,,,,,1,1,,,,,,,,,,,,,,
2024,Ghana,GHA,Sub-Saharan Africa (excluding high income),21563813,200482117,1.528335759,1,29,1,1,2,2,0,0,0,0,1,1,4,4,4,2,0,4,1,0,2,,,,,,,,,,,,,,,,,,,,,,,,,,,,,,,,,,2,1,2,3,2,2,,2,2,,2,2,1,,2,2,2,,,,5,1,4,2,,,,1,2,,4,2,1,1,1,1,1,1,1,2,,,,,2,,,,,,,,,2,2,,,,,,,,1,2,2,1,,1,5,1,1,,,,,,,,,,,,,,1,,1,1,,2,,,2,1,2,2,1,2,1,2,1,2,1,2,,1,1,1,1,2,1,1,2,,,,,,,,,,1,2,,,,,,,,,,,,,,
2024,Ghana,GHA,Sub-Saharan Africa (excluding high income),21563813,200488455,0.385974217,2,32,1,4,1,2,0,0,0,0,1,1,4,4,4,4,0,3,3,0,2,,,,,,,,,,,,,,,,,,,,,,,,,,,2,1,1,1,1,1,2,2,,1,,,,,2,2,,2,,1,2,1,2,1,,,,2,3,4,2,,,,,,,,,,,2,,2,,2,1,2,2,,2,2,,,,,,,,,2,2,,,,,,,,2,,,,,,3,0,1,,,,,,,,,,,,,,2,1,2,1,,2,,,3,2,,2,2,,2,2,2,,,,,,,,,,,,,2,2,2,2,2,2,2,2,,2,,1,1,1,1,1,1,2,2,1,2,2,2,,
2024,Ghana,GHA,Sub-Saharan Africa (excluding high income),21563813,200570854,0.77667515,1,41,2,2,1,2,0,1,1,1,1,0,4,4,4,4,1,2,1,1,2,,,,,,,,,,,,,,,,,,,1,1,1,1,2,2,1,1,,,,,,,,2,2,2,,,,2,2,1,1,2,1,2,,2,2,1,,,,2,2,1,2,,,,1,1,1,,2,2,,1,1,1,1,2,1,2,2,,1,2,,,,,,,,,2,2,,,,,,,,2,,,,,,1,0,1,,,,,,,,,,,,,,2,2,1,1,,2,,,2,2,,2,1,2,2,2,2,,,,,,,,,,,,,1,2,2,2,2,1,2,2,1,1,2,,,,,,,,,,,,,,
2024,Ghana,GHA,Sub-Saharan Africa (excluding high income),21563813,200668340,0.753851964,2,22,2,2,1,1,0,0,0,0,1,1,4,4,4,4,0,4,1,0,2,,,,,,,,,,,,,,,,,,,,,,,,,,,,,,,,,,2,1,2,2,2,2,,2,2,,2,2,1,,2,2,1,,,,7,,2,2,,,,2,2,,4,2,2,,1,1,1,1,2,2,,,,,2,,,,,,,,,2,2,,,,,,,,2,,,,,,6,0,1,,,,,,,,,,,,,,2,2,1,1,,1,,1,2,2,,2,2,,1,2,2,,,,,,,,,,,,,1,1,2,2,2,2,2,2,1,1,2,,,,,,,,,,,,,,
2024,Ghana,GHA,Sub-Saharan Africa (excluding high income),21563813,200700926,0.347065767,2,32,3,5,1,1,1,1,1,1,0,1,4,4,4,4,0,1,1,1,2,2,2,3,3,1,1,1,1,2,,,,,,,,,,,2,3,1,1,1,2,,,,,,,,,1,1,2,2,1,1,,1,2,,2,2,2,,2,2,2,,,2,1,2,4,2,,,,2,2,,2,2,2,,1,1,1,2,2,1,2,1,,,2,,,,,,,,,2,2,,,,,,,,2,,,,,,1,1,1,,,,,,,,,,,,,,1,,1,1,,1,,1,1,2,,2,2,,2,1,,1,1,2,,1,1,1,1,1,2,2,2,,,,,,,,,,1,2,,,,,,,,,,,,,,
2024,Ghana,GHA,Sub-Saharan Africa (excluding high income),21563813,200866354,1.229062151,2,23,2,3,2,2,0,1,1,1,1,0,4,4,4,4,0,2,1,1,2,,,,,,,,,,,,,,,,,,,2,3,3,2,2,1,1,2,,,,,,,,2,2,2,,,,2,1,1,1,2,1,1,,2,2,1,,,,7,,5,2,,,,2,2,,4,2,2,,2,,1,1,2,1,2,2,,1,2,,,,,,,,,2,2,,,,,,,,2,,,,,,4,1,1,,,,,,,,,,,,,,1,,1,1,,1,,1,1,1,1,2,1,2,1,1,,1,1,2,,1,1,1,2,1,1,2,1,,,,,,,,,,1,2,,,,,,,,,,,,,,
2024,Ghana,GHA,Sub-Saharan Africa (excluding high income),21563813,201079018,0.85798152,1,20,2,1,1,1,1,1,1,1,1,1,1,4,4,4,0,1,1,1,2,1,2,1,3,,1,1,2,2,,,,,,,,,,,2,4,3,1,2,1,1,,,,,,,,2,1,2,2,2,2,,2,1,1,2,2,1,,2,2,2,,,,2,2,3,2,,,,3,2,,4,2,1,2,2,,1,1,1,1,1,1,,,1,2,1,1,,,2,1,,2,2,,,,,,,,2,,,,,,5,1,1,,,,,,,,,,,,,,1,,1,2,,1,,1,4,2,,2,2,,1,2,1,2,1,2,,1,1,1,2,1,2,1,1,,,,,,,,,,1,1,,,,,,,,,,,,,,
2024,Ghana,GHA,Sub-Saharan Africa (excluding high income),21563813,201131971,1.952667277,1,36,1,2,1,1,0,0,0,0,0,0,4,4,4,2,0,4,1,0,2,,,,,,,,,,,,,,,,,,,,,,,,,,,2,2,2,2,2,2,1,2,,2,,,,2,2,2,,2,,2,,2,2,2,,,2,1,2,3,2,,,,,,,,,,,1,1,1,1,2,2,,,,,2,,,,,,,,,2,2,,,,,,,,1,2,2,1,,2,1,0,1,,,,,,,,,,,,,,2,2,1,1,,1,,2,2,2,,2,2,,2,2,2,,,,,,,,,,,,,2,2,2,2,2,2,2,1,8,1,2,,,,,,,,,,,,,,
2024,Ghana,GHA,Sub-Saharan Africa (excluding high income),21563813,201147348,0.343390127,2,25,2,5,1,1,1,1,1,1,1,1,4,5,4,4,1,1,1,1,2,1,2,1,3,,1,1,1,2,,,,,,,,,,,3,3,2,1,1,1,2,,,,,,,,2,1,2,1,2,2,,2,2,,2,2,1,,2,2,2,,,,3,2,3,2,,,,2,1,3,,2,2,,1,1,2,,2,1,2,1,,,2,,,,,,,,,3,2,,,,,,,,2,,,,,,3,0,1,,,,,,,,,,,,,,2,2,2,2,,1,,1,1,2,,2,2,,1,2,2,,,,,,,,,,,,,2,1,2,2,2,2,2,2,2,1,2,,,,,,,,,,,,,,
2024,Ghana,GHA,Sub-Saharan Africa (excluding high income),21563813,201428470,0.949083362,1,20,2,4,1,2,0,0,0,0,1,1,4,4,4,4,0,4,1,0,2,,,,,,,,,,,,,,,,,,,,,,,,,,,,,,,,,,2,1,2,2,2,2,,2,2,,2,2,1,,2,2,2,,,,2,1,5,2,,,,3,2,,4,2,1,3,2,,1,1,1,2,,,,,2,,,,,,,,,2,2,,,,,,,,2,,,,,,5,1,1,,,,,,,,,,,,,,1,,2,1,,1,,1,4,9,,1,1,1,1,1,,1,1,1,,1,1,1,2,1,1,1,1,,,,,,,,,,2,,1,2,2,1,1,2,2,2,1,2,2,2,,
2024,Ghana,GHA,Sub-Saharan Africa (excluding high income),21563813,201531792,0.306879196,1,21,2,1,1,1,0,1,1,1,0,1,4,4,4,4,1,4,1,1,2,,,,,,,,,,,,,,,,,,,1,2,2,2,1,2,2,,,,,,,,,2,1,2,2,2,2,,2,2,,2,2,2,,2,2,2,,,2,2,2,2,2,,,,1,1,2,,2,2,,1,1,2,,2,2,,,,,2,,,,,,,,,2,2,,,,,,,,2,,,,,,5,1,1,,,,,,,,,,,,,,1,,2,1,,1,,1,4,1,1,2,2,,2,2,1,3,1,1,,2,2,1,1,1,2,1,2,,,,,,,,,,1,1,,,,,,,,,,,,,,
2024,Ghana,GHA,Sub-Saharan Africa (excluding high income),21563813,201693852,1.95509283,1,25,1,1,1,1,0,1,1,1,1,1,2,1,4,2,0,2,1,1,2,,,,,,,,,,,,,,,,,,,1,2,2,3,1,1,2,,,,,,,,,2,1,1,2,1,2,,2,1,1,2,1,2,1,2,1,1,,,,2,1,3,1,1,2,2,2,2,,6,2,2,,1,1,1,1,2,1,2,2,,1,1,2,2,2,1,,,,,1,2,2,1,,,2,2,,1,2,2,1,,2,6,1,1,,,,,,,,,,,,,,1,,1,1,,1,,1,2,2,,2,1,1,1,1,,2,1,3,,1,1,1,1,2,2,1,2,,,,,,,,,,1,1,,,,,,,,,,,,,,
2024,Ghana,GHA,Sub-Saharan Africa (excluding high income),21563813,201918206,0.909802516,2,100,3,4,1,1,1,1,1,1,1,1,1,1,4,1,1,1,1,1,1,1,1,2,1,,1,1,1,1,,,,,,,,,,,1,1,1,1,1,2,,,,,,,,,1,1,1,2,1,1,,1,2,,1,2,1,1,2,1,1,1,1,,1,2,4,2,,,,1,1,2,,1,1,1,1,1,1,1,1,1,2,1,,,1,1,1,2,,,1,2,,1,2,1,1,,,3,1,,1,1,1,,,1,2,1,1,,,,,,,,,,,,,,1,,1,1,,1,,1,1,1,1,2,1,2,1,1,,1,1,3,,1,1,1,1,1,2,1,1,,,,,,,,,,1,1,,,,,,,,,,,,,,
2024,Ghana,GHA,Sub-Saharan Africa (excluding high income),21563813,201936516,1.724277976,1,58,2,5,1,2,1,1,1,1,1,1,4,4,4,4,1,1,1,1,2,1,1,2,2,,1,2,2,2,,,,,,,,,,,2,3,2,1,1,1,1,,,,,,,,1,1,1,3,3,2,,2,2,,1,2,1,1,2,1,2,,,,1,2,4,2,,,,1,1,2,,1,1,3,1,1,1,1,1,1,1,1,,,2,,,,,,,,,2,2,,,,,,,,2,,,,,,3,0,1,,,,,,,,,,,,,,1,,1,1,,1,,1,4,1,1,2,1,1,2,2,2,,,,,1,2,2,2,1,1,2,2,,,,,,,,,,1,2,,,,,,,,,,,,,,
2024,Ghana,GHA,Sub-Saharan Africa (excluding high income),21563813,202080161,1.424682396,2,24,2,5,1,2,1,1,1,1,0,1,1,4,4,4,0,4,1,1,1,2,2,2,2,,2,2,2,2,,,,,,,,,,,2,2,2,1,1,2,,,,,,,,,2,1,2,2,1,2,,2,2,,2,2,2,,2,2,2,,,2,2,3,2,2,,,,2,2,,4,2,2,,2,,1,1,2,2,,,,,1,2,2,1,,,2,2,,2,2,,,,,,,,2,,,,,,6,1,1,,,,,,,,,,,,,,1,,1,1,,1,,1,2,1,1,2,1,2,1,1,,1,1,2,,1,1,1,1,2,2,2,2,,,,,,,,,,1,1,,,,,,,,,,,,,,
2024,Ghana,GHA,Sub-Saharan Africa (excluding high income),21563813,202207662,0.292104789,2,25,2,5,1,1,1,1,1,1,1,1,4,4,4,4,1,1,1,1,2,1,1,2,1,,1,1,2,2,,,,,,,,,,,1,2,1,1,2,2,,,,,,,,,1,2,2,2,1,2,,2,1,2,2,2,1,,2,2,2,,,,4,2,2,2,,,,1,1,3,,1,1,1,1,1,1,1,2,1,2,1,,,2,,,,,,,,,2,2,,,,,,,,2,,,,,,4,1,1,,,,,,,,,,,,,,1,,1,1,,1,,1,1,1,1,2,1,2,1,1,,1,1,1,,1,1,1,1,1,2,2,2,,,,,,,,,,1,2,,,,,,,,,,,,,,
2024,Ghana,GHA,Sub-Saharan Africa (excluding high income),21563813,202212263,0.88128626,1,37,2,5,1,1,1,1,1,1,1,1,4,4,4,4,0,4,1,1,1,2,2,3,3,1,1,1,1,2,,,,,,,,,,,1,1,1,1,2,2,,,,,,,,,1,1,1,3,2,2,,2,1,1,2,1,2,2,2,2,1,,,,1,2,2,2,,,,2,2,,4,2,2,,1,1,1,1,2,2,,,,,2,,,,,,,,,2,2,,,,,,,,2,,,,,,2,1,1,,,,,,,,,,,,,,1,,1,1,,1,,1,2,1,1,2,2,,2,1,,1,1,2,,1,1,1,1,1,2,2,2,,,,,,,,,,1,2,,,,,,,,,,,,,,
2024,Ghana,GHA,Sub-Saharan Africa (excluding high income),21563813,202263737,0.72668454,2,19,2,2,1,2,0,0,0,0,0,1,4,4,4,4,0,4,1,0,2,,,,,,,,,,,,,,,,,,,,,,,,,,,,,,,,,,1,1,1,2,1,2,,2,2,,2,2,2,2,2,2,2,,,2,5,1,3,1,2,2,1,2,1,2,,2,2,,1,1,1,1,2,2,,,,,2,,,,,,,,,2,2,,,,,,,,2,,,,,,2,1,1,,,,,,,,,,,,,,1,,1,2,,1,,1,2,1,1,1,1,2,2,2,1,1,2,,1,1,1,1,1,2,2,1,1,,,,,,,,,,1,1,,,,,,,,,,,,,,
2024,Ghana,GHA,Sub-Saharan Africa (excluding high income),21563813,202293354,0.562582136,1,45,3,5,1,2,1,1,1,1,1,1,1,1,4,4,1,1,1,1,1,1,1,1,1,,1,1,1,1,,,,,,,,,,,1,2,1,1,2,2,,,,,,,,,1,1,2,2,1,1,,1,2,,1,2,2,,2,1,2,1,1,,1,3,4,2,,,,2,1,3,,1,2,,1,1,1,2,1,1,2,1,,,1,1,1,2,,,2,2,,1,2,1,2,,,2,2,,2,,,,,,4,1,1,,,,,,,,,,,,,,1,,1,1,,1,,1,1,1,1,2,1,2,2,1,,1,1,3,,1,1,1,1,1,1,1,1,,,,,,,,,,1,2,,,,,,,,,,,,,,
2024,Ghana,GHA,Sub-Saharan Africa (excluding high income),21563813,202300169,0.686780255,2,31,2,4,1,2,1,1,1,1,1,1,1,4,4,4,1,1,1,1,1,1,1,1,1,,1,1,1,1,,,,,,,,,,,1,1,1,1,1,1,1,,,,,,,,1,1,1,1,1,1,,2,2,,1,2,2,2,2,2,2,1,2,,1,2,1,2,,,,1,1,3,,2,2,,1,1,1,1,2,1,1,1,,,1,2,1,1,,,2,2,,2,2,,,,,,,,2,,,,,,4,1,1,,,,,,,,,,,,,,1,,1,2,,1,,1,2,1,1,2,2,,2,1,,2,1,1,,1,1,1,2,2,2,2,2,,,,,,,,,,1,1,,,,,,,,,,,,,,
2024,Ghana,GHA,Sub-Saharan Africa (excluding high income),21563813,202332168,1.377304569,1,67,2,1,2,2,0,1,1,1,1,1,4,4,4,4,0,4,1,1,2,,,,,,,,,,,,,,,,,,,1,3,5,3,2,2,2,,,,,,,,,2,2,1,,,,,2,2,,2,2,2,2,2,2,1,,,2,8,,5,3,,,,2,2,,4,2,2,,1,1,1,1,2,2,,,,,2,,,,,,,,,2,2,,,,,,,,2,,,,,,3,0,1,,,,,,,,,,,,,,2,2,1,1,,2,,,2,2,,2,2,,2,2,2,,,,,,,,,,,,,2,8,2,1,2,2,2,2,4,1,2,,,,,,,,,,,,,,
2024,Ghana,GHA,Sub-Saharan Africa (excluding high income),21563813,202372112,0.668624912,2,30,2,4,1,1,1,1,1,1,1,1,1,4,4,4,0,4,1,1,1,2,2,3,3,1,1,1,1,2,,,,,,,,,,,3,3,3,1,1,2,,,,,,,,,1,1,2,3,2,2,,2,1,1,2,1,1,,2,2,2,,,,3,2,4,2,,,,2,2,,4,2,2,,1,1,1,2,2,2,,,,,1,2,1,1,,,2,2,,2,2,,,,,,,,2,,,,,,4,1,1,,,,,,,,,,,,,,1,,1,1,,1,,1,2,1,1,2,2,,2,1,,1,1,2,,1,1,1,2,2,2,2,2,,,,,,,,,,1,2,,,,,,,,,,,,,,
2024,Ghana,GHA,Sub-Saharan Africa (excluding high income),21563813,202378614,0.392239704,1,30,2,5,1,2,1,1,1,1,0,1,1,4,4,4,1,1,1,1,1,2,2,2,2,,1,1,1,2,,,,,,,,,,,3,1,1,1,2,2,,,,,,,,,1,2,2,2,1,1,,2,2,,2,2,2,,2,2,2,,,2,1,3,4,2,,,,2,1,1,,1,1,3,1,1,1,1,2,1,2,1,,,1,2,1,1,,,2,2,,2,2,,,,,,,,2,,,,,,6,1,1,,,,,,,,,,,,,,1,,1,1,,1,,1,3,1,1,2,1,2,2,1,,1,1,1,,1,1,1,1,1,2,2,1,,,,,,,,,,1,2,,,,,,,,,,,,,,
2024,Ghana,GHA,Sub-Saharan Africa (excluding high income),21563813,202477984,1.202201283,1,40,1,2,1,1,0,1,1,1,1,1,4,4,4,4,0,2,2,1,2,,,,,,,,,,,,,,,,,,,1,3,2,4,1,1,2,,,,,,,,,2,1,1,2,2,2,,2,1,1,2,2,1,1,2,1,1,,,,2,2,4,2,,,,2,2,,4,2,2,,1,2,2,,2,1,2,2,,1,2,,,,,,,,,2,2,,,,,,,,2,,,,,,3,0,1,,,,,,,,,,,,,,1,,1,1,,1,,1,1,2,,2,1,2,2,2,2,,,,,1,2,1,2,2,2,2,2,,,,,,,,,,1,2,,,,,,,,,,,,,,
2024,Ghana,GHA,Sub-Saharan Africa (excluding high income),21563813,202571934,0.617021522,1,29,2,3,1,1,0,1,1,1,1,1,4,4,4,4,0,4,3,1,2,,,,,,,,,,,,,,,,,,,1,1,2,3,1,1,2,,,,,,,,,2,1,1,1,3,2,,2,2,,2,2,2,2,2,1,2,,,2,5,2,2,2,,,,2,2,,4,2,2,,2,,2,,2,2,,,,,2,,,,,,,,,2,2,,,,,,,,2,,,,,,4,0,1,,,,,,,,,,,,,,1,,1,1,,1,,1,8,2,,2,1,2,1,2,2,,,,,2,2,2,2,2,2,2,2,,,,,,,,,,1,2,,,,,,,,,,,,,,
2024,Ghana,GHA,Sub-Saharan Africa (excluding high income),21563813,202632652,1.165369772,2,19,1,4,2,2,0,1,1,1,1,1,4,4,4,4,0,4,1,1,2,,,,,,,,,,,,,,,,,,,1,3,3,3,1,2,2,,,,,,,,,2,1,2,3,1,2,,2,2,,2,2,1,,2,2,2,,,,2,1,4,2,,,,2,2,,4,2,2,,2,,1,1,2,2,,,,,2,,,,,,,,,2,2,,,,,,,,2,,,,,,5,0,1,,,,,,,,,,,,,,2,2,1,1,,2,,,1,1,1,2,2,,2,2,2,,,,,,,,,,,,,1,1,2,2,2,2,2,2,1,1,2,,,,,,,,,,,,,,
2024,Ghana,GHA,Sub-Saharan Africa (excluding high income),21563813,202636586,0.85798152,1,20,2,1,1,1,0,1,1,1,1,1,1,4,4,4,0,4,3,1,2,,,,,,,,,,,,,,,,,,,1,1,2,3,1,1,2,,,,,,,,,2,1,2,2,2,2,,2,1,1,2,2,1,,2,2,2,,,,2,2,1,2,,,,2,2,,4,2,1,2,2,,2,,2,2,,,,,1,2,2,1,,,2,2,,2,2,,,,,,,,2,,,,,,5,0,1,,,,,,,,,,,,,,1,,1,1,,1,,1,4,2,,2,1,2,1,2,2,,,,,1,1,1,2,1,2,1,1,,,,,,,,,,1,2,,,,,,,,,,,,,,
2024,Ghana,GHA,Sub-Saharan Africa (excluding high income),21563813,203103532,0.854547465,2,69,1,3,1,2,0,0,0,0,1,0,2,4,4,4,0,4,3,0,2,,,,,,,,,,,,,,,,,,,,,,,,,,,,,,,,,,2,2,2,,,,2,2,2,,2,2,1,,1,2,1,,,,3,2,5,1,1,1,3,2,2,,1,2,2,,2,,2,,2,2,,,,,1,2,2,2,1,,,,,2,2,,,,,,,,2,,,,,,3,0,1,,,,,,,,,,,,,,2,2,1,1,,2,,,2,1,1,2,1,2,2,2,2,,,,,,,,,,,,,2,2,2,2,2,2,2,2,,1,2,,,,,,,,,,,,,,
2024,Ghana,GHA,Sub-Saharan Africa (excluding high income),21563813,203192419,0.452608025,1,42,2,5,1,1,1,1,1,1,1,1,4,4,4,1,0,2,1,1,2,2,2,2,4,,1,1,1,2,,,,,,,,,,,3,3,1,2,2,1,2,,,,,,,,1,2,1,2,2,1,,2,1,1,2,1,2,2,2,2,2,,,,1,2,4,2,,,,2,2,,3,2,2,,1,1,1,1,2,1,2,2,,1,2,,,,,,,,,2,2,,,,,,,,1,2,1,,,2,5,1,1,,,,,,,,,,,,,,1,,1,1,,1,,1,4,1,1,2,2,,2,1,,1,1,3,,1,1,1,2,2,2,2,2,,,,,,,,,,1,2,,,,,,,,,,,,,,
2024,Ghana,GHA,Sub-Saharan Africa (excluding high income),21563813,203275648,3.213152681,1,58,1,3,1,2,1,1,1,1,1,1,4,4,4,2,0,2,1,1,2,1,2,3,3,2,1,2,2,2,,,,,,,,,,,1,1,1,1,1,2,,,,,,,,,1,1,1,1,3,1,,2,2,,2,2,2,1,2,1,2,,,,3,3,1,2,,,,2,2,,4,2,2,,1,1,1,1,2,1,2,2,,1,2,,,,,,,,,2,2,,,,,,,,1,2,2,1,,2,1,0,1,,,,,,,,,,,,,,2,2,1,1,,2,,,2,2,,2,1,2,2,2,2,,,,,,,,,,,,,2,2,2,1,2,2,2,2,4,1,3,,,,,,,,,,,,,,
2024,Ghana,GHA,Sub-Saharan Africa (excluding high income),21563813,203367431,0.814478521,2,40,2,3,1,1,1,1,1,1,1,1,4,4,4,4,0,2,1,1,2,2,2,3,3,2,1,1,2,2,,,,,,,,,,,1,2,1,1,1,2,,,,,,,,,2,1,2,3,2,2,,2,2,,2,2,1,,1,2,2,,,,2,2,2,2,,,,2,2,,4,2,2,,1,1,1,1,1,1,2,2,,1,2,,,,,,,,,2,2,,,,,,,,2,,,,,,3,1,1,,,,,,,,,,,,,,2,2,1,1,,1,,1,1,2,,2,1,2,2,2,1,3,2,,2,1,1,2,2,1,2,2,2,1,2,2,2,2,2,2,2,1,1,2,,,,,,,,,,,,,,
2024,Ghana,GHA,Sub-Saharan Africa (excluding high income),21563813,203376019,0.55116783,1,26,2,4,2,2,0,1,1,1,1,1,4,4,4,4,0,1,1,1,2,,,,,,,,,,,,,,,,,,,1,3,3,3,1,1,2,,,,,,,,,2,1,2,3,1,2,,2,2,,2,2,1,,2,2,2,,,,2,1,4,2,,,,2,2,,4,2,2,,1,1,1,1,2,1,2,1,,,2,,,,,,,,,2,2,,,,,,,,2,,,,,,4,1,1,,,,,,,,,,,,,,1,,1,1,,1,,1,1,1,1,2,2,,2,1,,1,1,3,,1,1,1,1,2,2,2,2,,,,,,,,,,1,2,,,,,,,,,,,,,,
2024,Ghana,GHA,Sub-Saharan Africa (excluding high income),21563813,203426444,0.415720384,1,34,2,3,1,1,1,1,1,1,1,1,4,4,4,4,0,2,1,1,1,1,2,1,3,,1,1,1,2,,,,,,,,,,,5,3,3,4,1,1,2,,,,,,,,1,4,2,2,1,2,,2,2,,1,2,2,,2,1,1,,,,1,2,4,1,2,1,2,2,2,,3,2,2,,1,1,1,2,2,1,2,2,,1,2,,,,,,,,,2,2,,,,,,,,2,,,,,,3,1,1,,,,,,,,,,,,,,1,,1,1,,1,,1,4,1,1,2,1,2,2,1,,1,1,3,,2,1,1,1,1,2,1,1,,,,,,,,,,1,2,,,,,,,,,,,,,,
2024,Ghana,GHA,Sub-Saharan Africa (excluding high income),21563813,203477769,0.367430604,2,30,3,5,1,1,1,1,1,1,1,1,1,4,4,4,1,1,1,1,2,1,1,2,1,,1,1,1,2,,,,,,,,,,,2,1,1,1,2,2,,,,,,,,,1,1,2,2,1,2,,2,1,1,2,1,1,,1,2,2,,,,4,2,2,2,,,,1,1,1,,1,1,1,1,1,1,1,1,1,2,1,,,1,2,1,2,,,2,2,,2,2,,,,,,,,2,,,,,,4,1,1,,,,,,,,,,,,,,1,,1,1,,1,,1,1,1,1,2,2,,2,1,,1,1,2,,1,2,1,1,1,2,1,2,,,,,,,,,,1,2,,,,,,,,,,,,,,
2024,Ghana,GHA,Sub-Saharan Africa (excluding high income),21563813,203979784,1.149615845,1,24,2,3,2,2,0,1,1,1,0,1,4,4,4,4,0,4,1,1,2,,,,,,,,,,,,,,,,,,,1,3,3,3,1,1,2,,,,,,,,,2,1,2,3,1,2,,2,1,2,2,2,2,,2,2,2,,,2,2,1,4,2,,,,2,2,,5,2,2,,1,1,1,1,2,2,,,,,2,,,,,,,,,2,2,,,,,,,,2,,,,,,5,1,1,,,,,,,,,,,,,,1,,1,2,,1,,1,4,1,1,2,2,,2,1,,2,1,3,,1,1,1,1,1,2,2,2,,,,,,,,,,1,2,,,,,,,,,,,,,,
2024,Ghana,GHA,Sub-Saharan Africa (excluding high income),21563813,204001302,1.809919706,1,52,3,5,1,2,1,1,1,1,1,1,1,4,4,4,1,1,1,1,1,1,1,2,3,,1,2,2,2,,,,,,,,,,,2,3,3,1,1,2,,,,,,,,,1,1,2,2,1,1,,1,2,,2,2,1,,2,2,1,,,,6,3,1,2,,,,1,1,2,,1,1,1,1,1,1,1,2,1,1,1,,,1,1,1,2,,,2,2,,2,2,,,,,,,,2,,,,,,6,1,1,,,,,,,,,,,,,,1,,1,2,,1,,1,4,1,1,2,1,2,2,1,,2,1,2,,1,1,1,1,1,2,2,2,,,,,,,,,,1,2,,,,,,,,,,,,,,
2024,Ghana,GHA,Sub-Saharan Africa (excluding high income),21563813,204138619,0.870412172,2,28,1,2,2,2,0,0,0,0,0,0,4,4,4,4,0,4,3,0,2,,,,,,,,,,,,,,,,,,,,,,,,,,,2,2,2,1,2,2,2,2,,2,,,,2,2,2,,2,,2,,2,2,2,,,2,7,,1,2,,,,,,,,,,,2,,2,,2,2,,,,,2,,,,,,,,,2,2,,,,,,,,2,,,,,,6,0,2,1,2,2,2,2,2,2,1,1,2,2,1,,,,,,,,,,,,,,,,,2,2,,,,,,,,,,,,,,,,,,,,,,1,2,,,,,,,,,,,,,,
2024,Ghana,GHA,Sub-Saharan Africa (excluding high income),21563813,204214426,0.419040629,2,31,2,5,1,2,0,1,1,1,1,1,4,4,4,4,1,4,1,1,2,,,,,,,,,,,,,,,,,,,2,1,1,1,1,1,1,1,,,,,,,,2,1,1,1,2,2,,2,1,1,2,1,1,2,2,2,2,,,,2,2,3,1,1,1,2,2,1,3,,1,2,,1,1,1,1,2,2,,,,,2,,,,,,,,,2,2,,,,,,,,2,,,,,,3,1,1,,,,,,,,,,,,,,1,,1,1,,1,,1,2,1,1,2,1,2,2,1,,2,1,2,,1,1,1,1,2,2,2,2,,,,,,,,,,1,2,,,,,,,,,,,,,,
2024,Ghana,GHA,Sub-Saharan Africa (excluding high income),21563813,204347322,0.57965163,2,26,2,4,1,1,1,1,1,1,1,1,4,4,4,3,0,4,1,1,2,2,2,3,3,1,1,1,1,2,,,,,,,,,,,2,3,3,1,2,2,,,,,,,,,2,1,2,2,1,2,,2,2,,2,2,1,,2,2,1,,,,2,2,2,2,,,,2,2,,4,2,2,,1,1,1,1,2,2,,,,,2,,,,,,,,,2,2,,,,,,,,1,2,2,2,2,1,3,1,1,,,,,,,,,,,,,,1,,1,1,,1,,1,1,1,1,2,2,,2,1,,1,1,1,,1,1,1,1,1,2,1,2,,,,,,,,,,1,2,,,,,,,,,,,,,,
2024,Ghana,GHA,Sub-Saharan Africa (excluding high income),21563813,204422794,0.403008946,2,23,2,4,1,1,1,1,1,1,1,0,2,4,4,4,0,2,1,1,1,2,2,2,3,,1,2,1,2,,,,,,,,,,,3,3,3,2,1,2,,,,,,,,,2,2,2,,,,2,2,2,,2,1,2,,1,2,2,,,,4,1,3,1,1,1,2,2,2,,4,2,2,,1,1,2,,2,1,2,2,,1,1,2,2,2,1,,,,,2,2,,,,,,,,2,,,,,,5,1,1,,,,,,,,,,,,,,1,,1,1,,1,,1,1,1,1,2,1,2,2,1,,1,1,1,,1,1,1,1,1,2,2,2,,,,,,,,,,1,2,,,,,,,,,,,,,,
2024,Ghana,GHA,Sub-Saharan Africa (excluding high income),21563813,204583168,1.931931661,2,60,,5,2,2,1,0,1,0,0,1,1,4,1,2,0,2,1,1,2,2,1,2,2,,1,1,2,2,,,,,,,,,,,,,,,,,,2,2,2,1,2,2,1,1,,2,2,1,1,,2,2,,2,,2,,2,2,2,,,2,5,1,1,2,,,,2,2,,4,2,2,,2,,1,1,2,1,2,2,,1,1,1,1,2,,,2,2,,2,1,1,2,,,2,2,,1,2,2,1,,2,3,0,1,,,,,,,,,,,,,,2,2,1,1,,1,,2,1,2,,2,2,,2,2,2,,,,,,,,,,,,,2,2,2,2,2,2,2,2,,1,2,,,,,,,,,,,,,,
2024,Ghana,GHA,Sub-Saharan Africa (excluding high income),21563813,204615193,0.341268924,1,27,1,5,1,2,0,1,1,1,0,1,1,4,4,4,0,4,1,1,2,,,,,,,,,,,,,,,,,,,1,1,1,1,1,2,2,,,,,,,,,2,1,1,1,2,2,,2,2,,2,2,2,2,2,2,2,,,2,2,2,2,2,,,,2,2,,1,2,2,,1,1,1,1,1,2,,,,,1,2,2,1,,,2,2,,2,2,,,,,,,,2,,,,,,4,1,1,,,,,,,,,,,,,,2,2,1,1,,2,,,1,2,,2,2,,2,2,1,4,1,4,,2,2,1,2,2,2,2,2,1,2,2,2,2,2,1,2,1,1,2,,,,,,,,,,,,,,
2024,Ghana,GHA,Sub-Saharan Africa (excluding high income),21563813,204619180,0.764014333,1,42,2,4,1,2,1,0,1,0,1,1,4,4,4,4,0,4,1,1,2,2,2,2,2,,1,1,2,2,,,,,,,,,,,,,,,,,,2,2,2,2,1,2,2,2,,2,,,,1,1,2,,1,,2,,2,1,2,,,,4,2,2,2,,,,2,2,,3,2,2,,2,,1,1,1,2,,,,,2,,,,,,,,,2,2,,,,,,,,2,,,,,,2,1,1,,,,,,,,,,,,,,1,,1,1,,1,,1,1,1,1,2,2,,2,1,,1,1,3,,1,2,2,2,2,2,2,2,,,,,,,,,,1,2,,,,,,,,,,,,,,
2024,Ghana,GHA,Sub-Saharan Africa (excluding high income),21563813,204960897,0.766410563,1,24,2,1,2,1,0,1,1,1,1,1,4,4,4,4,0,4,1,1,2,,,,,,,,,,,,,,,,,,,1,2,2,2,1,2,2,,,,,,,,,2,1,2,2,1,2,,2,2,,2,1,2,,2,2,1,,,,5,2,1,2,,,,2,2,,4,2,2,,1,1,1,1,2,2,,,,,2,,,,,,,,,2,2,,,,,,,,2,,,,,,2,1,1,,,,,,,,,,,,,,1,,1,1,,1,,1,4,1,1,2,2,,2,1,,1,1,1,,1,1,1,1,2,2,2,1,,,,,,,,,,1,2,,,,,,,,,,,,,,
2024,Ghana,GHA,Sub-Saharan Africa (excluding high income),21563813,205071253,0.878784946,1,46,2,1,1,1,0,0,0,0,1,1,2,4,4,4,0,4,2,0,2,,,,,,,,,,,,,,,,,,,,,,,,,,,2,2,2,2,2,2,2,2,,1,,,,,2,2,,2,,1,2,2,2,3,,,,2,2,3,2,,,,,,,,,,,2,,1,2,2,2,,,,,1,2,2,2,1,,,,,2,2,,,,,,,,2,,,,,,3,0,1,,,,,,,,,,,,,,2,2,2,1,,1,,8,2,2,,2,2,,2,2,2,,,,,,,,,,,,,1,2,1,2,2,2,2,2,3,1,2,,,,,,,,,,,,,,
2024,Ghana,GHA,Sub-Saharan Africa (excluding high income),21563813,205419711,0.892364999,2,39,2,1,1,2,0,1,1,1,1,1,1,4,4,2,1,4,1,1,2,,,,,,,,,,,,,,,,,,,1,2,3,2,1,2,2,,,,,,,,,2,1,2,3,2,1,,1,2,,2,2,1,,2,2,2,,,,5,1,2,2,,,,2,1,3,,2,2,,1,1,1,1,2,2,,,,,1,2,2,1,,,2,2,,2,2,,,,,,,,1,2,2,1,,2,1,0,1,,,,,,,,,,,,,,2,2,1,1,,1,,2,1,2,,2,2,,2,2,2,,,,,,,,,,,,,2,2,2,2,2,2,2,2,,1,2,,,,,,,,,,,,,,
2024,Ghana,GHA,Sub-Saharan Africa (excluding high income),21563813,205502502,0.292104789,2,27,2,1,1,2,1,1,1,1,1,1,4,4,4,4,1,4,1,1,2,1,2,2,4,,1,2,2,2,,,,,,,,,,,1,2,2,1,1,1,2,,,,,,,,1,1,1,2,1,2,,2,2,,2,2,1,2,1,1,2,,,,2,1,2,1,1,1,2,2,2,,2,2,1,1,1,1,1,1,2,2,,,,,2,,,,,,,,,2,2,,,,,,,,2,,,,,,5,1,1,,,,,,,,,,,,,,1,,1,1,,1,,1,1,1,1,2,1,1,2,1,,1,1,1,,1,1,1,1,1,2,1,2,,,,,,,,,,1,2,,,,,,,,,,,,,,
2024,Ghana,GHA,Sub-Saharan Africa (excluding high income),21563813,205512418,0.292104789,2,30,2,5,1,1,0,1,1,1,1,1,1,2,4,1,1,4,1,1,2,,,,,,,,,,,,,,,,,,,2,1,1,1,1,1,2,,,,,,,,,2,2,2,,,,1,2,1,2,1,1,1,,2,2,2,,,,2,3,2,2,,,,2,1,3,,2,1,1,1,1,1,1,2,2,,,,,1,2,2,1,,,2,2,,1,2,2,2,1,,,,,1,2,1,,,1,1,1,1,,,,,,,,,,,,,,1,,1,1,,1,,1,1,1,1,2,2,,1,1,,1,1,1,,1,1,1,1,1,1,1,2,,,,,,,,,,1,2,,,,,,,,,,,,,,
2024,Ghana,GHA,Sub-Saharan Africa (excluding high income),21563813,205525762,0.83745926,1,27,2,4,2,2,0,1,1,1,1,1,4,4,4,4,0,4,1,1,2,,,,,,,,,,,,,,,,,,,1,3,3,3,1,2,2,,,,,,,,,2,1,2,3,1,2,,2,1,1,2,2,2,,2,2,2,,,1,2,1,4,2,,,,2,2,,4,2,2,,2,,1,1,2,2,,,,,2,,,,,,,,,2,2,,,,,,,,2,,,,,,4,0,1,,,,,,,,,,,,,,2,2,1,1,,2,,,1,1,1,2,2,,2,2,2,,,,,,,,,,,,,1,2,2,2,2,2,2,2,1,1,2,,,,,,,,,,,,,,
2024,Ghana,GHA,Sub-Saharan Africa (excluding high income),21563813,205583586,0.341442923,2,40,2,1,2,2,1,0,1,0,0,1,4,4,4,4,0,4,3,0,1,2,2,5,3,1,1,1,2,2,,,,,,,,,,,,,,,,,,2,2,2,2,2,2,2,1,,2,4,2,2,,2,2,,2,,2,,2,2,2,,,2,1,3,1,2,,,,2,2,,4,2,2,,2,,2,,2,2,,,,,2,,,,,,,,,2,2,,,,,,,,2,,,,,,3,0,1,,,,,,,,,,,,,,2,2,1,1,,1,,1,1,2,,2,2,,2,2,2,,,,,,,,,,,,,2,2,2,2,2,2,2,2,,1,2,,,,,,,,,,,,,,
2024,Ghana,GHA,Sub-Saharan Africa (excluding high income),21563813,205663074,1.511475156,2,55,2,1,1,1,0,1,1,1,1,1,4,4,4,4,0,4,1,1,2,,,,,,,,,,,,,,,,,,,3,5,5,5,1,2,2,,,,,,,,,2,1,2,1,1,2,,2,2,,2,2,1,,1,2,1,,,,1,2,4,2,,,,2,2,,4,2,2,,1,1,1,1,1,2,,,,,2,,,,,,,,,2,2,,,,,,,,2,,,,,,3,0,1,,,,,,,,,,,,,,2,2,1,1,,1,,1,2,2,,2,2,,1,2,2,,,,,,,,,,,,,8,9,8,9,2,9,9,1,8,1,3,,,,,,,,,,,,,,
2024,Ghana,GHA,Sub-Saharan Africa (excluding high income),21563813,205676774,0.292104789,2,31,3,5,1,2,1,1,1,1,1,1,1,4,4,4,1,1,1,1,1,1,1,2,1,,1,1,1,2,,,,,,,,,,,1,1,1,1,1,2,,,,,,,,,1,1,1,2,1,1,,1,1,1,2,1,2,2,2,2,2,,,,1,3,2,2,,,,1,1,3,,1,1,1,1,1,1,1,2,1,2,1,,,1,2,1,2,,,2,2,,2,2,,,,,,,,2,,,,,,3,1,1,,,,,,,,,,,,,,1,,1,1,,1,,1,1,1,1,2,1,1,2,1,,1,1,1,,1,2,1,1,1,1,1,1,,,,,,,,,,1,2,,,,,,,,,,,,,,
2024,Ghana,GHA,Sub-Saharan Africa (excluding high income),21563813,205706928,1.195715965,1,28,2,1,1,1,0,0,0,0,0,0,4,4,4,4,0,4,3,0,2,,,,,,,,,,,,,,,,,,,,,,,,,,,1,1,2,2,2,2,2,2,,2,,,,2,2,2,,2,,2,,2,2,2,,,2,2,1,1,2,,,,,,,,,,,2,,2,,2,2,,,,,2,,,,,,,,,2,2,,,,,,,,2,,,,,,2,0,2,1,2,1,1,2,2,2,1,2,,,,2,,,,,,,,,,,,,,,,2,2,,,,,,,,,,,,,,,,,,,,,,1,2,,,,,,,,,,,,,,
2024,Ghana,GHA,Sub-Saharan Africa (excluding high income),21563813,205952371,0.66034433,1,50,1,3,1,1,1,1,1,1,0,1,4,4,4,1,0,4,1,1,2,2,2,1,2,,1,2,2,2,,,,,,,,,,,3,4,1,2,2,2,,,,,,,,,1,2,1,1,3,2,,2,2,,2,2,2,2,2,2,2,,,2,1,2,2,2,,,,2,2,,4,2,2,,1,2,1,1,2,2,,,,,2,,,,,,,,,2,2,,,,,,,,1,2,1,,,2,2,0,1,,,,,,,,,,,,,,2,2,1,1,,2,,,2,2,,2,2,,2,2,2,,,,,,,,,,,,,1,2,2,1,2,2,2,1,4,1,2,,,,,,,,,,,,,,
2024,Ghana,GHA,Sub-Saharan Africa (excluding high income),21563813,206182002,2.302506395,1,68,1,1,1,1,0,1,1,1,1,1,4,4,4,2,0,2,2,1,2,,,,,,,,,,,,,,,,,,,1,1,3,3,1,2,2,,,,,,,,,2,1,2,3,3,2,,2,2,,2,2,1,,2,2,1,,,,2,2,4,2,,,,1,2,,4,2,2,,1,2,1,2,2,1,2,2,,1,2,,,,,,,,,2,2,,,,,,,,1,2,2,1,,2,2,0,2,1,2,2,2,2,2,2,1,2,,,,1,,,,,,,,,,,,,,,,2,2,,,,,,,,,,,,,,,,,,,,,,1,2,,,,,,,,,,,,,,
2024,Ghana,GHA,Sub-Saharan Africa (excluding high income),21563813,206458150,0.294409982,1,28,2,5,1,2,0,1,1,1,1,1,1,4,4,4,0,2,1,1,2,,,,,,,,,,,,,,,,,,,2,2,2,1,1,2,2,,,,,,,,,2,1,2,2,2,2,,2,1,1,2,1,2,,2,2,1,,,,2,2,2,2,,,,2,2,,4,2,2,,2,,1,1,2,1,2,2,,1,1,2,2,1,,,2,2,,2,2,,,,,,,,2,,,,,,4,1,1,,,,,,,,,,,,,,1,,1,1,,1,,1,1,1,1,2,1,2,1,1,,1,1,1,,1,1,1,1,1,1,2,2,,,,,,,,,,1,1,,,,,,,,,,,,,,
2024,Ghana,GHA,Sub-Saharan Africa (excluding high income),21563813,206685006,1.178514582,2,33,2,5,1,2,1,1,1,1,1,1,1,4,4,4,0,1,1,1,1,2,2,3,3,1,1,1,2,2,,,,,,,,,,,2,1,1,1,2,2,,,,,,,,,1,1,2,2,1,2,,2,1,1,2,1,2,,2,2,1,,,,1,2,2,2,,,,2,2,,4,2,2,,1,1,1,1,2,1,2,1,,,1,2,2,1,,,2,2,,2,2,,,,,,,,2,,,,,,4,1,1,,,,,,,,,,,,,,1,,1,1,,1,,1,3,1,1,2,2,,2,1,,1,1,1,,1,1,1,2,2,2,2,2,,,,,,,,,,1,1,,,,,,,,,,,,,,
2024,Ghana,GHA,Sub-Saharan Africa (excluding high income),21563813,206878664,3.213152681,1,55,1,1,2,1,0,0,0,0,1,1,4,4,4,2,0,2,2,0,2,,,,,,,,,,,,,,,,,,,,,,,,,,,,,,,,,,2,2,2,,,,1,2,2,,2,2,1,,1,2,1,,,,2,1,2,2,,,,2,2,,4,2,2,,1,2,1,2,1,1,2,2,,1,2,,,,,,,,,2,2,,,,,,,,1,2,2,1,,2,1,0,1,,,,,,,,,,,,,,2,2,2,4,1,2,,,2,2,,2,2,,2,2,2,,,,,,,,,,,,,1,2,2,1,2,2,2,1,8,2,,2,1,2,2,2,2,2,2,1,1,2,1,,
2024,Ghana,GHA,Sub-Saharan Africa (excluding high income),21563813,206927870,1.636687502,2,45,1,5,1,2,0,1,1,1,1,1,1,4,4,4,0,2,1,1,2,,,,,,,,,,,,,,,,,,,1,2,2,2,1,1,2,,,,,,,,,2,1,2,3,2,2,,2,1,1,2,1,1,,1,2,1,,,,2,2,2,2,,,,2,2,,4,2,2,,2,,1,1,1,1,2,2,,1,1,2,2,1,,,2,2,,2,2,,,,,,,,2,,,,,,3,1,1,,,,,,,,,,,,,,1,,1,1,,1,,1,2,2,,2,1,2,2,1,,1,1,1,,1,1,1,1,2,2,2,2,,,,,,,,,,1,2,,,,,,,,,,,,,,
2024,Ghana,GHA,Sub-Saharan Africa (excluding high income),21563813,207174353,0.896086428,1,32,2,2,1,1,0,1,1,1,1,1,4,4,4,4,1,1,1,1,2,,,,,,,,,,,,,,,,,,,1,2,1,1,1,2,2,,,,,,,,,2,1,1,1,1,2,,2,1,2,2,2,1,1,2,1,1,,,,2,1,4,2,,,,2,1,1,,2,2,,1,1,1,1,2,1,2,1,,,2,,,,,,,,,2,2,,,,,,,,2,,,,,,4,0,1,,,,,,,,,,,,,,2,2,1,1,,2,,,4,2,,2,2,,2,2,2,,,,,,,,,,,,,1,2,2,2,2,2,2,2,1,1,2,,,,,,,,,,,,,,
2024,Ghana,GHA,Sub-Saharan Africa (excluding high income),21563813,207339688,0.617021522,1,32,2,4,1,1,1,1,1,1,1,1,1,4,1,4,0,4,1,1,2,1,2,2,2,,1,1,2,3,,,,,,,,,,,1,1,1,1,2,2,,,,,,,,,2,1,2,2,2,2,,2,2,,1,1,2,,2,2,2,,,,2,1,3,2,,,,2,2,,1,2,2,,1,1,1,1,2,2,,,,,1,2,1,2,,,2,2,,2,1,1,2,,,2,2,,2,,,,,,4,1,1,,,,,,,,,,,,,,1,,1,1,,1,,1,1,2,,2,2,,2,1,,1,1,2,,2,2,1,1,1,2,8,2,,,,,,,,,,1,2,,,,,,,,,,,,,,
2024,Ghana,GHA,Sub-Saharan Africa (excluding high income),21563813,207522430,1.982504342,2,50,1,2,2,1,0,1,1,1,1,1,2,4,4,2,0,4,1,1,2,,,,,,,,,,,,,,,,,,,2,2,2,2,1,1,1,2,,,,,,,,2,1,2,2,1,1,,2,2,,2,2,1,,1,1,1,,,,2,2,1,2,,,,2,2,,4,2,2,,1,1,1,1,2,2,,,,,1,2,2,2,1,,,,,2,2,,,,,,,,1,2,2,1,,2,1,0,1,,,,,,,,,,,,,,2,1,1,2,,2,,,2,2,,2,2,,2,2,2,,,,,,,,,,,,,1,2,2,1,2,2,2,2,4,1,2,,,,,,,,,,,,,,
2024,Ghana,GHA,Sub-Saharan Africa (excluding high income),21563813,207558857,1.394605694,2,21,2,3,1,1,0,1,1,1,1,1,1,4,4,4,0,4,1,1,2,,,,,,,,,,,,,,,,,,,1,4,4,4,2,2,2,,,,,,,,,2,1,2,3,2,2,,2,2,,2,2,1,,2,2,2,,,,2,1,4,2,,,,2,2,,4,2,2,,1,1,1,1,2,2,,,,,1,2,2,1,,,2,1,,2,2,,,,,,,,2,,,,,,4,1,1,,,,,,,,,,,,,,1,,2,4,1,1,,1,4,1,1,2,2,,2,1,,2,1,2,,1,1,1,2,2,2,2,2,,,,,,,,,,1,2,,,,,,,,,,,,,,
2024,Ghana,GHA,Sub-Saharan Africa (excluding high income),21563813,207731917,0.668624912,2,26,2,5,1,1,1,1,1,1,1,1,1,4,4,4,0,4,1,1,2,2,2,3,3,1,1,1,1,2,,,,,,,,,,,3,3,3,1,1,2,,,,,,,,,1,1,2,3,2,2,,2,2,,2,2,1,,2,2,2,,,,1,3,1,2,,,,2,2,,4,1,2,,1,1,1,1,2,2,,,,,1,2,1,1,,,2,2,,2,2,,,,,,,,2,,,,,,2,1,1,,,,,,,,,,,,,,1,,1,1,,1,,1,4,1,1,2,2,,2,1,,1,1,1,,1,1,1,1,2,2,2,2,,,,,,,,,,1,2,,,,,,,,,,,,,,
2024,Ghana,GHA,Sub-Saharan Africa (excluding high income),21563813,207734703,2.546990186,1,72,1,2,1,1,0,1,1,1,0,1,4,2,4,1,0,2,1,1,2,,,,,,,,,,,,,,,,,,,1,1,2,4,1,2,2,,,,,,,,,2,1,1,1,2,2,,2,2,,2,2,2,2,2,2,2,,,2,2,2,4,2,,,,2,2,,4,2,2,,1,2,1,1,2,1,2,2,,1,2,,,,,,,,,1,2,2,2,1,,,,,1,2,1,,,2,3,0,1,,,,,,,,,,,,,,1,,1,1,,1,,1,1,2,,2,1,2,2,2,2,,,,,1,1,1,2,1,2,2,2,,,,,,,,,,1,2,,,,,,,,,,,,,,
2024,Ghana,GHA,Sub-Saharan Africa (excluding high income),21563813,207827029,1.638749535,2,15,1,4,2,2,0,0,0,0,0,0,4,4,4,4,0,4,3,0,2,,,,,,,,,,,,,,,,,,,,,,,,,,,2,2,2,2,2,2,2,2,,2,,,,2,2,2,,2,,2,,2,2,2,,,2,2,4,5,2,,,,,,,,,,,2,,2,,2,2,,,,,2,,,,,,,,,2,2,,,,,,,,2,,,,,,5,0,1,,,,,,,,,,,,,,2,2,2,2,,1,,1,4,2,,2,2,,2,2,2,,,,,,,,,,,,,1,1,2,2,2,2,2,2,1,2,,2,1,2,1,2,2,2,2,1,2,2,2,,
2024,Ghana,GHA,Sub-Saharan Africa (excluding high income),21563813,207882084,1.410042116,1,17,2,1,1,2,0,0,0,0,0,0,2,4,4,4,0,4,3,0,2,,,,,,,,,,,,,,,,,,,,,,,,,,,,,,,,,,2,2,2,,,,2,2,2,,2,2,2,,2,2,2,,,2,7,,4,2,,,,2,2,,4,2,2,,2,,2,,2,2,,,,,1,2,2,2,1,,,,,2,2,,,,,,,,2,,,,,,5,0,2,1,2,2,2,2,2,2,1,2,,,,1,,,,,,,,,,,,,,,,2,2,,,,,,,,,,,,,,,,,,,,,,1,2,,,,,,,,,,,,,,
2024,Ghana,GHA,Sub-Saharan Africa (excluding high income),21563813,207895912,0.313097685,1,22,2,4,2,2,1,1,1,1,1,1,4,1,4,4,0,4,1,1,1,1,2,3,3,1,2,1,1,2,,,,,,,,,,,1,2,2,1,1,1,1,,,,,,,,2,1,2,1,1,2,,2,1,1,2,1,2,,2,1,2,,,,4,2,2,2,,,,2,2,,4,2,2,,1,1,2,,2,2,,,,,2,,,,,,,,,1,2,2,2,2,1,2,2,,2,,,,,,3,1,1,,,,,,,,,,,,,,1,,1,1,,1,,1,1,2,,2,1,2,2,1,,1,1,3,,2,2,1,2,2,2,2,2,,,,,,,,,,1,2,,,,,,,,,,,,,,
2024,Ghana,GHA,Sub-Saharan Africa (excluding high income),21563813,208142557,1.084623854,2,100,2,5,1,1,1,1,1,1,1,1,1,4,4,4,1,1,1,1,1,1,2,2,2,,1,1,1,2,,,,,,,,,,,1,1,1,1,1,1,1,,,,,,,,1,1,2,2,1,1,,2,1,1,2,1,2,,2,2,2,,,,1,2,4,2,,,,1,1,2,,1,2,,1,1,1,1,1,1,2,1,,,1,1,1,2,,,2,2,,2,2,,,,,,,,2,,,,,,4,1,1,,,,,,,,,,,,,,1,,1,1,,1,,1,1,1,1,2,1,1,2,1,,1,1,1,,1,1,1,1,2,2,1,1,,,,,,,,,,1,2,,,,,,,,,,,,,,
2024,Ghana,GHA,Sub-Saharan Africa (excluding high income),21563813,208309821,0.347065767,2,29,3,5,1,2,1,1,1,1,1,1,1,1,4,4,1,1,1,1,1,1,1,2,2,,1,1,1,1,,,,,,,,,,,2,1,1,1,2,1,2,,,,,,,,1,2,2,2,1,1,,1,1,2,1,2,1,,2,1,2,1,1,,4,3,2,1,1,1,1,2,1,2,,1,1,3,1,1,1,2,1,1,1,1,,,1,1,1,1,,,2,2,,1,2,1,2,,,2,2,,2,,,,,,4,1,1,,,,,,,,,,,,,,1,,1,1,,1,,1,1,1,1,1,1,2,1,1,,2,1,2,,1,1,1,1,1,1,1,1,,,,,,,,,,1,2,,,,,,,,,,,,,,
2024,Ghana,GHA,Sub-Saharan Africa (excluding high income),21563813,208334844,0.668128681,1,28,2,4,1,1,1,1,1,1,0,1,4,4,4,4,0,4,1,1,2,2,2,2,3,,1,2,2,2,,,,,,,,,,,1,1,1,2,2,2,,,,,,,,,1,2,2,1,2,2,,2,2,,2,2,2,,2,2,2,,,2,1,3,4,2,,,,2,2,,4,2,2,,1,1,1,1,2,2,,,,,2,,,,,,,,,2,2,,,,,,,,2,,,,,,2,1,1,,,,,,,,,,,,,,1,,1,1,,1,,1,2,1,1,2,2,,2,1,,2,1,2,,1,1,1,2,2,2,2,2,,,,,,,,,,1,2,,,,,,,,,,,,,,
2024,Ghana,GHA,Sub-Saharan Africa (excluding high income),21563813,208486138,0.293750401,2,40,3,5,1,1,1,1,1,1,0,1,1,4,4,4,0,4,1,1,1,1,1,3,2,,1,1,1,2,,,,,,,,,,,3,2,2,2,2,2,,,,,,,,,1,2,2,2,2,2,,2,2,,2,2,2,,2,2,2,,,2,1,2,2,2,,,,2,2,,4,2,2,,1,1,1,1,2,2,,,,,1,2,1,2,,,1,2,,2,2,,,,,,,,2,,,,,,4,1,1,,,,,,,,,,,,,,1,,1,1,,1,,1,2,1,1,2,2,,2,1,,1,1,2,,1,1,1,1,1,2,1,2,,,,,,,,,,1,2,,,,,,,,,,,,,,
2024,Ghana,GHA,Sub-Saharan Africa (excluding high income),21563813,208503765,0.929737129,2,18,2,5,2,1,0,1,1,1,0,1,4,4,4,4,0,2,2,1,2,,,,,,,,,,,,,,,,,,,1,1,2,3,1,1,1,2,,,,,,,,2,1,2,1,2,2,,2,2,,2,2,2,,2,2,2,,,2,2,2,2,2,,,,2,2,,5,2,2,,1,2,1,2,2,1,2,2,,1,2,,,,,,,,,2,2,,,,,,,,2,,,,,,5,1,1,,,,,,,,,,,,,,2,2,2,1,,1,,1,1,2,,2,1,2,2,1,,1,1,3,,2,2,1,1,1,1,1,1,1,2,2,2,2,2,2,2,1,2,,2,2,2,1,2,1,2,2,1,2,2,2,,
2024,Ghana,GHA,Sub-Saharan Africa (excluding high income),21563813,208579912,1.646338647,1,38,2,2,1,1,1,1,1,1,1,1,3,4,4,2,0,4,1,1,1,1,1,2,2,,1,1,1,2,,,,,,,,,,,3,3,1,1,1,2,,,,,,,,,1,2,2,3,1,1,,1,2,,2,2,1,,2,2,1,,,,1,3,1,2,,,,2,2,,1,2,2,,1,1,1,1,2,2,,,,,1,2,2,2,2,2,,,,2,2,,,,,,,,1,2,2,1,,2,3,1,1,,,,,,,,,,,,,,1,,1,1,,1,,1,2,2,,2,2,,1,1,,1,1,2,,2,1,1,1,1,2,2,2,,,,,,,,,,1,3,,,,,,,,,,,,,,
2024,Ghana,GHA,Sub-Saharan Africa (excluding high income),21563813,208636550,1.792172856,1,30,2,2,1,1,0,1,1,1,1,1,4,4,4,4,0,2,1,1,2,,,,,,,,,,,,,,,,,,,1,3,3,3,2,2,2,,,,,,,,,2,2,2,,,,1,2,2,,2,2,1,,2,1,1,,,,2,1,4,2,,,,2,2,,4,2,2,,1,1,1,1,2,1,2,2,,1,2,,,,,,,,,2,2,,,,,,,,2,,,,,,4,0,1,,,,,,,,,,,,,,1,,1,2,,1,,1,4,2,,2,1,1,1,2,2,,,,,2,1,1,2,2,2,2,2,,,,,,,,,,1,2,,,,,,,,,,,,,,
2024,Ghana,GHA,Sub-Saharan Africa (excluding high income),21563813,208789025,0.292104789,2,35,3,5,1,1,1,1,1,1,0,1,1,4,4,4,0,4,1,1,2,1,2,2,1,,1,1,1,2,,,,,,,,,,,1,2,1,1,2,2,,,,,,,,,1,1,2,2,1,2,,2,2,,2,2,2,,2,2,2,,,2,1,1,3,2,,,,2,2,,1,2,2,,1,1,1,1,2,2,,,,,1,2,1,2,,,2,2,,2,2,,,,,,,,2,,,,,,4,1,1,,,,,,,,,,,,,,1,,1,1,,1,,1,1,2,,2,2,,2,1,,1,1,2,,2,2,2,1,1,2,2,2,,,,,,,,,,1,2,,,,,,,,,,,,,,
2024,Ghana,GHA,Sub-Saharan Africa (excluding high income),21563813,208860403,0.317371945,2,26,3,3,1,2,1,1,1,1,1,1,1,4,4,4,1,2,1,1,1,1,2,3,2,,1,1,1,2,,,,,,,,,,,2,1,1,1,2,2,,,,,,,,,1,1,2,3,1,1,,1,2,,1,2,2,,2,2,1,,,,1,3,1,2,,,,2,1,3,,2,2,,1,1,2,,2,1,2,2,,1,1,2,1,2,,,2,2,,2,2,,,,,,,,2,,,,,,4,1,1,,,,,,,,,,,,,,1,,1,1,,1,,1,4,1,1,2,1,2,1,1,,1,1,1,,1,1,1,1,1,2,2,2,,,,,,,,,,1,1,,,,,,,,,,,,,,
2024,Ghana,GHA,Sub-Saharan Africa (excluding high income),21563813,208872874,0.409687384,2,24,1,4,1,2,0,1,1,1,1,1,1,4,4,4,0,2,1,1,2,,,,,,,,,,,,,,,,,,,2,1,1,1,1,1,1,1,,,,,,,,2,1,2,1,1,2,,2,1,1,2,2,1,,2,2,1,,,,7,,2,2,,,,2,2,,4,2,2,,1,1,1,1,2,1,2,2,,1,1,2,2,1,,,2,2,,2,2,,,,,,,,2,,,,,,4,1,1,,,,,,,,,,,,,,1,,1,1,,1,,1,4,2,,2,1,2,2,1,,2,1,2,,1,1,1,2,2,2,2,2,,,,,,,,,,1,1,,,,,,,,,,,,,,
2024,Ghana,GHA,Sub-Saharan Africa (excluding high income),21563813,208986421,0.402959946,2,27,1,4,2,1,0,0,0,0,0,0,4,4,4,4,0,4,3,0,2,,,,,,,,,,,,,,,,,,,,,,,,,,,2,2,1,2,2,2,2,2,,2,,,,2,2,2,,2,,2,,2,2,2,,,2,2,1,2,2,,,,,,,,,,,2,,2,,2,2,,,,,2,,,,,,,,,2,2,,,,,,,,2,,,,,,2,0,1,,,,,,,,,,,,,,2,2,2,1,,2,,,2,2,,2,2,,2,2,2,,,,,,,,,,,,,2,2,2,2,2,2,2,2,,1,2,,,,,,,,,,,,,,
2024,Ghana,GHA,Sub-Saharan Africa (excluding high income),21563813,208992835,0.292104789,2,34,2,5,1,1,1,1,1,1,1,1,1,4,4,4,0,2,3,1,1,1,1,2,1,,1,1,1,1,,,,,,,,,,,2,1,1,1,1,1,1,,,,,,,,1,1,2,2,1,1,,1,2,,2,2,2,,2,2,2,1,1,,1,3,3,2,,,,2,2,,1,1,2,,2,,2,,2,1,2,2,,1,1,2,1,1,,,2,2,,2,2,,,,,,,,2,,,,,,6,1,1,,,,,,,,,,,,,,1,,1,1,,1,,1,4,1,1,2,2,,2,1,,1,1,1,,1,1,1,1,1,2,1,2,,,,,,,,,,1,2,,,,,,,,,,,,,,
2024,Ghana,GHA,Sub-Saharan Africa (excluding high income),21563813,208997447,0.334312456,2,25,2,4,2,1,0,1,1,1,1,1,2,4,4,4,0,4,1,1,2,,,,,,,,,,,,,,,,,,,1,3,3,3,2,2,2,,,,,,,,,2,1,2,3,2,2,,2,2,,2,2,1,,1,2,2,,,,2,1,1,2,,,,2,2,,4,1,2,,1,1,1,1,2,2,,,,,1,1,2,2,1,,,,,2,2,,,,,,,,2,,,,,,4,1,1,,,,,,,,,,,,,,1,,2,2,,1,,1,1,1,1,2,2,,2,1,,2,1,2,,1,1,1,2,1,2,2,2,,,,,,,,,,1,2,,,,,,,,,,,,,,
2024,Ghana,GHA,Sub-Saharan Africa (excluding high income),21563813,209077935,1.164504872,1,20,2,4,2,2,0,1,1,1,0,0,4,4,4,4,0,4,1,1,2,,,,,,,,,,,,,,,,,,,2,4,3,2,2,1,2,,,,,,,,,2,2,2,,,,2,2,2,,2,2,2,,2,2,2,,,2,2,1,1,2,,,,2,2,,4,2,2,,1,1,2,,2,2,,,,,2,,,,,,,,,2,2,,,,,,,,2,,,,,,5,1,1,,,,,,,,,,,,,,2,2,2,1,,1,,1,2,1,1,2,1,2,2,2,1,2,1,1,,1,2,1,1,1,2,2,2,1,1,2,2,2,2,2,2,1,1,2,,,,,,,,,,,,,,
2024,Ghana,GHA,Sub-Saharan Africa (excluding high income),21563813,209253027,0.766410563,1,18,2,5,2,1,0,1,1,1,0,0,4,4,4,4,0,4,1,1,2,,,,,,,,,,,,,,,,,,,1,1,3,1,2,2,2,,,,,,,,,2,2,2,,,,2,2,2,,2,2,2,,2,2,2,,,2,2,2,3,2,,,,2,2,,4,2,2,,2,,1,1,2,2,,,,,2,,,,,,,,,2,2,,,,,,,,2,,,,,,1,0,1,,,,,,,,,,,,,,2,2,1,1,,1,,1,1,2,,2,2,,2,2,2,,,,,,,,,,,,,1,2,2,2,2,2,2,2,1,1,2,,,,,,,,,,,,,,
2024,Ghana,GHA,Sub-Saharan Africa (excluding high income),21563813,209308462,0.455007132,2,29,2,4,1,2,1,1,1,1,1,1,4,4,4,4,1,1,1,1,1,1,2,2,2,,1,1,1,2,,,,,,,,,,,2,2,2,1,1,2,,,,,,,,,1,1,2,2,1,2,,2,2,,2,1,2,,2,2,2,,,,2,3,2,2,,,,2,1,2,,2,2,,1,1,1,1,2,1,2,1,,,2,,,,,,,,,2,2,,,,,,,,2,,,,,,6,1,1,,,,,,,,,,,,,,1,,1,1,,1,,1,2,1,1,2,1,2,1,1,,1,1,2,,1,1,1,1,1,2,2,2,,,,,,,,,,1,2,,,,,,,,,,,,,,
2024,Ghana,GHA,Sub-Saharan Africa (excluding high income),21563813,209370210,0.334312456,2,28,2,5,1,1,1,1,1,1,1,1,1,4,4,4,1,1,1,1,2,2,1,2,1,,1,1,1,2,,,,,,,,,,,1,1,1,1,1,1,1,,,,,,,,1,1,2,1,1,2,,2,2,,2,1,1,,2,2,2,,,,1,3,4,2,,,,2,1,1,,2,1,1,1,1,1,1,1,1,2,1,,,1,1,1,2,,,2,2,,2,2,,,,,,,,2,,,,,,1,1,1,,,,,,,,,,,,,,1,,1,1,,1,,1,1,1,1,2,1,1,2,1,,1,1,1,,1,1,1,1,2,2,1,2,,,,,,,,,,1,2,,,,,,,,,,,,,,
2024,Ghana,GHA,Sub-Saharan Africa (excluding high income),21563813,209417877,1.410909358,1,50,1,4,1,2,0,1,1,1,0,0,4,4,4,4,1,4,3,1,2,,,,,,,,,,,,,,,,,,,1,1,1,1,2,1,2,,,,,,,,,2,2,2,,,,2,2,2,,2,2,2,,2,2,2,,,2,7,,1,2,,,,2,1,2,,2,2,,2,,2,,2,2,,,,,2,,,,,,,,,2,2,,,,,,,,2,,,,,,5,1,1,,,,,,,,,,,,,,1,,1,2,,2,,,2,2,,2,1,2,2,2,1,3,1,3,,2,2,2,2,2,2,2,2,,,,,,,,,,1,2,,,,,,,,,,,,,,
2024,Ghana,GHA,Sub-Saharan Africa (excluding high income),21563813,209627340,0.858618759,2,24,2,2,1,1,1,1,1,1,1,1,4,4,4,4,1,2,3,1,2,2,2,1,3,,1,2,1,2,,,,,,,,,,,1,2,4,1,1,2,,,,,,,,,1,1,1,1,1,2,,2,1,1,2,1,1,1,1,1,2,,,,7,,5,2,,,,1,1,1,,2,2,,2,,2,,2,1,2,2,,1,2,,,,,,,,,2,2,,,,,,,,2,,,,,,2,1,1,,,,,,,,,,,,,,1,,1,1,,1,,1,2,2,,2,1,2,1,1,,1,1,1,,1,1,1,2,2,2,2,2,,,,,,,,,,1,3,,,,,,,,,,,,,,
2024,Ghana,GHA,Sub-Saharan Africa (excluding high income),21563813,209629737,0.306879196,1,20,2,1,1,1,0,1,1,1,1,1,4,4,4,2,1,4,1,1,2,,,,,,,,,,,,,,,,,,,2,1,1,3,1,1,1,2,,,,,,,,2,1,1,1,1,1,,2,2,,2,2,1,1,1,2,2,,,,3,2,3,2,,,,1,1,2,,1,2,,2,,1,1,2,2,,,,,2,,,,,,,,,2,2,,,,,,,,1,2,2,1,,2,5,1,1,,,,,,,,,,,,,,2,2,2,1,,1,,1,4,1,1,2,1,2,1,1,,2,1,2,,2,2,2,2,2,2,2,2,1,2,2,2,2,2,2,2,1,2,,2,2,1,2,1,2,1,1,1,2,1,1,,
2024,Ghana,GHA,Sub-Saharan Africa (excluding high income),21563813,209690606,0.541712348,2,30,2,3,1,1,0,1,1,1,0,1,4,4,4,4,0,4,1,1,2,,,,,,,,,,,,,,,,,,,1,2,3,3,1,2,2,,,,,,,,,2,1,2,2,2,2,,2,1,1,2,2,2,,2,2,2,,,2,1,3,4,2,,,,2,2,,4,2,2,,1,1,1,1,1,2,,,,,2,,,,,,,,,2,2,,,,,,,,2,,,,,,6,1,1,,,,,,,,,,,,,,1,,1,1,,1,,1,2,1,1,1,2,,2,1,,1,1,1,,1,1,1,2,2,2,2,2,,,,,,,,,,1,2,,,,,,,,,,,,,,
2024,Ghana,GHA,Sub-Saharan Africa (excluding high income),21563813,209759387,0.617021522,1,25,2,2,1,1,1,1,1,1,1,1,1,4,4,4,1,4,1,1,2,1,1,1,3,,1,1,1,1,,,,,,,,,,,1,1,1,1,1,2,,,,,,,,,1,1,1,1,2,2,,2,1,2,2,2,1,2,2,2,2,2,,,2,2,1,2,,,,2,2,,4,2,1,1,2,,1,1,1,2,,,,,1,2,1,1,,,2,2,,2,2,,,,,,,,2,,,,,,2,1,1,,,,,,,,,,,,,,1,,1,1,,1,,1,1,1,1,2,2,,1,1,,1,1,1,,1,1,1,1,1,1,1,1,,,,,,,,,,1,1,,,,,,,,,,,,,,
2024,Ghana,GHA,Sub-Saharan Africa (excluding high income),21563813,209832474,0.392239704,1,25,2,5,1,2,1,1,1,1,1,1,1,4,4,4,1,2,1,1,2,2,1,2,2,,2,1,2,2,,,,,,,,,,,2,3,1,1,1,1,2,,,,,,,,2,1,2,2,2,1,,1,1,1,2,1,2,,1,2,2,,,,6,1,5,2,,,,1,1,3,,2,1,1,1,1,1,1,1,1,2,2,,1,1,2,1,2,,,1,1,,2,2,,,,,,,,2,,,,,,4,1,1,,,,,,,,,,,,,,1,,1,1,,1,,1,4,2,,2,2,,2,1,,1,1,1,,1,1,1,1,1,2,1,2,,,,,,,,,,1,2,,,,,,,,,,,,,,
2024,Ghana,GHA,Sub-Saharan Africa (excluding high income),21563813,209839945,2.023061021,2,62,1,1,1,1,0,0,0,0,1,1,4,4,4,2,0,4,1,0,2,,,,,,,,,,,,,,,,,,,,,,,,,,,2,1,1,1,1,2,2,2,,2,,,,1,2,2,,2,,1,,1,2,1,,,,7,,1,2,,,,,,,,,,,2,,1,1,2,2,,,,,2,,,,,,,,,2,2,,,,,,,,1,2,2,1,,2,1,0,2,1,2,1,1,2,2,2,3,2,,,,2,,,,,,,,,,,,,,,,2,2,,,,,,,,,,,,,,,,,,,,,,1,2,,,,,,,,,,,,,,
2024,Ghana,GHA,Sub-Saharan Africa (excluding high income),21563813,210140074,0.694131534,2,27,2,5,1,2,1,1,1,1,1,1,4,4,4,1,0,4,1,1,1,2,1,1,3,,1,1,1,2,,,,,,,,,,,1,1,1,1,2,1,2,,,,,,,,1,1,1,1,1,2,,2,1,1,2,1,1,1,1,2,2,,,,1,3,3,2,,,,2,2,,1,1,2,,1,1,2,,2,2,,,,,2,,,,,,,,,2,2,,,,,,,,1,2,1,,,1,5,1,1,,,,,,,,,,,,,,1,,1,1,,1,,1,1,1,1,2,2,,2,1,,1,1,2,,1,1,1,1,1,1,1,1,,,,,,,,,,1,2,,,,,,,,,,,,,,
2024,Ghana,GHA,Sub-Saharan Africa (excluding high income),21563813,210156487,2.034463857,1,60,1,4,1,2,1,1,1,1,0,0,1,4,4,4,0,2,1,1,1,1,1,2,3,,1,2,1,2,,,,,,,,,,,3,3,3,1,1,2,,,,,,,,,2,2,2,,,,2,2,2,,2,2,2,,2,2,2,,,2,1,4,5,2,,,,2,2,,4,2,2,,1,1,1,1,2,1,2,2,,1,1,1,1,2,,,2,2,,2,2,,,,,,,,2,,,,,,3,0,1,,,,,,,,,,,,,,2,2,1,1,,1,,8,2,2,,2,2,,2,2,2,,,,,,,,,,,,,2,2,2,2,2,2,2,1,8,1,2,,,,,,,,,,,,,,
2024,Ghana,GHA,Sub-Saharan Africa (excluding high income),21563813,210181642,0.379332026,2,23,2,5,1,1,0,1,1,1,1,1,1,4,4,4,1,4,2,1,2,,,,,,,,,,,,,,,,,,,1,3,3,1,1,1,2,,,,,,,,,2,1,2,3,2,1,,2,2,,2,2,1,,2,2,2,,,,2,1,5,1,1,1,2,2,1,2,,2,1,1,1,2,2,,2,2,,,,,1,2,2,1,,,2,2,,2,2,,,,,,,,2,,,,,,5,1,1,,,,,,,,,,,,,,2,2,1,1,,1,,1,1,1,1,2,1,2,1,1,,3,1,2,,1,1,1,2,1,1,1,2,1,1,2,2,1,2,1,2,1,1,2,,,,,,,,,,,,,,
2024,Ghana,GHA,Sub-Saharan Africa (excluding high income),21563813,210187198,0.949083362,1,18,2,4,1,2,0,1,1,1,1,0,1,4,4,4,0,4,3,1,2,,,,,,,,,,,,,,,,,,,1,2,2,1,1,2,2,,,,,,,,,2,2,2,,,,2,2,2,,2,2,2,,2,2,2,,,1,2,3,3,2,,,,2,2,,4,2,2,,2,,2,,2,2,,,,,1,2,2,1,,,2,2,,2,2,,,,,,,,2,,,,,,5,1,1,,,,,,,,,,,,,,2,2,2,3,,1,,1,1,2,,1,2,,2,1,,2,1,2,,1,1,1,1,1,2,2,2,2,2,2,2,1,2,1,2,7,2,,1,2,2,2,2,1,2,1,1,2,2,2,,
2024,Ghana,GHA,Sub-Saharan Africa (excluding high income),21563813,210271582,0.892364999,2,39,2,1,1,2,0,1,1,1,1,1,4,4,4,1,0,4,1,1,2,,,,,,,,,,,,,,,,,,,1,1,1,2,2,2,2,,,,,,,,,2,2,1,,,,,2,1,1,2,1,1,1,2,2,2,,,,7,,4,2,,,,2,2,,4,2,2,,1,1,2,,2,2,,,,,2,,,,,,,,,2,2,,,,,,,,1,2,1,,,2,4,0,1,,,,,,,,,,,,,,2,2,1,1,,1,,1,1,2,,2,1,2,2,2,2,,,,,,,,,,,,,2,2,2,2,2,2,2,2,,1,2,,,,,,,,,,,,,,
2024,Ghana,GHA,Sub-Saharan Africa (excluding high income),21563813,210307049,0.590985449,1,39,2,4,1,2,0,1,1,1,0,1,3,4,4,4,0,4,1,1,2,,,,,,,,,,,,,,,,,,,1,3,3,2,2,2,2,,,,,,,,,2,2,1,,,,,2,2,,2,2,2,2,2,2,2,,,2,2,1,2,2,,,,2,2,,4,2,2,,2,,1,1,2,2,,,,,1,2,2,2,2,2,,,,2,2,,,,,,,,2,,,,,,4,1,1,,,,,,,,,,,,,,1,,1,1,,1,,1,2,1,1,2,2,,2,1,,1,1,2,,1,1,1,1,1,2,2,2,,,,,,,,,,1,2,,,,,,,,,,,,,,
2024,Ghana,GHA,Sub-Saharan Africa (excluding high income),21563813,210676044,0.668128681,1,29,1,2,1,1,1,1,1,1,0,1,2,4,4,4,0,4,1,1,2,2,2,3,3,1,1,1,2,2,,,,,,,,,,,3,3,3,2,2,2,,,,,,,,,1,2,2,3,2,2,,2,2,,2,2,2,,2,2,2,,,2,2,1,3,2,,,,2,2,,4,2,2,,1,1,1,1,2,2,,,,,1,2,2,2,1,,,,,2,2,,,,,,,,2,,,,,,4,1,1,,,,,,,,,,,,,,1,,1,1,,1,,1,2,1,1,2,2,,2,1,,1,1,1,,1,1,1,1,2,2,2,2,,,,,,,,,,1,2,,,,,,,,,,,,,,
2024,Ghana,GHA,Sub-Saharan Africa (excluding high income),21563813,210746036,0.42899076,1,19,2,2,1,1,1,1,1,1,1,1,1,4,4,4,0,4,3,1,2,1,1,1,2,,1,1,1,2,,,,,,,,,,,1,2,3,1,1,2,,,,,,,,,1,1,1,1,1,2,,1,1,1,2,2,1,2,1,2,2,,,,2,3,3,2,,,,1,2,,4,2,1,2,2,,2,,2,2,,,,,1,2,2,1,,,1,2,,2,2,,,,,,,,2,,,,,,5,1,1,,,,,,,,,,,,,,1,,1,1,,1,,1,1,1,1,2,1,2,2,1,,1,1,1,,1,1,1,1,1,1,1,1,,,,,,,,,,1,2,,,,,,,,,,,,,,
2024,Ghana,GHA,Sub-Saharan Africa (excluding high income),21563813,210842448,2.614679542,2,50,1,1,1,1,0,1,1,1,1,1,4,4,4,4,0,4,3,1,2,,,,,,,,,,,,,,,,,,,1,3,3,5,2,1,2,,,,,,,,,2,1,2,3,2,2,,3,2,,2,2,2,,1,2,1,,,2,3,2,4,2,,,,2,2,,3,2,2,,2,,2,,2,2,,,,,2,,,,,,,,,2,2,,,,,,,,2,,,,,,1,0,2,2,2,2,2,2,2,2,,2,,,,2,,,,,,,,,,,,,,,,2,2,,,,,,,,,,,,,,,,,,,,,,1,2,,,,,,,,,,,,,,
2024,Ghana,GHA,Sub-Saharan Africa (excluding high income),21563813,210973749,0.827365789,2,30,2,2,2,1,0,1,1,1,1,1,1,4,4,4,0,4,1,1,2,,,,,,,,,,,,,,,,,,,2,3,2,1,1,1,2,,,,,,,,,2,1,1,2,1,2,,2,1,1,2,1,1,2,2,2,1,,,,3,1,1,2,,,,2,2,,4,2,2,,1,1,1,1,2,2,,,,,1,2,2,1,,,2,2,,2,2,,,,,,,,2,,,,,,4,1,1,,,,,,,,,,,,,,1,,1,1,,1,,1,1,1,1,2,2,,2,1,,1,1,2,,1,1,1,1,1,2,2,2,,,,,,,,,,1,2,,,,,,,,,,,,,,
2024,Ghana,GHA,Sub-Saharan Africa (excluding high income),21563813,211052510,1.090383929,1,26,1,3,1,1,0,1,1,1,1,1,1,4,4,4,0,4,2,1,2,,,,,,,,,,,,,,,,,,,2,3,3,3,1,1,1,1,,,,,,,,2,1,2,3,1,2,,2,2,,2,1,1,,1,2,1,,,,5,2,3,2,,,,2,2,,4,2,2,,2,,1,2,2,2,,,,,1,2,2,1,,,1,2,,2,2,,,,,,,,2,,,,,,1,0,1,,,,,,,,,,,,,,2,2,2,1,,1,,1,4,2,,2,2,,2,2,2,,,,,,,,,,,,,1,2,2,2,2,2,2,2,1,1,1,,,,,,,,,,,,,,
